timestamp_h,heart_rate_bpm,map_mmhg
5.555555555555556e-06,72.0,95.9
1.1111111111111112e-05,72.0,95.9
1.6666666666666667e-05,72.0,95.9
2.2222222222222223e-05,72.0,95.9
2.777777777777778e-05,72.0,95.9
3.3333333333333335e-05,72.0,95.9
3.888888888888889e-05,72.0,95.9
4.4444444444444447e-05,72.0,95.9
4.9999999999999996e-05,72.0,95.9
5.555555555555556e-05,72.0,95.9
6.111111111111111e-05,72.0,95.9
6.666666666666667e-05,72.0,95.9
7.222222222222222e-05,72.0,95.9
7.777777777777778e-05,72.0,95.9
8.333333333333333e-05,72.0,95.9
8.888888888888889e-05,72.0,95.9
9.444444444444446e-05,72.0,95.9
9.999999999999999e-05,72.0,95.9
0.00010555555555555555,72.0,95.9
0.00011111111111111112,72.0,95.9
0.00011666666666666667,72.0,95.9
0.00012222222222222221,72.0,95.9
0.0001277777777777778,72.0,95.9
0.00013333333333333334,72.0,95.9
0.0001388888888888889,72.0,95.9
0.00014444444444444444,72.0,95.9
0.00015000000000000001,72.0,95.9
0.00015555555555555556,72.0,95.9
0.0001611111111111111,72.0,95.9
0.00016666666666666666,72.0,95.9
0.0001722222222222222,72.0,95.9
0.00017777777777777779,72.0,95.9
0.00018333333333333334,72.0,95.9
0.0001888888888888889,72.0,95.9
0.00019444444444444443,72.0,95.9
0.00019999999999999998,72.0,95.9
0.00020555555555555556,72.0,95.9
0.0002111111111111111,72.0,95.9
0.00021666666666666668,72.0,95.9
0.00022222222222222223,72.0,95.9
0.00022777777777777775,72.0,95.9
0.00023333333333333333,72.0,95.9
0.00023888888888888888,72.0,95.9
0.00024444444444444443,72.0,95.9
0.00025,72.0,95.9
0.0002555555555555556,72.0,95.9
0.0002611111111111111,72.0,95.9
0.0002666666666666667,72.0,95.9
0.0002722222222222222,72.0,95.9
0.0002777777777777778,72.0,95.9
0.00028333333333333335,72.0,95.9
0.0002888888888888889,72.0,95.9
0.00029444444444444445,72.0,95.9
0.00030000000000000003,72.0,95.9
0.0003055555555555556,72.0,95.9
0.0003111111111111111,72.0,95.9
0.00031666666666666665,72.0,95.9
0.0003222222222222222,72.0,95.9
0.00032777777777777775,72.0,95.9
0.0003333333333333333,72.0,95.9
0.0003388888888888889,72.0,95.9
0.0003444444444444444,72.0,95.9
0.00035,72.0,95.9
0.00035555555555555557,72.0,95.9
0.00036111111111111115,72.0,95.9
0.00036666666666666667,72.0,95.9
0.00037222222222222225,72.0,95.9
0.0003777777777777778,72.0,95.9
0.0003833333333333333,72.0,95.9
0.00038888888888888887,72.0,95.9
0.00039444444444444444,72.0,95.9
0.00039999999999999996,72.0,95.9
0.00040555555555555554,72.0,95.9
0.0004111111111111111,72.0,95.9
0.0004166666666666667,72.0,95.9
0.0004222222222222222,72.0,95.9
0.0004277777777777778,72.0,95.9
0.00043333333333333337,72.0,95.9
0.0004388888888888889,72.35,95.9
0.00044444444444444447,72.35,95.9
0.00045000000000000004,72.35,95.9
0.0004555555555555555,72.35,95.9
0.0004611111111111111,72.35,95.9
0.00046666666666666666,72.35,95.9
0.0004722222222222222,72.35,95.9
0.00047777777777777776,72.35,95.9
0.00048333333333333334,72.35,95.9
0.0004888888888888889,72.35,95.9
0.0004944444444444445,72.35,95.9
0.0005,72.35,95.9
0.0005055555555555555,72.35,95.9
0.0005111111111111112,72.35,95.9
0.0005166666666666667,72.35,95.9
0.0005222222222222222,72.35,95.9
0.0005277777777777777,72.35,95.9
0.0005333333333333334,72.35,95.9
0.0005388888888888889,72.35,95.9
0.0005444444444444444,72.35,95.9
0.00055,72.35,95.9
0.0005555555555555556,72.35,95.9
0.0005611111111111111,72.35,95.9
0.0005666666666666667,72.35,95.9
0.0005722222222222222,72.35,95.9
0.0005777777777777778,72.35,95.9
0.0005833333333333334,72.35,95.9
0.0005888888888888889,72.35,95.9
0.0005944444444444444,72.35,95.9
0.0006000000000000001,72.35,95.9
0.0006055555555555556,72.35,95.9
0.0006111111111111112,72.35,95.9
0.0006166666666666667,72.35,95.9
0.0006222222222222223,72.35,95.9
0.0006277777777777777,72.35,95.9
0.0006333333333333333,72.35,95.9
0.0006388888888888888,72.35,95.9
0.0006444444444444444,72.35,95.9
0.00065,72.35,95.9
0.0006555555555555555,72.35,95.9
0.0006611111111111111,72.35,95.9
0.0006666666666666666,72.35,95.9
0.0006722222222222222,72.38,95.9
0.0006777777777777778,72.38,95.9
0.0006833333333333333,72.38,95.9
0.0006888888888888888,72.38,95.9
0.0006944444444444445,72.38,95.9
0.0007,72.38,95.9
0.0007055555555555555,72.38,95.9
0.0007111111111111111,72.38,95.9
0.0007166666666666667,72.38,95.9
0.0007222222222222223,72.38,95.9
0.0007277777777777778,72.38,95.9
0.0007333333333333333,72.38,95.9
0.000738888888888889,72.38,95.9
0.0007444444444444445,72.38,95.9
0.00075,72.38,95.9
0.0007555555555555556,72.38,95.9
0.0007611111111111112,72.38,95.9
0.0007666666666666666,72.38,95.9
0.0007722222222222222,72.38,95.9
0.0007777777777777777,72.38,95.9
0.0007833333333333333,72.38,95.9
0.0007888888888888889,72.38,95.9
0.0007944444444444444,72.38,95.9
0.0007999999999999999,72.38,95.9
0.0008055555555555556,72.38,95.9
0.0008111111111111111,72.38,95.9
0.0008166666666666666,72.38,95.9
0.0008222222222222222,72.38,95.9
0.0008277777777777778,72.38,95.9
0.0008333333333333334,72.38,95.9
0.0008388888888888889,72.38,95.9
0.0008444444444444444,72.38,95.9
0.0008500000000000001,72.38,95.9
0.0008555555555555556,72.38,95.9
0.0008611111111111111,72.38,95.9
0.0008666666666666667,72.38,95.9
0.0008722222222222223,72.38,95.9
0.0008777777777777778,72.38,95.9
0.0008833333333333334,72.38,95.9
0.0008888888888888889,72.38,95.9
0.0008944444444444445,72.38,95.9
0.0009000000000000001,72.38,95.9
0.0009055555555555555,72.36,95.9
0.000911111111111111,72.36,95.9
0.0009166666666666666,72.36,95.9
0.0009222222222222222,72.36,95.9
0.0009277777777777777,72.36,95.9
0.0009333333333333333,72.36,95.9
0.0009388888888888888,72.36,95.9
0.0009444444444444444,72.36,95.9
0.00095,72.36,95.9
0.0009555555555555555,72.36,95.9
0.0009611111111111112,72.36,95.9
0.0009666666666666667,72.36,95.9
0.0009722222222222222,72.36,95.9
0.0009777777777777777,72.36,95.9
0.0009833333333333332,72.36,95.9
0.000988888888888889,72.36,95.9
0.0009944444444444445,72.36,95.9
0.001,72.36,95.9
0.0010055555555555555,72.36,95.9
0.001011111111111111,72.36,95.9
0.0010166666666666668,72.36,95.9
0.0010222222222222223,72.36,95.9
0.0010277777777777778,72.36,95.9
0.0010333333333333334,72.36,95.9
0.0010388888888888889,72.36,95.9
0.0010444444444444444,72.36,95.9
0.00105,72.36,95.9
0.0010555555555555555,72.36,95.9
0.001061111111111111,72.36,95.9
0.0010666666666666667,72.36,95.9
0.0010722222222222222,72.36,95.9
0.0010777777777777778,72.36,95.9
0.0010833333333333333,72.36,95.9
0.0010888888888888888,72.36,95.9
0.0010944444444444443,72.36,95.9
0.0011,72.36,95.9
0.0011055555555555556,72.36,95.9
0.0011111111111111111,72.36,95.9
0.0011166666666666666,72.36,95.9
0.0011222222222222222,72.36,95.9
0.0011277777777777777,72.36,95.9
0.0011333333333333334,72.36,95.9
0.0011388888888888887,72.33,95.9
0.0011444444444444445,72.33,95.9
0.00115,72.33,95.9
0.0011555555555555555,72.33,95.9
0.001161111111111111,72.33,95.9
0.0011666666666666668,72.33,95.9
0.001172222222222222,72.33,95.9
0.0011777777777777778,72.33,95.9
0.0011833333333333333,72.33,95.9
0.0011888888888888889,72.33,95.9
0.0011944444444444444,72.33,95.9
0.0012000000000000001,72.33,95.9
0.0012055555555555554,72.33,95.9
0.0012111111111111112,72.33,95.9
0.0012166666666666667,72.33,95.9
0.0012222222222222224,72.33,95.9
0.0012277777777777777,72.33,95.9
0.0012333333333333335,72.33,95.9
0.001238888888888889,72.33,95.9
0.0012444444444444445,72.33,95.9
0.00125,72.33,95.9
0.0012555555555555553,72.33,95.9
0.001261111111111111,72.33,95.9
0.0012666666666666666,72.33,95.9
0.0012722222222222223,72.33,95.9
0.0012777777777777776,72.33,95.9
0.0012833333333333334,72.33,95.9
0.001288888888888889,72.33,95.9
0.0012944444444444444,72.33,95.9
0.0013,72.33,95.9
0.0013055555555555557,72.33,95.9
0.001311111111111111,72.33,95.9
0.0013166666666666667,72.33,95.9
0.0013222222222222222,72.33,95.9
0.0013277777777777778,72.33,95.9
0.0013333333333333333,72.33,95.9
0.001338888888888889,72.33,95.9
0.0013444444444444443,72.33,95.9
0.00135,72.33,95.9
0.0013555555555555556,72.33,95.9
0.0013611111111111111,72.33,95.9
0.0013666666666666666,72.33,95.9
0.0013722222222222224,72.31,95.9
0.0013777777777777777,72.31,95.9
0.0013833333333333334,72.31,95.9
0.001388888888888889,72.31,95.9
0.0013944444444444442,72.31,95.9
0.0014,72.31,95.9
0.0014055555555555555,72.31,95.9
0.001411111111111111,72.31,95.9
0.0014166666666666666,72.31,95.9
0.0014222222222222223,72.31,95.9
0.0014277777777777776,72.31,95.9
0.0014333333333333333,72.31,95.9
0.0014388888888888889,72.31,95.9
0.0014444444444444446,72.31,95.9
0.00145,72.31,95.9
0.0014555555555555556,72.31,95.9
0.001461111111111111,72.31,95.9
0.0014666666666666667,72.31,95.9
0.0014722222222222222,72.31,95.9
0.001477777777777778,72.31,95.9
0.0014833333333333332,72.31,95.9
0.001488888888888889,72.31,95.9
0.0014944444444444445,72.31,95.9
0.0015,72.31,95.9
0.0015055555555555556,72.31,95.9
0.0015111111111111113,72.31,95.9
0.0015166666666666666,72.31,95.9
0.0015222222222222223,72.31,95.9
0.0015277777777777779,72.31,95.9
0.0015333333333333332,72.31,95.9
0.001538888888888889,72.31,95.9
0.0015444444444444444,72.31,95.9
0.00155,72.31,95.9
0.0015555555555555555,72.31,95.9
0.0015611111111111112,72.31,95.9
0.0015666666666666665,72.31,95.9
0.0015722222222222223,72.31,95.9
0.0015777777777777778,72.31,95.9
0.0015833333333333333,72.31,95.9
0.0015888888888888888,72.31,95.9
0.0015944444444444446,72.31,95.9
0.0015999999999999999,72.31,95.9
0.0016055555555555556,72.32,95.9
0.0016111111111111111,72.32,95.9
0.0016166666666666666,72.32,95.9
0.0016222222222222222,72.32,95.9
0.001627777777777778,72.32,95.9
0.0016333333333333332,72.32,95.9
0.001638888888888889,72.32,95.9
0.0016444444444444445,72.32,95.9
0.0016500000000000002,72.32,95.9
0.0016555555555555555,72.32,95.9
0.0016611111111111113,72.32,95.9
0.0016666666666666668,72.32,95.9
0.001672222222222222,72.32,95.9
0.0016777777777777778,72.32,95.9
0.0016833333333333331,72.32,95.9
0.0016888888888888889,72.32,95.9
0.0016944444444444444,72.32,95.9
0.0017000000000000001,72.32,95.9
0.0017055555555555554,72.32,95.9
0.0017111111111111112,72.32,95.9
0.0017166666666666667,72.32,95.9
0.0017222222222222222,72.32,95.9
0.0017277777777777777,72.32,95.9
0.0017333333333333335,72.32,95.9
0.0017388888888888888,72.32,95.9
0.0017444444444444445,72.32,95.9
0.00175,72.32,95.9
0.0017555555555555556,72.32,95.9
0.001761111111111111,72.32,95.9
0.0017666666666666668,72.32,95.9
0.0017722222222222221,72.32,95.9
0.0017777777777777779,72.32,95.9
0.0017833333333333334,72.32,95.9
0.001788888888888889,72.32,95.9
0.0017944444444444444,72.32,95.9
0.0018000000000000002,72.32,95.9
0.0018055555555555555,72.32,95.9
0.001811111111111111,72.32,95.9
0.0018166666666666667,72.32,95.9
0.001822222222222222,72.32,95.9
0.0018277777777777778,72.32,95.9
0.0018333333333333333,72.32,95.9
0.0018388888888888888,72.34,95.9
0.0018444444444444443,72.34,95.9
0.00185,72.34,95.9
0.0018555555555555554,72.34,95.9
0.0018611111111111111,72.34,95.9
0.0018666666666666666,72.34,95.9
0.0018722222222222224,72.34,95.9
0.0018777777777777777,72.34,95.9
0.0018833333333333334,72.34,95.9
0.0018888888888888887,72.34,95.9
0.0018944444444444445,72.34,95.9
0.0019,72.34,95.9
0.0019055555555555557,72.34,95.9
0.001911111111111111,72.34,95.9
0.0019166666666666668,72.34,95.9
0.0019222222222222223,72.34,95.9
0.0019277777777777778,72.34,95.9
0.0019333333333333333,72.34,95.9
0.001938888888888889,72.34,95.9
0.0019444444444444444,72.34,95.9
0.00195,72.34,95.9
0.0019555555555555554,72.34,95.9
0.001961111111111111,72.34,95.9
0.0019666666666666665,72.34,95.9
0.001972222222222222,72.34,95.9
0.001977777777777778,72.34,95.9
0.001983333333333333,72.34,95.9
0.001988888888888889,72.34,95.9
0.0019944444444444445,72.34,95.9
0.002,72.34,95.9
0.0020055555555555556,72.34,95.9
0.002011111111111111,72.34,95.9
0.0020166666666666666,72.34,95.9
0.002022222222222222,72.34,95.9
0.0020277777777777777,72.34,95.9
0.0020333333333333336,72.34,95.9
0.0020388888888888887,72.34,95.9
0.0020444444444444447,72.34,95.9
0.00205,72.34,95.9
0.0020555555555555557,72.34,95.9
0.002061111111111111,72.34,95.9
0.0020666666666666667,72.34,95.9
0.0020722222222222223,72.31,95.9
0.0020777777777777778,72.31,95.9
0.0020833333333333333,72.31,95.9
0.002088888888888889,72.31,95.9
0.0020944444444444443,72.31,95.9
0.0021,72.31,95.9
0.0021055555555555554,72.31,95.9
0.002111111111111111,72.31,95.9
0.002116666666666667,72.31,95.9
0.002122222222222222,72.31,95.9
0.002127777777777778,72.31,95.9
0.0021333333333333334,72.31,95.9
0.002138888888888889,72.31,95.9
0.0021444444444444445,72.31,95.9
0.00215,72.31,95.9
0.0021555555555555555,72.31,95.9
0.002161111111111111,72.31,95.9
0.0021666666666666666,72.31,95.9
0.002172222222222222,72.31,95.9
0.0021777777777777776,72.31,95.9
0.0021833333333333336,72.31,95.9
0.0021888888888888887,72.31,95.9
0.0021944444444444446,72.31,95.9
0.0022,72.31,95.9
0.0022055555555555557,72.31,95.9
0.002211111111111111,72.31,95.9
0.0022166666666666667,72.31,95.9
0.0022222222222222222,72.31,95.9
0.0022277777777777777,72.31,95.9
0.0022333333333333333,72.31,95.9
0.0022388888888888892,72.31,95.9
0.0022444444444444443,72.31,95.9
0.00225,72.31,95.9
0.0022555555555555554,72.31,95.9
0.0022611111111111113,72.31,95.9
0.002266666666666667,72.31,95.9
0.0022722222222222224,72.31,95.9
0.0022777777777777774,72.31,95.9
0.0022833333333333334,72.31,95.9
0.002288888888888889,72.31,95.9
0.0022944444444444444,72.31,95.9
0.0023,72.31,95.9
0.002305555555555556,72.28,95.9
0.002311111111111111,72.28,95.9
0.0023166666666666665,72.28,95.9
0.002322222222222222,72.28,95.9
0.002327777777777778,72.28,95.9
0.0023333333333333335,72.28,95.9
0.002338888888888889,72.28,95.9
0.002344444444444444,72.28,95.9
0.00235,72.28,95.9
0.0023555555555555556,72.28,95.9
0.002361111111111111,72.28,95.9
0.0023666666666666667,72.28,95.9
0.002372222222222222,72.28,95.9
0.0023777777777777777,72.28,95.9
0.0023833333333333332,72.28,95.9
0.0023888888888888887,72.28,95.9
0.0023944444444444443,72.28,95.9
0.0024000000000000002,72.28,95.9
0.0024055555555555557,72.28,95.9
0.002411111111111111,72.28,95.9
0.0024166666666666664,72.28,95.9
0.0024222222222222223,72.28,95.9
0.002427777777777778,72.28,95.9
0.0024333333333333334,72.28,95.9
0.002438888888888889,72.28,95.9
0.002444444444444445,72.28,95.9
0.00245,72.28,95.9
0.0024555555555555554,72.28,95.9
0.002461111111111111,72.28,95.9
0.002466666666666667,72.28,95.9
0.0024722222222222224,72.28,95.9
0.002477777777777778,72.28,95.9
0.002483333333333333,72.28,95.9
0.002488888888888889,72.28,95.9
0.0024944444444444445,72.28,95.9
0.0025,72.28,95.9
0.0025055555555555556,72.28,95.9
0.0025111111111111107,72.28,95.9
0.0025166666666666666,72.28,95.9
0.002522222222222222,72.28,95.9
0.0025277777777777777,72.28,95.9
0.002533333333333333,72.28,95.9
0.002538888888888889,72.26,96.0
0.0025444444444444447,72.26,96.0
0.0025499999999999997,72.26,96.0
0.0025555555555555553,72.26,96.0
0.0025611111111111112,72.26,96.0
0.0025666666666666667,72.26,96.0
0.0025722222222222223,72.26,96.0
0.002577777777777778,72.26,96.0
0.0025833333333333333,72.26,96.0
0.002588888888888889,72.26,96.0
0.0025944444444444444,72.26,96.0
0.0026,72.26,96.0
0.002605555555555556,72.26,96.0
0.0026111111111111114,72.26,96.0
0.0026166666666666664,72.26,96.0
0.002622222222222222,72.26,96.0
0.002627777777777778,72.26,96.0
0.0026333333333333334,72.26,96.0
0.002638888888888889,72.26,96.0
0.0026444444444444445,72.26,96.0
0.0026499999999999996,72.26,96.0
0.0026555555555555555,72.26,96.0
0.002661111111111111,72.26,96.0
0.0026666666666666666,72.26,96.0
0.002672222222222222,72.26,96.0
0.002677777777777778,72.26,96.0
0.0026833333333333336,72.26,96.0
0.0026888888888888887,72.26,96.0
0.002694444444444444,72.26,96.0
0.0027,72.26,96.0
0.0027055555555555557,72.26,96.0
0.002711111111111111,72.26,96.0
0.0027166666666666663,72.26,96.0
0.0027222222222222222,72.26,96.0
0.0027277777777777778,72.26,96.0
0.0027333333333333333,72.26,96.0
0.002738888888888889,72.26,96.0
0.0027444444444444448,72.26,96.0
0.0027500000000000003,72.26,96.0
0.0027555555555555554,72.26,96.0
0.002761111111111111,72.26,96.0
0.002766666666666667,72.26,96.0
0.0027722222222222224,72.28,96.0
0.002777777777777778,72.28,96.0
0.0027833333333333334,72.28,96.0
0.0027888888888888885,72.28,96.0
0.0027944444444444444,72.28,96.0
0.0028,72.28,96.0
0.0028055555555555555,72.28,96.0
0.002811111111111111,72.28,96.0
0.002816666666666667,72.28,96.0
0.002822222222222222,72.28,96.0
0.0028277777777777776,72.28,96.0
0.002833333333333333,72.28,96.0
0.002838888888888889,72.28,96.0
0.0028444444444444446,72.28,96.0
0.00285,72.28,96.0
0.002855555555555555,72.28,96.0
0.002861111111111111,72.28,96.0
0.0028666666666666667,72.28,96.0
0.002872222222222222,72.28,96.0
0.0028777777777777777,72.28,96.0
0.0028833333333333337,72.28,96.0
0.002888888888888889,72.28,96.0
0.0028944444444444443,72.28,96.0
0.0029,72.28,96.0
0.0029055555555555558,72.28,96.0
0.0029111111111111113,72.28,96.0
0.002916666666666667,72.28,96.0
0.002922222222222222,72.28,96.0
0.0029277777777777774,72.28,96.0
0.0029333333333333334,72.28,96.0
0.002938888888888889,72.28,96.0
0.0029444444444444444,72.28,96.0
0.00295,72.28,96.0
0.002955555555555556,72.28,96.0
0.002961111111111111,72.28,96.0
0.0029666666666666665,72.28,96.0
0.002972222222222222,72.28,96.0
0.002977777777777778,72.28,96.0
0.0029833333333333335,72.28,96.0
0.002988888888888889,72.28,96.0
0.002994444444444444,72.28,96.0
0.003,72.28,96.0
0.0030055555555555556,72.29,96.0
0.003011111111111111,72.29,96.0
0.0030166666666666666,72.29,96.0
0.0030222222222222226,72.29,96.0
0.0030277777777777777,72.29,96.0
0.003033333333333333,72.29,96.0
0.0030388888888888887,72.29,96.0
0.0030444444444444447,72.29,96.0
0.00305,72.29,96.0
0.0030555555555555557,72.29,96.0
0.003061111111111111,72.29,96.0
0.0030666666666666663,72.29,96.0
0.0030722222222222223,72.29,96.0
0.003077777777777778,72.29,96.0
0.0030833333333333333,72.29,96.0
0.003088888888888889,72.29,96.0
0.003094444444444445,72.29,96.0
0.0031,72.29,96.0
0.0031055555555555554,72.29,96.0
0.003111111111111111,72.29,96.0
0.003116666666666667,72.29,96.0
0.0031222222222222224,72.29,96.0
0.003127777777777778,72.29,96.0
0.003133333333333333,72.29,96.0
0.003138888888888889,72.29,96.0
0.0031444444444444445,72.29,96.0
0.00315,72.29,96.0
0.0031555555555555555,72.29,96.0
0.0031611111111111115,72.29,96.0
0.0031666666666666666,72.29,96.0
0.003172222222222222,72.29,96.0
0.0031777777777777776,72.29,96.0
0.0031833333333333336,72.29,96.0
0.003188888888888889,72.29,96.0
0.0031944444444444446,72.29,96.0
0.0031999999999999997,72.29,96.0
0.0032055555555555552,72.29,96.0
0.003211111111111111,72.29,96.0
0.0032166666666666667,72.29,96.0
0.0032222222222222222,72.29,96.0
0.0032277777777777778,72.29,96.0
0.0032333333333333333,72.29,96.0
0.003238888888888889,72.26,96.0
0.0032444444444444443,72.26,96.0
0.00325,72.26,96.0
0.003255555555555556,72.26,96.0
0.0032611111111111113,72.26,96.0
0.0032666666666666664,72.26,96.0
0.003272222222222222,72.26,96.0
0.003277777777777778,72.26,96.0
0.0032833333333333334,72.26,96.0
0.003288888888888889,72.26,96.0
0.0032944444444444445,72.26,96.0
0.0033000000000000004,72.26,96.0
0.0033055555555555555,72.26,96.0
0.003311111111111111,72.26,96.0
0.0033166666666666665,72.26,96.0
0.0033222222222222225,72.26,96.0
0.003327777777777778,72.26,96.0
0.0033333333333333335,72.26,96.0
0.0033388888888888886,72.26,96.0
0.003344444444444444,72.26,96.0
0.00335,72.26,96.0
0.0033555555555555556,72.26,96.0
0.003361111111111111,72.26,96.0
0.0033666666666666662,72.26,96.0
0.003372222222222222,72.26,96.0
0.0033777777777777777,72.26,96.0
0.0033833333333333332,72.26,96.0
0.0033888888888888888,72.26,96.0
0.0033944444444444447,72.26,96.0
0.0034000000000000002,72.26,96.0
0.0034055555555555553,72.26,96.0
0.003411111111111111,72.26,96.0
0.003416666666666667,72.26,96.0
0.0034222222222222223,72.26,96.0
0.003427777777777778,72.26,96.0
0.0034333333333333334,72.26,96.0
0.003438888888888889,72.26,96.0
0.0034444444444444444,72.26,96.0
0.00345,72.26,96.0
0.0034555555555555555,72.26,96.0
0.0034611111111111114,72.26,96.0
0.003466666666666667,72.26,96.0
0.003472222222222222,72.24,96.0
0.0034777777777777776,72.24,96.0
0.003483333333333333,72.24,96.0
0.003488888888888889,72.24,96.0
0.0034944444444444446,72.24,96.0
0.0035,72.24,96.0
0.003505555555555555,72.24,96.0
0.003511111111111111,72.24,96.0
0.0035166666666666666,72.24,96.0
0.003522222222222222,72.24,96.0
0.0035277777777777777,72.24,96.0
0.0035333333333333336,72.24,96.0
0.003538888888888889,72.24,96.0
0.0035444444444444442,72.24,96.0
0.0035499999999999998,72.24,96.0
0.0035555555555555557,72.24,96.0
0.0035611111111111112,72.24,96.0
0.0035666666666666668,72.24,96.0
0.003572222222222222,72.24,96.0
0.003577777777777778,72.24,96.0
0.0035833333333333333,72.24,96.0
0.003588888888888889,72.24,96.0
0.0035944444444444444,72.24,96.0
0.0036000000000000003,72.24,96.0
0.003605555555555556,72.24,96.0
0.003611111111111111,72.24,96.0
0.0036166666666666665,72.24,96.0
0.003622222222222222,72.24,96.0
0.003627777777777778,72.24,96.0
0.0036333333333333335,72.24,96.0
0.003638888888888889,72.24,96.0
0.003644444444444444,72.24,96.0
0.00365,72.24,96.0
0.0036555555555555556,72.24,96.0
0.003661111111111111,72.24,96.0
0.0036666666666666666,72.24,96.0
0.0036722222222222226,72.24,96.0
0.0036777777777777776,72.24,96.0
0.003683333333333333,72.24,96.0
0.0036888888888888887,72.24,96.0
0.0036944444444444446,72.24,96.0
0.0037,72.24,96.0
0.0037055555555555557,72.25,96.0
0.0037111111111111108,72.25,96.0
0.0037166666666666667,72.25,96.0
0.0037222222222222223,72.25,96.0
0.0037277777777777778,72.25,96.0
0.0037333333333333333,72.25,96.0
0.0037388888888888893,72.25,96.0
0.0037444444444444448,72.25,96.0
0.00375,72.25,96.0
0.0037555555555555554,72.25,96.0
0.003761111111111111,72.25,96.0
0.003766666666666667,72.25,96.0
0.0037722222222222224,72.25,96.0
0.0037777777777777775,72.25,96.0
0.003783333333333333,72.25,96.0
0.003788888888888889,72.25,96.0
0.0037944444444444445,72.25,96.0
0.0038,72.25,96.0
0.0038055555555555555,72.25,96.0
0.0038111111111111115,72.25,96.0
0.0038166666666666666,72.25,96.0
0.003822222222222222,72.25,96.0
0.0038277777777777776,72.25,96.0
0.0038333333333333336,72.25,96.0
0.003838888888888889,72.25,96.0
0.0038444444444444446,72.25,96.0
0.0038499999999999997,72.25,96.0
0.0038555555555555556,72.25,96.0
0.003861111111111111,72.25,96.0
0.0038666666666666667,72.25,96.0
0.003872222222222222,72.25,96.0
0.003877777777777778,72.25,96.0
0.0038833333333333333,72.25,96.0
0.0038888888888888888,72.25,96.0
0.0038944444444444443,72.25,96.0
0.0039,72.25,96.0
0.0039055555555555558,72.25,96.0
0.003911111111111111,72.25,96.0
0.003916666666666666,72.25,96.0
0.003922222222222222,72.25,96.0
0.003927777777777778,72.25,96.0
0.003933333333333333,72.25,96.0
0.0039388888888888885,72.28,96.0
0.003944444444444444,72.28,96.0
0.00395,72.28,96.0
0.003955555555555556,72.28,96.0
0.003961111111111111,72.28,96.0
0.003966666666666666,72.28,96.0
0.0039722222222222225,72.28,96.0
0.003977777777777778,72.28,96.0
0.0039833333333333335,72.28,96.0
0.003988888888888889,72.28,96.0
0.0039944444444444446,72.28,96.0
0.004,72.28,96.0
0.004005555555555556,72.28,96.0
0.004011111111111111,72.28,96.0
0.004016666666666667,72.28,96.0
0.004022222222222222,72.28,96.0
0.004027777777777778,72.28,96.0
0.004033333333333333,72.28,96.0
0.004038888888888889,72.28,96.0
0.004044444444444444,72.28,96.0
0.00405,72.28,96.0
0.004055555555555555,72.28,96.0
0.004061111111111111,72.28,96.0
0.004066666666666667,72.28,96.0
0.004072222222222222,72.28,96.0
0.004077777777777777,72.28,96.0
0.004083333333333333,72.28,96.0
0.004088888888888889,72.28,96.0
0.004094444444444445,72.28,96.0
0.0041,72.28,96.0
0.004105555555555555,72.28,96.0
0.004111111111111111,72.28,96.0
0.004116666666666667,72.28,96.0
0.004122222222222222,72.28,96.0
0.004127777777777778,72.28,96.0
0.0041333333333333335,72.28,96.0
0.004138888888888889,72.28,96.0
0.0041444444444444445,72.28,96.0
0.00415,72.28,96.0
0.0041555555555555556,72.28,96.0
0.004161111111111111,72.28,96.0
0.004166666666666667,72.28,96.0
0.004172222222222222,72.27,96.0
0.004177777777777778,72.27,96.0
0.004183333333333333,72.27,96.0
0.004188888888888889,72.27,96.0
0.004194444444444444,72.27,96.0
0.0042,72.27,96.0
0.004205555555555556,72.27,96.0
0.004211111111111111,72.27,96.0
0.004216666666666666,72.27,96.0
0.004222222222222222,72.27,96.0
0.004227777777777778,72.27,96.0
0.004233333333333334,72.27,96.0
0.004238888888888889,72.27,96.0
0.004244444444444444,72.27,96.0
0.00425,72.27,96.0
0.004255555555555556,72.27,96.0
0.004261111111111111,72.27,96.0
0.004266666666666667,72.27,96.0
0.004272222222222222,72.27,96.0
0.004277777777777778,72.27,96.0
0.0042833333333333334,72.27,96.0
0.004288888888888889,72.27,96.0
0.0042944444444444445,72.27,96.0
0.0043,72.27,96.0
0.0043055555555555555,72.27,96.0
0.004311111111111111,72.27,96.0
0.004316666666666667,72.27,96.0
0.004322222222222222,72.27,96.0
0.004327777777777778,72.27,96.0
0.004333333333333333,72.27,96.0
0.004338888888888889,72.27,96.0
0.004344444444444444,72.27,96.0
0.00435,72.27,96.0
0.004355555555555555,72.27,96.0
0.004361111111111111,72.27,96.0
0.004366666666666667,72.27,96.0
0.004372222222222223,72.27,96.0
0.004377777777777777,72.27,96.0
0.004383333333333333,72.27,96.0
0.004388888888888889,72.27,96.0
0.004394444444444445,72.27,96.0
0.0044,72.27,96.0
0.004405555555555556,72.24,96.0
0.004411111111111111,72.24,96.0
0.004416666666666667,72.24,96.0
0.004422222222222222,72.24,96.0
0.004427777777777778,72.24,96.0
0.004433333333333333,72.24,96.0
0.004438888888888889,72.24,96.0
0.0044444444444444444,72.24,96.0
0.00445,72.24,96.0
0.0044555555555555555,72.24,96.0
0.004461111111111111,72.24,96.0
0.0044666666666666665,72.24,96.0
0.004472222222222223,72.24,96.0
0.0044777777777777784,72.24,96.0
0.004483333333333333,72.24,96.0
0.004488888888888889,72.24,96.0
0.004494444444444444,72.24,96.0
0.0045,72.24,96.0
0.004505555555555555,72.24,96.0
0.004511111111111111,72.24,96.0
0.004516666666666667,72.24,96.0
0.004522222222222223,72.24,96.0
0.004527777777777778,72.24,96.0
0.004533333333333334,72.24,96.0
0.004538888888888889,72.24,96.0
0.004544444444444445,72.24,96.0
0.004549999999999999,72.24,96.0
0.004555555555555555,72.24,96.0
0.004561111111111111,72.24,96.0
0.004566666666666667,72.24,96.0
0.004572222222222222,72.24,96.0
0.004577777777777778,72.24,96.0
0.004583333333333333,72.24,96.0
0.004588888888888889,72.24,96.0
0.004594444444444444,72.24,96.0
0.0046,72.24,96.0
0.0046055555555555554,72.24,96.0
0.004611111111111112,72.24,96.0
0.004616666666666667,72.24,96.0
0.004622222222222222,72.24,96.0
0.0046277777777777775,72.24,96.0
0.004633333333333333,72.24,96.0
0.004638888888888889,72.24,96.0
0.004644444444444444,72.24,96.0
0.00465,72.24,96.0
0.004655555555555556,72.24,96.0
0.0046611111111111115,72.24,96.0
0.004666666666666667,72.24,96.0
0.004672222222222223,72.24,96.0
0.004677777777777778,72.24,96.0
0.004683333333333333,72.24,96.0
0.004688888888888888,72.24,96.0
0.004694444444444444,72.24,96.0
0.0047,72.24,96.0
0.004705555555555556,72.24,96.0
0.004711111111111111,72.24,96.0
0.004716666666666667,72.24,96.0
0.004722222222222222,72.24,96.0
0.004727777777777778,72.24,96.0
0.004733333333333333,72.24,96.0
0.004738888888888889,72.24,96.0
0.004744444444444444,72.24,96.0
0.004750000000000001,72.24,96.0
0.004755555555555555,72.24,96.0
0.004761111111111111,72.24,96.0
0.0047666666666666664,72.24,96.0
0.004772222222222222,72.24,96.0
0.0047777777777777775,72.24,96.0
0.004783333333333333,72.24,96.0
0.0047888888888888885,72.24,96.0
0.004794444444444445,72.24,96.0
0.0048000000000000004,72.24,96.0
0.004805555555555556,72.24,96.0
0.0048111111111111115,72.24,96.0
0.004816666666666667,72.24,96.0
0.004822222222222222,72.24,96.0
0.004827777777777777,72.24,96.0
0.004833333333333333,72.24,96.0
0.004838888888888889,72.24,96.0
0.004844444444444445,72.24,96.0
0.00485,72.24,96.0
0.004855555555555556,72.24,96.0
0.004861111111111111,72.24,96.0
0.004866666666666667,72.24,96.0
0.004872222222222222,72.27,96.0
0.004877777777777778,72.27,96.0
0.004883333333333333,72.27,96.0
0.00488888888888889,72.27,96.0
0.004894444444444444,72.27,96.0
0.0049,72.27,96.0
0.004905555555555555,72.27,96.0
0.004911111111111111,72.27,96.0
0.004916666666666666,72.27,96.0
0.004922222222222222,72.27,96.0
0.0049277777777777775,72.27,96.0
0.004933333333333334,72.27,96.0
0.004938888888888889,72.27,96.0
0.004944444444444445,72.27,96.0
0.00495,72.27,96.0
0.004955555555555556,72.27,96.0
0.004961111111111111,72.27,96.0
0.004966666666666666,72.27,96.0
0.004972222222222222,72.27,96.0
0.004977777777777778,72.27,96.0
0.0049833333333333335,72.27,96.0
0.004988888888888889,72.27,96.0
0.004994444444444445,72.27,96.0
0.005,72.27,96.0
0.005005555555555556,72.27,96.0
0.005011111111111111,72.27,96.0
0.005016666666666667,72.27,96.0
0.005022222222222221,72.27,96.0
0.005027777777777779,72.27,96.0
0.005033333333333333,72.27,96.0
0.005038888888888889,72.27,96.0
0.005044444444444444,72.27,96.0
0.00505,72.27,96.0
0.005055555555555555,72.27,96.0
0.005061111111111111,72.27,96.0
0.005066666666666666,72.27,96.0
0.005072222222222223,72.27,96.0
0.005077777777777778,72.27,96.0
0.005083333333333334,72.27,96.0
0.005088888888888889,72.27,96.0
0.005094444444444444,72.27,96.0
0.0050999999999999995,72.27,96.0
0.005105555555555555,72.28,96.0
0.0051111111111111105,72.28,96.0
0.005116666666666667,72.28,96.0
0.0051222222222222225,72.28,96.0
0.005127777777777778,72.28,96.0
0.0051333333333333335,72.28,96.0
0.005138888888888889,72.28,96.0
0.0051444444444444445,72.28,96.0
0.00515,72.28,96.0
0.005155555555555556,72.28,96.0
0.00516111111111111,72.28,96.0
0.005166666666666667,72.28,96.0
0.005172222222222222,72.28,96.0
0.005177777777777778,72.28,96.0
0.005183333333333333,72.28,96.0
0.005188888888888889,72.28,96.0
0.005194444444444444,72.28,96.0
0.0052,72.28,96.0
0.005205555555555555,72.28,96.0
0.005211111111111112,72.28,96.0
0.005216666666666667,72.28,96.0
0.005222222222222223,72.28,96.0
0.005227777777777778,72.28,96.0
0.005233333333333333,72.28,96.0
0.005238888888888888,72.28,96.0
0.005244444444444444,72.28,96.0
0.0052499999999999995,72.28,96.0
0.005255555555555556,72.28,96.0
0.005261111111111111,72.28,96.0
0.005266666666666667,72.28,96.0
0.005272222222222222,72.28,96.0
0.005277777777777778,72.28,96.0
0.0052833333333333335,72.28,96.0
0.005288888888888889,72.28,96.0
0.0052944444444444445,72.28,96.0
0.005299999999999999,72.28,96.0
0.0053055555555555555,72.28,96.0
0.005311111111111111,72.28,96.0
0.005316666666666667,72.28,96.0
0.005322222222222222,72.28,96.0
0.005327777777777778,72.28,96.0
0.005333333333333333,72.28,96.0
0.005338888888888889,72.26,95.9
0.005344444444444444,72.26,95.9
0.005350000000000001,72.26,95.9
0.005355555555555556,72.26,95.9
0.005361111111111112,72.26,95.9
0.005366666666666667,72.26,95.9
0.005372222222222222,72.26,95.9
0.005377777777777777,72.26,95.9
0.005383333333333333,72.26,95.9
0.005388888888888888,72.26,95.9
0.005394444444444445,72.26,95.9
0.0054,72.26,95.9
0.005405555555555556,72.26,95.9
0.005411111111111111,72.26,95.9
0.005416666666666667,72.26,95.9
0.005422222222222222,72.26,95.9
0.005427777777777778,72.26,95.9
0.0054333333333333326,72.26,95.9
0.005438888888888888,72.26,95.9
0.0054444444444444445,72.26,95.9
0.00545,72.26,95.9
0.0054555555555555555,72.26,95.9
0.005461111111111111,72.26,95.9
0.0054666666666666665,72.26,95.9
0.005472222222222222,72.26,95.9
0.005477777777777778,72.26,95.9
0.005483333333333333,72.26,95.9
0.0054888888888888895,72.26,95.9
0.005494444444444445,72.26,95.9
0.0055000000000000005,72.26,95.9
0.005505555555555555,72.26,95.9
0.005511111111111111,72.26,95.9
0.005516666666666666,72.26,95.9
0.005522222222222222,72.26,95.9
0.005527777777777777,72.26,95.9
0.005533333333333334,72.26,95.9
0.005538888888888889,72.26,95.9
0.005544444444444445,72.26,95.9
0.00555,72.26,95.9
0.005555555555555556,72.26,95.9
0.005561111111111111,72.26,95.9
0.005566666666666667,72.26,95.9
0.0055722222222222215,72.25,95.9
0.005577777777777777,72.25,95.9
0.005583333333333333,72.25,95.9
0.005588888888888889,72.25,95.9
0.005594444444444444,72.25,95.9
0.0056,72.25,95.9
0.0056055555555555555,72.25,95.9
0.005611111111111111,72.25,95.9
0.0056166666666666665,72.25,95.9
0.005622222222222222,72.25,95.9
0.005627777777777778,72.25,95.9
0.005633333333333334,72.25,95.9
0.0056388888888888895,72.25,95.9
0.005644444444444444,72.25,95.9
0.00565,72.25,95.9
0.005655555555555555,72.25,95.9
0.005661111111111111,72.25,95.9
0.005666666666666666,72.25,95.9
0.005672222222222223,72.25,95.9
0.005677777777777778,72.25,95.9
0.005683333333333334,72.25,95.9
0.005688888888888889,72.25,95.9
0.005694444444444445,72.25,95.9
0.0057,72.25,95.9
0.005705555555555556,72.25,95.9
0.00571111111111111,72.25,95.9
0.005716666666666666,72.25,95.9
0.005722222222222222,72.25,95.9
0.005727777777777778,72.25,95.9
0.005733333333333333,72.25,95.9
0.005738888888888889,72.25,95.9
0.005744444444444444,72.25,95.9
0.00575,72.25,95.9
0.005755555555555555,72.25,95.9
0.005761111111111111,72.25,95.9
0.005766666666666667,72.25,95.9
0.005772222222222223,72.25,95.9
0.005777777777777778,72.25,95.9
0.005783333333333333,72.25,95.9
0.0057888888888888886,72.25,95.9
0.005794444444444444,72.25,95.9
0.0058,72.25,95.9
0.005805555555555555,72.26,95.9
0.0058111111111111115,72.26,95.9
0.005816666666666667,72.26,95.9
0.0058222222222222226,72.26,95.9
0.005827777777777778,72.26,95.9
0.005833333333333334,72.26,95.9
0.005838888888888889,72.26,95.9
0.005844444444444444,72.26,95.9
0.005849999999999999,72.26,95.9
0.005855555555555555,72.26,95.9
0.005861111111111111,72.26,95.9
0.005866666666666667,72.26,95.9
0.005872222222222222,72.26,95.9
0.005877777777777778,72.26,95.9
0.005883333333333333,72.26,95.9
0.005888888888888889,72.26,95.9
0.005894444444444444,72.26,95.9
0.0059,72.26,95.9
0.005905555555555556,72.26,95.9
0.005911111111111112,72.26,95.9
0.005916666666666667,72.26,95.9
0.005922222222222222,72.26,95.9
0.0059277777777777775,72.26,95.9
0.005933333333333333,72.26,95.9
0.0059388888888888885,72.26,95.9
0.005944444444444444,72.26,95.9
0.00595,72.26,95.9
0.005955555555555556,72.26,95.9
0.0059611111111111115,72.26,95.9
0.005966666666666667,72.26,95.9
0.0059722222222222225,72.26,95.9
0.005977777777777778,72.26,95.9
0.005983333333333333,72.26,95.9
0.005988888888888888,72.26,95.9
0.005994444444444444,72.26,95.9
0.006,72.26,95.9
0.006005555555555556,72.26,95.9
0.006011111111111111,72.26,95.9
0.006016666666666667,72.26,95.9
0.006022222222222222,72.26,95.9
0.006027777777777778,72.26,95.9
0.006033333333333333,72.26,95.9
0.006038888888888889,72.29,96.0
0.006044444444444445,72.29,96.0
0.006050000000000001,72.29,96.0
0.006055555555555555,72.29,96.0
0.006061111111111111,72.29,96.0
0.006066666666666666,72.29,96.0
0.006072222222222222,72.29,96.0
0.006077777777777777,72.29,96.0
0.006083333333333333,72.29,96.0
0.006088888888888889,72.29,96.0
0.006094444444444445,72.29,96.0
0.0061,72.29,96.0
0.006105555555555556,72.29,96.0
0.006111111111111111,72.29,96.0
0.006116666666666667,72.29,96.0
0.006122222222222222,72.29,96.0
0.006127777777777777,72.29,96.0
0.006133333333333333,72.29,96.0
0.006138888888888889,72.29,96.0
0.0061444444444444446,72.29,96.0
0.00615,72.29,96.0
0.006155555555555556,72.29,96.0
0.006161111111111111,72.29,96.0
0.006166666666666667,72.29,96.0
0.006172222222222222,72.29,96.0
0.006177777777777778,72.29,96.0
0.006183333333333334,72.29,96.0
0.00618888888888889,72.29,96.0
0.006194444444444444,72.29,96.0
0.0062,72.29,96.0
0.006205555555555555,72.29,96.0
0.006211111111111111,72.29,96.0
0.006216666666666666,72.29,96.0
0.006222222222222222,72.29,96.0
0.006227777777777778,72.29,96.0
0.006233333333333334,72.29,96.0
0.006238888888888889,72.29,96.0
0.006244444444444445,72.29,96.0
0.00625,72.29,96.0
0.006255555555555556,72.29,96.0
0.0062611111111111105,72.29,96.0
0.006266666666666666,72.29,96.0
0.006272222222222222,72.28,95.9
0.006277777777777778,72.28,95.9
0.0062833333333333335,72.28,95.9
0.006288888888888889,72.28,95.9
0.0062944444444444445,72.28,95.9
0.0063,72.28,95.9
0.006305555555555556,72.28,95.9
0.006311111111111111,72.28,95.9
0.006316666666666667,72.28,95.9
0.006322222222222223,72.28,95.9
0.0063277777777777785,72.28,95.9
0.006333333333333333,72.28,95.9
0.006338888888888889,72.28,95.9
0.006344444444444444,72.28,95.9
0.00635,72.28,95.9
0.006355555555555555,72.28,95.9
0.006361111111111111,72.28,95.9
0.006366666666666667,72.28,95.9
0.006372222222222223,72.28,95.9
0.006377777777777778,72.28,95.9
0.006383333333333334,72.28,95.9
0.006388888888888889,72.28,95.9
0.006394444444444444,72.28,95.9
0.0063999999999999994,72.28,95.9
0.006405555555555555,72.28,95.9
0.0064111111111111105,72.28,95.9
0.006416666666666667,72.28,95.9
0.006422222222222222,72.28,95.9
0.006427777777777778,72.28,95.9
0.0064333333333333334,72.28,95.9
0.006438888888888889,72.28,95.9
0.0064444444444444445,72.28,95.9
0.00645,72.28,95.9
0.0064555555555555555,72.28,95.9
0.006461111111111112,72.28,95.9
0.006466666666666667,72.28,95.9
0.006472222222222222,72.28,95.9
0.006477777777777778,72.28,95.9
0.006483333333333333,72.28,95.9
0.006488888888888889,72.28,95.9
0.006494444444444444,72.28,95.9
0.0065,72.28,95.9
0.006505555555555556,72.25,95.9
0.006511111111111112,72.25,95.9
0.006516666666666667,72.25,95.9
0.006522222222222223,72.25,95.9
0.006527777777777778,72.25,95.9
0.006533333333333333,72.25,95.9
0.006538888888888888,72.25,95.9
0.006544444444444444,72.25,95.9
0.006549999999999999,72.25,95.9
0.006555555555555556,72.25,95.9
0.006561111111111111,72.25,95.9
0.006566666666666667,72.25,95.9
0.006572222222222222,72.25,95.9
0.006577777777777778,72.25,95.9
0.006583333333333333,72.25,95.9
0.006588888888888889,72.25,95.9
0.0065944444444444444,72.25,95.9
0.006600000000000001,72.25,95.9
0.0066055555555555555,72.25,95.9
0.006611111111111111,72.25,95.9
0.0066166666666666665,72.25,95.9
0.006622222222222222,72.25,95.9
0.006627777777777778,72.25,95.9
0.006633333333333333,72.25,95.9
0.006638888888888889,72.25,95.9
0.006644444444444445,72.25,95.9
0.0066500000000000005,72.25,95.9
0.006655555555555556,72.25,95.9
0.006661111111111112,72.25,95.9
0.006666666666666667,72.25,95.9
0.006672222222222222,72.25,95.9
0.006677777777777777,72.25,95.9
0.006683333333333333,72.25,95.9
0.006688888888888888,72.25,95.9
0.006694444444444445,72.25,95.9
0.0067,72.25,95.9
0.006705555555555556,72.25,95.9
0.006711111111111111,72.25,95.9
0.006716666666666667,72.25,95.9
0.006722222222222222,72.25,95.9
0.006727777777777778,72.25,95.9
0.0067333333333333325,72.25,95.9
0.00673888888888889,72.25,95.9
0.006744444444444444,72.25,95.9
0.00675,72.25,95.9
0.0067555555555555554,72.25,95.9
0.006761111111111111,72.25,95.9
0.0067666666666666665,72.25,95.9
0.006772222222222222,72.25,95.9
0.0067777777777777775,72.25,95.9
0.006783333333333334,72.25,95.9
0.0067888888888888894,72.25,95.9
0.006794444444444445,72.25,95.9
0.0068000000000000005,72.25,95.9
0.006805555555555555,72.25,95.9
0.006811111111111111,72.25,95.9
0.006816666666666666,72.25,95.9
0.006822222222222222,72.25,95.9
0.006827777777777777,72.25,95.9
0.006833333333333334,72.25,95.9
0.006838888888888889,72.25,95.9
0.006844444444444445,72.25,95.9
0.00685,72.25,95.9
0.006855555555555556,72.25,95.9
0.006861111111111111,72.25,95.9
0.006866666666666667,72.25,95.9
0.006872222222222221,72.25,95.9
0.006877777777777778,72.25,95.9
0.006883333333333333,72.25,95.9
0.006888888888888889,72.25,95.9
0.006894444444444444,72.25,95.9
0.0069,72.25,95.9
0.006905555555555555,72.25,95.9
0.006911111111111111,72.25,95.9
0.0069166666666666664,72.25,95.9
0.006922222222222223,72.25,95.9
0.006927777777777778,72.25,95.9
0.006933333333333334,72.25,95.9
0.006938888888888889,72.25,95.9
0.006944444444444444,72.25,95.9
0.00695,72.25,95.9
0.006955555555555555,72.25,95.9
0.006961111111111111,72.25,95.9
0.006966666666666666,72.25,95.9
0.0069722222222222225,72.28,96.0
0.006977777777777778,72.28,96.0
0.006983333333333334,72.28,96.0
0.006988888888888889,72.28,96.0
0.006994444444444445,72.28,96.0
0.007,72.28,96.0
0.007005555555555556,72.28,96.0
0.00701111111111111,72.28,96.0
0.007016666666666667,72.28,96.0
0.007022222222222222,72.28,96.0
0.007027777777777778,72.28,96.0
0.007033333333333333,72.28,96.0
0.007038888888888889,72.28,96.0
0.007044444444444444,72.28,96.0
0.00705,72.28,96.0
0.007055555555555555,72.28,96.0
0.007061111111111112,72.28,96.0
0.007066666666666667,72.28,96.0
0.007072222222222223,72.28,96.0
0.007077777777777778,72.28,96.0
0.007083333333333333,72.28,96.0
0.0070888888888888885,72.28,96.0
0.007094444444444444,72.28,96.0
0.0070999999999999995,72.28,96.0
0.007105555555555555,72.28,96.0
0.0071111111111111115,72.28,96.0
0.007116666666666667,72.28,96.0
0.0071222222222222225,72.28,96.0
0.007127777777777778,72.28,96.0
0.0071333333333333335,72.28,96.0
0.007138888888888889,72.28,96.0
0.007144444444444444,72.28,96.0
0.007149999999999999,72.28,96.0
0.007155555555555556,72.28,96.0
0.007161111111111111,72.28,96.0
0.007166666666666667,72.28,96.0
0.007172222222222222,72.28,96.0
0.007177777777777778,72.28,96.0
0.007183333333333333,72.28,96.0
0.007188888888888889,72.28,96.0
0.007194444444444444,72.28,96.0
0.007200000000000001,72.28,96.0
0.007205555555555556,72.29,96.0
0.007211111111111112,72.29,96.0
0.007216666666666666,72.29,96.0
0.007222222222222222,72.29,96.0
0.007227777777777777,72.29,96.0
0.007233333333333333,72.29,96.0
0.0072388888888888885,72.29,96.0
0.007244444444444444,72.29,96.0
0.00725,72.29,96.0
0.007255555555555556,72.29,96.0
0.007261111111111111,72.29,96.0
0.007266666666666667,72.29,96.0
0.0072722222222222225,72.29,96.0
0.007277777777777778,72.29,96.0
0.007283333333333333,72.29,96.0
0.007288888888888888,72.29,96.0
0.0072944444444444445,72.29,96.0
0.0073,72.29,96.0
0.007305555555555556,72.29,96.0
0.007311111111111111,72.29,96.0
0.007316666666666667,72.29,96.0
0.007322222222222222,72.29,96.0
0.007327777777777778,72.29,96.0
0.007333333333333333,72.29,96.0
0.00733888888888889,72.29,96.0
0.007344444444444445,72.29,96.0
0.007350000000000001,72.29,96.0
0.007355555555555555,72.29,96.0
0.007361111111111111,72.29,96.0
0.007366666666666666,72.29,96.0
0.007372222222222222,72.29,96.0
0.007377777777777777,72.29,96.0
0.007383333333333333,72.29,96.0
0.007388888888888889,72.29,96.0
0.007394444444444445,72.29,96.0
0.0074,72.29,96.0
0.007405555555555556,72.29,96.0
0.007411111111111111,72.29,96.0
0.007416666666666667,72.29,96.0
0.0074222222222222215,72.29,96.0
0.007427777777777777,72.29,96.0
0.0074333333333333335,72.29,96.0
0.007438888888888889,72.26,96.0
0.0074444444444444445,72.26,96.0
0.00745,72.26,96.0
0.0074555555555555555,72.26,96.0
0.007461111111111111,72.26,96.0
0.007466666666666667,72.26,96.0
0.007472222222222222,72.26,96.0
0.0074777777777777785,72.26,96.0
0.007483333333333334,72.26,96.0
0.0074888888888888895,72.26,96.0
0.007494444444444444,72.26,96.0
0.0075,72.26,96.0
0.007505555555555555,72.26,96.0
0.007511111111111111,72.26,96.0
0.007516666666666666,72.26,96.0
0.007522222222222222,72.26,96.0
0.007527777777777778,72.26,96.0
0.007533333333333334,72.26,96.0
0.007538888888888889,72.26,96.0
0.007544444444444445,72.26,96.0
0.00755,72.26,96.0
0.007555555555555555,72.26,96.0
0.0075611111111111105,72.26,96.0
0.007566666666666666,72.26,96.0
0.007572222222222222,72.26,96.0
0.007577777777777778,72.26,96.0
0.007583333333333333,72.26,96.0
0.007588888888888889,72.26,96.0
0.0075944444444444445,72.26,96.0
0.0076,72.26,96.0
0.0076055555555555555,72.26,96.0
0.007611111111111111,72.26,96.0
0.007616666666666667,72.26,96.0
0.007622222222222223,72.26,96.0
0.007627777777777778,72.26,96.0
0.007633333333333333,72.26,96.0
0.007638888888888889,72.26,96.0
0.007644444444444444,72.26,96.0
0.00765,72.26,96.0
0.007655555555555555,72.26,96.0
0.007661111111111111,72.26,96.0
0.007666666666666667,72.26,96.0
0.007672222222222223,72.25,96.0
0.007677777777777778,72.25,96.0
0.007683333333333334,72.25,96.0
0.007688888888888889,72.25,96.0
0.007694444444444444,72.25,96.0
0.007699999999999999,72.25,96.0
0.007705555555555555,72.25,96.0
0.007711111111111111,72.25,96.0
0.007716666666666667,72.25,96.0
0.007722222222222222,72.25,96.0
0.007727777777777778,72.25,96.0
0.007733333333333333,72.25,96.0
0.007738888888888889,72.25,96.0
0.007744444444444444,72.25,96.0
0.00775,72.25,96.0
0.007755555555555556,72.25,96.0
0.007761111111111112,72.25,96.0
0.0077666666666666665,72.25,96.0
0.007772222222222222,72.25,96.0
0.0077777777777777776,72.25,96.0
0.007783333333333333,72.25,96.0
0.007788888888888889,72.25,96.0
0.007794444444444444,72.25,96.0
0.0078,72.25,96.0
0.007805555555555556,72.25,96.0
0.0078111111111111116,72.25,96.0
0.007816666666666666,72.25,96.0
0.007822222222222222,72.25,96.0
0.007827777777777777,72.25,96.0
0.007833333333333333,72.25,96.0
0.007838888888888888,72.25,96.0
0.007844444444444444,72.25,96.0
0.007850000000000001,72.25,96.0
0.007855555555555557,72.25,96.0
0.007861111111111112,72.25,96.0
0.007866666666666666,72.25,96.0
0.007872222222222221,72.25,96.0
0.007877777777777777,72.25,96.0
0.007883333333333332,72.25,96.0
0.007888888888888888,72.25,96.0
0.007894444444444445,72.25,96.0
0.0079,72.25,96.0
0.007905555555555556,72.27,96.0
0.007911111111111112,72.27,96.0
0.007916666666666667,72.27,96.0
0.007922222222222223,72.27,96.0
0.007927777777777778,72.27,96.0
0.007933333333333332,72.27,96.0
0.007938888888888888,72.27,96.0
0.007944444444444445,72.27,96.0
0.00795,72.27,96.0
0.007955555555555556,72.27,96.0
0.007961111111111112,72.27,96.0
0.007966666666666667,72.27,96.0
0.007972222222222223,72.27,96.0
0.007977777777777778,72.27,96.0
0.007983333333333334,72.27,96.0
0.007988888888888889,72.27,96.0
0.007994444444444445,72.27,96.0
0.008,72.27,96.0
0.008005555555555556,72.27,96.0
0.008011111111111111,72.27,96.0
0.008016666666666667,72.27,96.0
0.008022222222222222,72.27,96.0
0.008027777777777778,72.27,96.0
0.008033333333333333,72.27,96.0
0.008038888888888889,72.27,96.0
0.008044444444444444,72.27,96.0
0.00805,72.27,96.0
0.008055555555555555,72.27,96.0
0.008061111111111111,72.27,96.0
0.008066666666666666,72.27,96.0
0.008072222222222222,72.27,96.0
0.008077777777777777,72.27,96.0
0.008083333333333333,72.27,96.0
0.008088888888888889,72.27,96.0
0.008094444444444444,72.27,96.0
0.0081,72.27,96.0
0.008105555555555555,72.27,96.0
0.00811111111111111,72.27,96.0
0.008116666666666666,72.27,96.0
0.008122222222222222,72.27,96.0
0.008127777777777779,72.27,96.0
0.008133333333333334,72.27,96.0
0.00813888888888889,72.29,96.0
0.008144444444444444,72.29,96.0
0.00815,72.29,96.0
0.008155555555555555,72.29,96.0
0.00816111111111111,72.29,96.0
0.008166666666666666,72.29,96.0
0.008172222222222223,72.29,96.0
0.008177777777777779,72.29,96.0
0.008183333333333334,72.29,96.0
0.00818888888888889,72.29,96.0
0.008194444444444445,72.29,96.0
0.0082,72.29,96.0
0.008205555555555554,72.29,96.0
0.00821111111111111,72.29,96.0
0.008216666666666666,72.29,96.0
0.008222222222222223,72.29,96.0
0.008227777777777778,72.29,96.0
0.008233333333333334,72.29,96.0
0.00823888888888889,72.29,96.0
0.008244444444444445,72.29,96.0
0.00825,72.29,96.0
0.008255555555555556,72.29,96.0
0.008261111111111111,72.29,96.0
0.008266666666666667,72.29,96.0
0.008272222222222222,72.29,96.0
0.008277777777777778,72.29,96.0
0.008283333333333334,72.29,96.0
0.008288888888888889,72.29,96.0
0.008294444444444445,72.29,96.0
0.0083,72.29,96.0
0.008305555555555556,72.29,96.0
0.008311111111111111,72.29,96.0
0.008316666666666667,72.29,96.0
0.008322222222222222,72.29,96.0
0.008327777777777778,72.29,96.0
0.008333333333333333,72.29,96.0
0.008338888888888889,72.29,96.0
0.008344444444444444,72.29,96.0
0.00835,72.29,96.0
0.008355555555555555,72.29,96.0
0.00836111111111111,72.29,96.0
0.008366666666666666,72.29,96.0
0.008372222222222222,72.27,96.0
0.008377777777777777,72.27,96.0
0.008383333333333333,72.27,96.0
0.008388888888888888,72.27,96.0
0.008394444444444444,72.27,96.0
0.0084,72.27,96.0
0.008405555555555557,72.27,96.0
0.008411111111111112,72.27,96.0
0.008416666666666666,72.27,96.0
0.008422222222222222,72.27,96.0
0.008427777777777777,72.27,96.0
0.008433333333333333,72.27,96.0
0.008438888888888888,72.27,96.0
0.008444444444444444,72.27,96.0
0.008450000000000001,72.27,96.0
0.008455555555555556,72.27,96.0
0.008461111111111112,72.27,96.0
0.008466666666666667,72.27,96.0
0.008472222222222223,72.27,96.0
0.008477777777777779,72.27,96.0
0.008483333333333332,72.27,96.0
0.008488888888888888,72.27,96.0
0.008494444444444443,72.27,96.0
0.0085,72.27,96.0
0.008505555555555556,72.27,96.0
0.008511111111111112,72.27,96.0
0.008516666666666667,72.27,96.0
0.008522222222222223,72.27,96.0
0.008527777777777778,72.27,96.0
0.008533333333333334,72.27,96.0
0.00853888888888889,72.27,96.0
0.008544444444444445,72.27,96.0
0.00855,72.27,96.0
0.008555555555555556,72.27,96.0
0.008561111111111111,72.27,96.0
0.008566666666666667,72.27,96.0
0.008572222222222222,72.27,96.0
0.008577777777777778,72.27,96.0
0.008583333333333333,72.27,96.0
0.008588888888888889,72.27,96.0
0.008594444444444444,72.27,96.0
0.0086,72.27,96.0
0.008605555555555556,72.25,95.9
0.008611111111111111,72.25,95.9
0.008616666666666667,72.25,95.9
0.008622222222222222,72.25,95.9
0.008627777777777778,72.25,95.9
0.008633333333333333,72.25,95.9
0.008638888888888889,72.25,95.9
0.008644444444444444,72.25,95.9
0.00865,72.25,95.9
0.008655555555555555,72.25,95.9
0.00866111111111111,72.25,95.9
0.008666666666666666,72.25,95.9
0.008672222222222222,72.25,95.9
0.008677777777777777,72.25,95.9
0.008683333333333335,72.25,95.9
0.008688888888888888,72.25,95.9
0.008694444444444444,72.25,95.9
0.0087,72.25,95.9
0.008705555555555555,72.25,95.9
0.00871111111111111,72.25,95.9
0.008716666666666666,72.25,95.9
0.008722222222222221,72.25,95.9
0.008727777777777779,72.25,95.9
0.008733333333333334,72.25,95.9
0.00873888888888889,72.25,95.9
0.008744444444444445,72.25,95.9
0.00875,72.25,95.9
0.008755555555555555,72.25,95.9
0.00876111111111111,72.25,95.9
0.008766666666666666,72.25,95.9
0.008772222222222221,72.25,95.9
0.008777777777777778,72.25,95.9
0.008783333333333334,72.25,95.9
0.00878888888888889,72.25,95.9
0.008794444444444445,72.25,95.9
0.0088,72.25,95.9
0.008805555555555556,72.25,95.9
0.008811111111111112,72.25,95.9
0.008816666666666667,72.25,95.9
0.008822222222222223,72.25,95.9
0.008827777777777778,72.25,95.9
0.008833333333333334,72.25,95.9
0.00883888888888889,72.26,96.0
0.008844444444444445,72.26,96.0
0.00885,72.26,96.0
0.008855555555555556,72.26,96.0
0.008861111111111111,72.26,96.0
0.008866666666666667,72.26,96.0
0.008872222222222222,72.26,96.0
0.008877777777777778,72.26,96.0
0.008883333333333333,72.26,96.0
0.008888888888888889,72.26,96.0
0.008894444444444446,72.26,96.0
0.0089,72.26,96.0
0.008905555555555555,72.26,96.0
0.008911111111111111,72.26,96.0
0.008916666666666666,72.26,96.0
0.008922222222222222,72.26,96.0
0.008927777777777778,72.26,96.0
0.008933333333333333,72.26,96.0
0.008938888888888889,72.26,96.0
0.008944444444444446,72.26,96.0
0.00895,72.26,96.0
0.008955555555555557,72.26,96.0
0.00896111111111111,72.26,96.0
0.008966666666666666,72.26,96.0
0.008972222222222222,72.26,96.0
0.008977777777777777,72.26,96.0
0.008983333333333334,72.26,96.0
0.008988888888888888,72.26,96.0
0.008994444444444446,72.26,96.0
0.009,72.26,96.0
0.009005555555555557,72.26,96.0
0.00901111111111111,72.26,96.0
0.009016666666666668,72.26,96.0
0.009022222222222221,72.26,96.0
0.009027777777777777,72.26,96.0
0.009033333333333334,72.26,96.0
0.009038888888888888,72.26,96.0
0.009044444444444445,72.26,96.0
0.009049999999999999,72.26,96.0
0.009055555555555556,72.26,96.0
0.00906111111111111,72.26,96.0
0.009066666666666667,72.26,96.0
0.009072222222222221,72.28,96.0
0.009077777777777778,72.28,96.0
0.009083333333333334,72.28,96.0
0.00908888888888889,72.28,96.0
0.009094444444444445,72.28,96.0
0.009099999999999999,72.28,96.0
0.009105555555555556,72.28,96.0
0.00911111111111111,72.28,96.0
0.009116666666666667,72.28,96.0
0.009122222222222223,72.28,96.0
0.009127777777777778,72.28,96.0
0.009133333333333334,72.28,96.0
0.009138888888888889,72.28,96.0
0.009144444444444445,72.28,96.0
0.00915,72.28,96.0
0.009155555555555556,72.28,96.0
0.00916111111111111,72.28,96.0
0.009166666666666667,72.28,96.0
0.009172222222222222,72.28,96.0
0.009177777777777778,72.28,96.0
0.009183333333333333,72.28,96.0
0.009188888888888889,72.28,96.0
0.009194444444444444,72.28,96.0
0.0092,72.28,96.0
0.009205555555555555,72.28,96.0
0.009211111111111111,72.28,96.0
0.009216666666666666,72.28,96.0
0.009222222222222224,72.28,96.0
0.009227777777777777,72.28,96.0
0.009233333333333335,72.28,96.0
0.009238888888888888,72.28,96.0
0.009244444444444444,72.28,96.0
0.00925,72.28,96.0
0.009255555555555555,72.28,96.0
0.009261111111111112,72.28,96.0
0.009266666666666666,72.28,96.0
0.009272222222222223,72.28,96.0
0.009277777777777777,72.28,96.0
0.009283333333333334,72.28,96.0
0.009288888888888888,72.28,96.0
0.009294444444444445,72.28,96.0
0.0093,72.28,96.0
0.009305555555555555,72.29,95.9
0.009311111111111112,72.29,95.9
0.009316666666666666,72.29,95.9
0.009322222222222223,72.29,95.9
0.009327777777777777,72.29,95.9
0.009333333333333334,72.29,95.9
0.009338888888888888,72.29,95.9
0.009344444444444445,72.29,95.9
0.009349999999999999,72.29,95.9
0.009355555555555556,72.29,95.9
0.009361111111111112,72.29,95.9
0.009366666666666666,72.29,95.9
0.009372222222222223,72.29,95.9
0.009377777777777777,72.29,95.9
0.009383333333333334,72.29,95.9
0.009388888888888888,72.29,95.9
0.009394444444444445,72.29,95.9
0.0094,72.29,95.9
0.009405555555555556,72.29,95.9
0.009411111111111111,72.29,95.9
0.009416666666666667,72.29,95.9
0.009422222222222222,72.29,95.9
0.009427777777777778,72.29,95.9
0.009433333333333334,72.29,95.9
0.009438888888888887,72.29,95.9
0.009444444444444445,72.29,95.9
0.00945,72.29,95.9
0.009455555555555556,72.29,95.9
0.009461111111111111,72.29,95.9
0.009466666666666667,72.29,95.9
0.009472222222222222,72.29,95.9
0.009477777777777778,72.29,95.9
0.009483333333333333,72.29,95.9
0.009488888888888889,72.29,95.9
0.009494444444444444,72.29,95.9
0.009500000000000001,72.29,95.9
0.009505555555555555,72.29,95.9
0.00951111111111111,72.29,95.9
0.009516666666666666,72.29,95.9
0.009522222222222222,72.29,95.9
0.009527777777777777,72.29,95.9
0.009533333333333333,72.29,95.9
0.00953888888888889,72.26,95.9
0.009544444444444444,72.26,95.9
0.009550000000000001,72.26,95.9
0.009555555555555555,72.26,95.9
0.009561111111111112,72.26,95.9
0.009566666666666666,72.26,95.9
0.009572222222222223,72.26,95.9
0.009577777777777777,72.26,95.9
0.009583333333333333,72.26,95.9
0.00958888888888889,72.26,95.9
0.009594444444444444,72.26,95.9
0.009600000000000001,72.26,95.9
0.009605555555555555,72.26,95.9
0.009611111111111112,72.26,95.9
0.009616666666666666,72.26,95.9
0.009622222222222223,72.26,95.9
0.009627777777777777,72.26,95.9
0.009633333333333334,72.26,95.9
0.00963888888888889,72.26,95.9
0.009644444444444443,72.26,95.9
0.00965,72.26,95.9
0.009655555555555554,72.26,95.9
0.009661111111111112,72.26,95.9
0.009666666666666665,72.26,95.9
0.009672222222222223,72.26,95.9
0.009677777777777778,72.26,95.9
0.009683333333333334,72.26,95.9
0.00968888888888889,72.26,95.9
0.009694444444444445,72.26,95.9
0.0097,72.26,95.9
0.009705555555555554,72.26,95.9
0.009711111111111111,72.26,95.9
0.009716666666666665,72.26,95.9
0.009722222222222222,72.26,95.9
0.009727777777777778,72.26,95.9
0.009733333333333333,72.26,95.9
0.009738888888888889,72.26,95.9
0.009744444444444444,72.26,95.9
0.00975,72.26,95.9
0.009755555555555556,72.26,95.9
0.009761111111111111,72.26,95.9
0.009766666666666667,72.26,95.9
0.009772222222222222,72.25,95.9
0.00977777777777778,72.25,95.9
0.009783333333333333,72.25,95.9
0.009788888888888889,72.25,95.9
0.009794444444444444,72.25,95.9
0.0098,72.25,95.9
0.009805555555555555,72.25,95.9
0.00981111111111111,72.25,95.9
0.009816666666666668,72.25,95.9
0.009822222222222222,72.25,95.9
0.009827777777777779,72.25,95.9
0.009833333333333333,72.25,95.9
0.00983888888888889,72.25,95.9
0.009844444444444444,72.25,95.9
0.00985,72.25,95.9
0.009855555555555555,72.25,95.9
0.00986111111111111,72.25,95.9
0.009866666666666668,72.25,95.9
0.009872222222222221,72.25,95.9
0.009877777777777779,72.25,95.9
0.009883333333333333,72.25,95.9
0.00988888888888889,72.25,95.9
0.009894444444444444,72.25,95.9
0.0099,72.25,95.9
0.009905555555555555,72.25,95.9
0.009911111111111112,72.25,95.9
0.009916666666666667,72.25,95.9
0.009922222222222221,72.25,95.9
0.009927777777777778,72.25,95.9
0.009933333333333332,72.25,95.9
0.00993888888888889,72.25,95.9
0.009944444444444443,72.25,95.9
0.00995,72.25,95.9
0.009955555555555556,72.25,95.9
0.009961111111111112,72.25,95.9
0.009966666666666667,72.25,95.9
0.009972222222222223,72.25,95.9
0.009977777777777778,72.25,95.9
0.009983333333333332,72.25,95.9
0.00998888888888889,72.25,95.9
0.009994444444444443,72.25,95.9
0.01,72.25,95.9
0.010005555555555556,72.27,95.9
0.010011111111111111,72.27,95.9
0.010016666666666667,72.27,95.9
0.010022222222222222,72.27,95.9
0.010027777777777778,72.27,95.9
0.010033333333333333,72.27,95.9
0.010038888888888889,72.27,95.9
0.010044444444444443,72.27,95.9
0.01005,72.27,95.9
0.010055555555555557,72.27,95.9
0.010061111111111111,72.27,95.9
0.010066666666666666,72.27,95.9
0.010072222222222222,72.27,95.9
0.010077777777777778,72.27,95.9
0.010083333333333333,72.27,95.9
0.010088888888888889,72.27,95.9
0.010094444444444446,72.27,95.9
0.0101,72.27,95.9
0.010105555555555557,72.27,95.9
0.01011111111111111,72.27,95.9
0.010116666666666668,72.27,95.9
0.010122222222222222,72.27,95.9
0.010127777777777777,72.27,95.9
0.010133333333333333,72.27,95.9
0.010138888888888888,72.27,95.9
0.010144444444444446,72.27,95.9
0.01015,72.27,95.9
0.010155555555555557,72.27,95.9
0.01016111111111111,72.27,95.9
0.010166666666666668,72.27,95.9
0.010172222222222221,72.27,95.9
0.010177777777777779,72.27,95.9
0.010183333333333332,72.27,95.9
0.010188888888888888,72.27,95.9
0.010194444444444445,72.27,95.9
0.010199999999999999,72.27,95.9
0.010205555555555556,72.27,95.9
0.01021111111111111,72.27,95.9
0.010216666666666667,72.27,95.9
0.010222222222222221,72.27,95.9
0.010227777777777778,72.27,95.9
0.010233333333333334,72.27,95.9
0.01023888888888889,72.3,95.9
0.010244444444444445,72.3,95.9
0.01025,72.3,95.9
0.010255555555555556,72.3,95.9
0.01026111111111111,72.3,95.9
0.010266666666666667,72.3,95.9
0.01027222222222222,72.3,95.9
0.010277777777777778,72.3,95.9
0.010283333333333334,72.3,95.9
0.010288888888888889,72.3,95.9
0.010294444444444445,72.3,95.9
0.0103,72.3,95.9
0.010305555555555556,72.3,95.9
0.010311111111111111,72.3,95.9
0.010316666666666667,72.3,95.9
0.01032222222222222,72.3,95.9
0.010327777777777778,72.3,95.9
0.010333333333333333,72.3,95.9
0.010338888888888889,72.3,95.9
0.010344444444444444,72.3,95.9
0.01035,72.3,95.9
0.010355555555555555,72.3,95.9
0.010361111111111111,72.3,95.9
0.010366666666666666,72.3,95.9
0.010372222222222224,72.3,95.9
0.010377777777777777,72.3,95.9
0.010383333333333335,72.3,95.9
0.010388888888888888,72.3,95.9
0.010394444444444446,72.3,95.9
0.0104,72.3,95.9
0.010405555555555555,72.3,95.9
0.01041111111111111,72.3,95.9
0.010416666666666666,72.3,95.9
0.010422222222222223,72.3,95.9
0.010427777777777777,72.3,95.9
0.010433333333333334,72.3,95.9
0.010438888888888888,72.3,95.9
0.010444444444444445,72.3,95.9
0.01045,72.3,95.9
0.010455555555555556,72.3,95.9
0.01046111111111111,72.3,95.9
0.010466666666666666,72.3,95.9
0.010472222222222223,72.28,95.9
0.010477777777777777,72.28,95.9
0.010483333333333334,72.28,95.9
0.010488888888888888,72.28,95.9
0.010494444444444445,72.28,95.9
0.010499999999999999,72.28,95.9
0.010505555555555556,72.28,95.9
0.010511111111111112,72.28,95.9
0.010516666666666667,72.28,95.9
0.010522222222222223,72.28,95.9
0.010527777777777777,72.28,95.9
0.010533333333333334,72.28,95.9
0.010538888888888888,72.28,95.9
0.010544444444444445,72.28,95.9
0.010549999999999999,72.28,95.9
0.010555555555555556,72.28,95.9
0.010561111111111111,72.28,95.9
0.010566666666666667,72.28,95.9
0.010572222222222222,72.28,95.9
0.010577777777777778,72.28,95.9
0.010583333333333333,72.28,95.9
0.010588888888888889,72.28,95.9
0.010594444444444445,72.28,95.9
0.010599999999999998,72.28,95.9
0.010605555555555556,72.28,95.9
0.010611111111111111,72.28,95.9
0.010616666666666667,72.28,95.9
0.010622222222222222,72.28,95.9
0.010627777777777778,72.28,95.9
0.010633333333333333,72.28,95.9
0.010638888888888889,72.28,95.9
0.010644444444444444,72.28,95.9
0.010650000000000001,72.28,95.9
0.010655555555555555,72.28,95.9
0.010661111111111113,72.28,95.9
0.010666666666666666,72.28,95.9
0.010672222222222222,72.28,95.9
0.010677777777777777,72.28,95.9
0.010683333333333333,72.28,95.9
0.010688888888888888,72.28,95.9
0.010694444444444444,72.28,95.9
0.010700000000000001,72.28,95.9
0.010705555555555555,72.26,95.9
0.010711111111111112,72.26,95.9
0.010716666666666666,72.26,95.9
0.010722222222222223,72.26,95.9
0.010727777777777777,72.26,95.9
0.010733333333333334,72.26,95.9
0.010738888888888888,72.26,95.9
0.010744444444444444,72.26,95.9
0.010750000000000001,72.26,95.9
0.010755555555555555,72.26,95.9
0.010761111111111112,72.26,95.9
0.010766666666666666,72.26,95.9
0.010772222222222223,72.26,95.9
0.010777777777777777,72.26,95.9
0.010783333333333334,72.26,95.9
0.01078888888888889,72.26,95.9
0.010794444444444445,72.26,95.9
0.0108,72.26,95.9
0.010805555555555554,72.26,95.9
0.010811111111111112,72.26,95.9
0.010816666666666665,72.26,95.9
0.010822222222222223,72.26,95.9
0.010827777777777776,72.26,95.9
0.010833333333333334,72.26,95.9
0.01083888888888889,72.26,95.9
0.010844444444444445,72.26,95.9
0.01085,72.26,95.9
0.010855555555555556,72.26,95.9
0.010861111111111111,72.26,95.9
0.010866666666666665,72.26,95.9
0.010872222222222222,72.26,95.9
0.010877777777777776,72.26,95.9
0.010883333333333333,72.26,95.9
0.010888888888888889,72.26,95.9
0.010894444444444444,72.26,95.9
0.0109,72.26,95.9
0.010905555555555555,72.26,95.9
0.010911111111111111,72.26,95.9
0.010916666666666667,72.26,95.9
0.010922222222222222,72.26,95.9
0.01092777777777778,72.26,95.9
0.010933333333333333,72.26,95.9
0.01093888888888889,72.27,95.9
0.010944444444444444,72.27,95.9
0.01095,72.27,95.9
0.010955555555555555,72.27,95.9
0.01096111111111111,72.27,95.9
0.010966666666666666,72.27,95.9
0.010972222222222222,72.27,95.9
0.010977777777777779,72.27,95.9
0.010983333333333333,72.27,95.9
0.01098888888888889,72.27,95.9
0.010994444444444444,72.27,95.9
0.011000000000000001,72.27,95.9
0.011005555555555555,72.27,95.9
0.01101111111111111,72.27,95.9
0.011016666666666666,72.27,95.9
0.011022222222222221,72.27,95.9
0.011027777777777779,72.27,95.9
0.011033333333333332,72.27,95.9
0.01103888888888889,72.27,95.9
0.011044444444444444,72.27,95.9
0.01105,72.27,95.9
0.011055555555555555,72.27,95.9
0.011061111111111112,72.27,95.9
0.011066666666666667,72.27,95.9
0.011072222222222223,72.27,95.9
0.011077777777777778,72.27,95.9
0.011083333333333332,72.27,95.9
0.01108888888888889,72.27,95.9
0.011094444444444443,72.27,95.9
0.0111,72.27,95.9
0.011105555555555554,72.27,95.9
0.011111111111111112,72.27,95.9
0.011116666666666667,72.27,95.9
0.011122222222222223,72.27,95.9
0.011127777777777778,72.27,95.9
0.011133333333333334,72.27,95.9
0.01113888888888889,72.27,95.9
0.011144444444444443,72.27,95.9
0.01115,72.27,95.9
0.011155555555555554,72.27,95.9
0.011161111111111111,72.27,95.9
0.011166666666666667,72.27,95.9
0.011172222222222222,72.3,95.9
0.011177777777777778,72.3,95.9
0.011183333333333333,72.3,95.9
0.011188888888888889,72.3,95.9
0.011194444444444444,72.3,95.9
0.0112,72.3,95.9
0.011205555555555557,72.3,95.9
0.011211111111111111,72.3,95.9
0.011216666666666668,72.3,95.9
0.011222222222222222,72.3,95.9
0.011227777777777777,72.3,95.9
0.011233333333333333,72.3,95.9
0.011238888888888889,72.3,95.9
0.011244444444444444,72.3,95.9
0.01125,72.3,95.9
0.011255555555555557,72.3,95.9
0.01126111111111111,72.3,95.9
0.011266666666666668,72.3,95.9
0.011272222222222222,72.3,95.9
0.011277777777777779,72.3,95.9
0.011283333333333333,72.3,95.9
0.011288888888888888,72.3,95.9
0.011294444444444444,72.3,95.9
0.0113,72.3,95.9
0.011305555555555557,72.3,95.9
0.01131111111111111,72.3,95.9
0.011316666666666668,72.3,95.9
0.011322222222222221,72.3,95.9
0.011327777777777779,72.3,95.9
0.011333333333333332,72.3,95.9
0.01133888888888889,72.3,95.9
0.011344444444444445,72.3,95.9
0.011349999999999999,72.3,95.9
0.011355555555555556,72.3,95.9
0.01136111111111111,72.3,95.9
0.011366666666666667,72.3,95.9
0.011372222222222221,72.3,95.9
0.011377777777777778,72.3,95.9
0.011383333333333332,72.3,95.9
0.01138888888888889,72.3,95.9
0.011394444444444445,72.3,95.9
0.0114,72.3,95.9
0.011405555555555556,72.29,95.9
0.011411111111111111,72.29,95.9
0.011416666666666667,72.29,95.9
0.01142222222222222,72.29,95.9
0.011427777777777778,72.29,95.9
0.011433333333333332,72.29,95.9
0.011438888888888889,72.29,95.9
0.011444444444444445,72.29,95.9
0.01145,72.29,95.9
0.011455555555555556,72.29,95.9
0.011461111111111111,72.29,95.9
0.011466666666666667,72.29,95.9
0.011472222222222222,72.29,95.9
0.011477777777777778,72.29,95.9
0.011483333333333335,72.29,95.9
0.011488888888888889,72.29,95.9
0.011494444444444446,72.29,95.9
0.0115,72.29,95.9
0.011505555555555555,72.29,95.9
0.01151111111111111,72.29,95.9
0.011516666666666666,72.29,95.9
0.011522222222222222,72.29,95.9
0.011527777777777777,72.29,95.9
0.011533333333333335,72.29,95.9
0.011538888888888888,72.29,95.9
0.011544444444444446,72.29,95.9
0.01155,72.29,95.9
0.011555555555555557,72.29,95.9
0.01156111111111111,72.29,95.9
0.011566666666666666,72.29,95.9
0.011572222222222222,72.29,95.9
0.011577777777777777,72.29,95.9
0.011583333333333334,72.29,95.9
0.011588888888888888,72.29,95.9
0.011594444444444445,72.29,95.9
0.0116,72.29,95.9
0.011605555555555556,72.29,95.9
0.01161111111111111,72.29,95.9
0.011616666666666668,72.29,95.9
0.011622222222222223,72.29,95.9
0.011627777777777777,72.29,95.9
0.011633333333333334,72.29,95.9
0.011638888888888888,72.27,95.9
0.011644444444444445,72.27,95.9
0.011649999999999999,72.27,95.9
0.011655555555555556,72.27,95.9
0.01166111111111111,72.27,95.9
0.011666666666666667,72.27,95.9
0.011672222222222223,72.27,95.9
0.011677777777777778,72.27,95.9
0.011683333333333334,72.27,95.9
0.011688888888888888,72.27,95.9
0.011694444444444445,72.27,95.9
0.011699999999999999,72.27,95.9
0.011705555555555556,72.27,95.9
0.01171111111111111,72.27,95.9
0.011716666666666667,72.27,95.9
0.011722222222222222,72.27,95.9
0.011727777777777778,72.27,95.9
0.011733333333333333,72.27,95.9
0.011738888888888889,72.27,95.9
0.011744444444444445,72.27,95.9
0.01175,72.27,95.9
0.011755555555555556,72.27,95.9
0.011761111111111113,72.27,95.9
0.011766666666666667,72.27,95.9
0.011772222222222222,72.27,95.9
0.011777777777777778,72.27,95.9
0.011783333333333333,72.27,95.9
0.011788888888888889,72.27,95.9
0.011794444444444444,72.27,95.9
0.0118,72.27,95.9
0.011805555555555555,72.27,95.9
0.011811111111111113,72.27,95.9
0.011816666666666666,72.27,95.9
0.011822222222222224,72.27,95.9
0.011827777777777777,72.27,95.9
0.011833333333333335,72.27,95.9
0.011838888888888888,72.27,95.9
0.011844444444444444,72.27,95.9
0.01185,72.27,95.9
0.011855555555555555,72.27,95.9
0.011861111111111112,72.27,95.9
0.011866666666666666,72.27,95.9
0.011872222222222223,72.26,95.9
0.011877777777777777,72.26,95.9
0.011883333333333334,72.26,95.9
0.011888888888888888,72.26,95.9
0.011894444444444445,72.26,95.9
0.0119,72.26,95.9
0.011905555555555555,72.26,95.9
0.011911111111111112,72.26,95.9
0.011916666666666666,72.26,95.9
0.011922222222222223,72.26,95.9
0.011927777777777777,72.26,95.9
0.011933333333333334,72.26,95.9
0.011938888888888888,72.26,95.9
0.011944444444444445,72.26,95.9
0.01195,72.26,95.9
0.011955555555555556,72.26,95.9
0.011961111111111112,72.26,95.9
0.011966666666666665,72.26,95.9
0.011972222222222223,72.26,95.9
0.011977777777777776,72.26,95.9
0.011983333333333334,72.26,95.9
0.011988888888888887,72.26,95.9
0.011994444444444445,72.26,95.9
0.012,72.26,95.9
0.012005555555555556,72.26,95.9
0.012011111111111111,72.26,95.9
0.012016666666666667,72.26,95.9
0.012022222222222222,72.26,95.9
0.012027777777777776,72.26,95.9
0.012033333333333333,72.26,95.9
0.01203888888888889,72.26,95.9
0.012044444444444444,72.26,95.9
0.01205,72.26,95.9
0.012055555555555555,72.26,95.9
0.012061111111111111,72.26,95.9
0.012066666666666667,72.26,95.9
0.012072222222222222,72.26,95.9
0.012077777777777778,72.26,95.9
0.012083333333333333,72.26,95.9
0.01208888888888889,72.26,95.9
0.012094444444444444,72.26,95.9
0.012100000000000001,72.26,95.9
0.012105555555555555,72.29,95.9
0.01211111111111111,72.29,95.9
0.012116666666666666,72.29,95.9
0.012122222222222222,72.29,95.9
0.012127777777777777,72.29,95.9
0.012133333333333333,72.29,95.9
0.01213888888888889,72.29,95.9
0.012144444444444444,72.29,95.9
0.012150000000000001,72.29,95.9
0.012155555555555555,72.29,95.9
0.012161111111111112,72.29,95.9
0.012166666666666666,72.29,95.9
0.012172222222222223,72.29,95.9
0.012177777777777779,72.29,95.9
0.012183333333333332,72.29,95.9
0.01218888888888889,72.29,95.9
0.012194444444444444,72.29,95.9
0.0122,72.29,95.9
0.012205555555555555,72.29,95.9
0.012211111111111112,72.29,95.9
0.012216666666666666,72.29,95.9
0.012222222222222223,72.29,95.9
0.012227777777777778,72.29,95.9
0.012233333333333334,72.29,95.9
0.01223888888888889,72.29,95.9
0.012244444444444443,72.29,95.9
0.01225,72.29,95.9
0.012255555555555554,72.29,95.9
0.012261111111111112,72.29,95.9
0.012266666666666665,72.29,95.9
0.012272222222222223,72.29,95.9
0.012277777777777778,72.29,95.9
0.012283333333333334,72.29,95.9
0.012288888888888889,72.29,95.9
0.012294444444444445,72.29,95.9
0.0123,72.29,95.9
0.012305555555555554,72.29,95.9
0.012311111111111111,72.29,95.9
0.012316666666666668,72.29,95.9
0.012322222222222222,72.29,95.9
0.012327777777777778,72.29,95.9
0.012333333333333333,72.29,95.9
0.012338888888888889,72.31,95.9
0.012344444444444444,72.31,95.9
0.01235,72.31,95.9
0.012355555555555555,72.31,95.9
0.012361111111111111,72.31,95.9
0.012366666666666668,72.31,95.9
0.012372222222222222,72.31,95.9
0.01237777777777778,72.31,95.9
0.012383333333333333,72.31,95.9
0.012388888888888889,72.31,95.9
0.012394444444444444,72.31,95.9
0.0124,72.31,95.9
0.012405555555555555,72.31,95.9
0.01241111111111111,72.31,95.9
0.012416666666666668,72.31,95.9
0.012422222222222222,72.31,95.9
0.012427777777777779,72.31,95.9
0.012433333333333333,72.31,95.9
0.01243888888888889,72.31,95.9
0.012444444444444444,72.31,95.9
0.01245,72.31,95.9
0.012455555555555557,72.31,95.9
0.01246111111111111,72.31,95.9
0.012466666666666668,72.31,95.9
0.012472222222222221,72.31,95.9
0.012477777777777779,72.31,95.9
0.012483333333333332,72.31,95.9
0.01248888888888889,72.31,95.9
0.012494444444444443,72.31,95.9
0.0125,72.31,95.9
0.012505555555555556,72.31,95.9
0.012511111111111112,72.31,95.9
0.012516666666666667,72.31,95.9
0.012522222222222221,72.31,95.9
0.012527777777777778,72.31,95.9
0.012533333333333332,72.31,95.9
0.01253888888888889,72.31,95.9
0.012544444444444443,72.31,95.9
0.01255,72.31,95.9
0.012555555555555556,72.31,95.9
0.012561111111111111,72.31,95.9
0.012566666666666667,72.31,95.9
0.012572222222222222,72.29,95.9
0.012577777777777778,72.29,95.9
0.012583333333333332,72.29,95.9
0.012588888888888889,72.29,95.9
0.012594444444444445,72.29,95.9
0.0126,72.29,95.9
0.012605555555555556,72.29,95.9
0.012611111111111111,72.29,95.9
0.012616666666666667,72.29,95.9
0.012622222222222222,72.29,95.9
0.012627777777777778,72.29,95.9
0.012633333333333333,72.29,95.9
0.012638888888888889,72.29,95.9
0.012644444444444446,72.29,95.9
0.01265,72.29,95.9
0.012655555555555557,72.29,95.9
0.01266111111111111,72.29,95.9
0.012666666666666666,72.29,95.9
0.012672222222222222,72.29,95.9
0.012677777777777777,72.29,95.9
0.012683333333333333,72.29,95.9
0.012688888888888888,72.29,95.9
0.012694444444444446,72.29,95.9
0.0127,72.29,95.9
0.012705555555555557,72.29,95.9
0.01271111111111111,72.29,95.9
0.012716666666666668,72.29,95.9
0.012722222222222222,72.29,95.9
0.012727777777777777,72.29,95.9
0.012733333333333334,72.29,95.9
0.012738888888888888,72.29,95.9
0.012744444444444445,72.29,95.9
0.01275,72.29,95.9
0.012755555555555556,72.29,95.9
0.01276111111111111,72.29,95.9
0.012766666666666667,72.29,95.9
0.012772222222222221,72.29,95.9
0.012777777777777779,72.29,95.9
0.012783333333333334,72.29,95.9
0.012788888888888888,72.29,95.9
0.012794444444444445,72.29,95.9
0.012799999999999999,72.29,95.9
0.012805555555555556,72.27,95.9
0.01281111111111111,72.27,95.9
0.012816666666666667,72.27,95.9
0.012822222222222221,72.27,95.9
0.012827777777777778,72.27,95.9
0.012833333333333334,72.27,95.9
0.01283888888888889,72.27,95.9
0.012844444444444445,72.27,95.9
0.01285,72.27,95.9
0.012855555555555556,72.27,95.9
0.01286111111111111,72.27,95.9
0.012866666666666667,72.27,95.9
0.012872222222222222,72.27,95.9
0.012877777777777778,72.27,95.9
0.012883333333333333,72.27,95.9
0.012888888888888889,72.27,95.9
0.012894444444444444,72.27,95.9
0.0129,72.27,95.9
0.012905555555555556,72.27,95.9
0.012911111111111111,72.27,95.9
0.012916666666666667,72.27,95.9
0.012922222222222224,72.27,95.9
0.012927777777777778,72.27,95.9
0.012933333333333333,72.27,95.9
0.012938888888888889,72.27,95.9
0.012944444444444444,72.27,95.9
0.01295,72.27,95.9
0.012955555555555555,72.27,95.9
0.01296111111111111,72.27,95.9
0.012966666666666666,72.27,95.9
0.012972222222222224,72.27,95.9
0.012977777777777777,72.27,95.9
0.012983333333333335,72.27,95.9
0.012988888888888888,72.27,95.9
0.012994444444444446,72.27,95.9
0.013,72.27,95.9
0.013005555555555555,72.27,95.9
0.013011111111111112,72.27,95.9
0.013016666666666666,72.27,95.9
0.013022222222222223,72.27,95.9
0.013027777777777777,72.27,95.9
0.013033333333333334,72.27,95.9
0.013038888888888888,72.28,95.9
0.013044444444444445,72.28,95.9
0.013049999999999999,72.28,95.9
0.013055555555555556,72.28,95.9
0.013061111111111112,72.28,95.9
0.013066666666666666,72.28,95.9
0.013072222222222223,72.28,95.9
0.013077777777777777,72.28,95.9
0.013083333333333334,72.28,95.9
0.013088888888888888,72.28,95.9
0.013094444444444445,72.28,95.9
0.013099999999999999,72.28,95.9
0.013105555555555556,72.28,95.9
0.013111111111111112,72.28,95.9
0.013116666666666667,72.28,95.9
0.013122222222222223,72.28,95.9
0.013127777777777776,72.28,95.9
0.013133333333333334,72.28,95.9
0.013138888888888887,72.28,95.9
0.013144444444444445,72.28,95.9
0.01315,72.28,95.9
0.013155555555555556,72.28,95.9
0.013161111111111111,72.28,95.9
0.013166666666666667,72.28,95.9
0.013172222222222222,72.28,95.9
0.013177777777777778,72.28,95.9
0.013183333333333333,72.28,95.9
0.013188888888888889,72.28,95.9
0.013194444444444444,72.28,95.9
0.013200000000000002,72.28,95.9
0.013205555555555555,72.28,95.9
0.013211111111111111,72.28,95.9
0.013216666666666666,72.28,95.9
0.013222222222222222,72.28,95.9
0.013227777777777778,72.28,95.9
0.013233333333333333,72.28,95.9
0.013238888888888889,72.28,95.9
0.013244444444444444,72.28,95.9
0.013250000000000001,72.28,95.9
0.013255555555555555,72.28,95.9
0.013261111111111112,72.28,95.9
0.013266666666666666,72.28,95.9
0.013272222222222222,72.31,95.9
0.013277777777777777,72.31,95.9
0.013283333333333333,72.31,95.9
0.01328888888888889,72.31,95.9
0.013294444444444444,72.31,95.9
0.013300000000000001,72.31,95.9
0.013305555555555555,72.31,95.9
0.013311111111111112,72.31,95.9
0.013316666666666666,72.31,95.9
0.013322222222222223,72.31,95.9
0.013327777777777777,72.31,95.9
0.013333333333333334,72.31,95.9
0.01333888888888889,72.31,95.9
0.013344444444444443,72.31,95.9
0.01335,72.31,95.9
0.013355555555555555,72.31,95.9
0.013361111111111112,72.31,95.9
0.013366666666666666,72.31,95.9
0.013372222222222223,72.31,95.9
0.013377777777777777,72.31,95.9
0.013383333333333334,72.31,95.9
0.01338888888888889,72.31,95.9
0.013394444444444445,72.31,95.9
0.0134,72.31,95.9
0.013405555555555554,72.31,95.9
0.013411111111111111,72.31,95.9
0.013416666666666665,72.31,95.9
0.013422222222222223,72.31,95.9
0.013427777777777778,72.31,95.9
0.013433333333333334,72.31,95.9
0.013438888888888889,72.31,95.9
0.013444444444444445,72.31,95.9
0.01345,72.31,95.9
0.013455555555555556,72.31,95.9
0.013461111111111111,72.31,95.9
0.013466666666666665,72.31,95.9
0.013472222222222222,72.31,95.9
0.01347777777777778,72.31,95.9
0.013483333333333333,72.31,95.9
0.013488888888888889,72.31,95.9
0.013494444444444444,72.31,95.9
0.0135,72.31,95.9
0.013505555555555555,72.3,95.9
0.013511111111111111,72.3,95.9
0.013516666666666666,72.3,95.9
0.013522222222222222,72.3,95.9
0.01352777777777778,72.3,95.9
0.013533333333333333,72.3,95.9
0.01353888888888889,72.3,95.9
0.013544444444444444,72.3,95.9
0.01355,72.3,95.9
0.013555555555555555,72.3,95.9
0.01356111111111111,72.3,95.9
0.013566666666666668,72.3,95.9
0.013572222222222222,72.3,95.9
0.013577777777777779,72.3,95.9
0.013583333333333333,72.3,95.9
0.01358888888888889,72.3,95.9
0.013594444444444444,72.3,95.9
0.013600000000000001,72.3,95.9
0.013605555555555555,72.3,95.9
0.01361111111111111,72.3,95.9
0.013616666666666668,72.3,95.9
0.013622222222222221,72.3,95.9
0.013627777777777779,72.3,95.9
0.013633333333333332,72.3,95.9
0.01363888888888889,72.3,95.9
0.013644444444444443,72.3,95.9
0.01365,72.3,95.9
0.013655555555555554,72.3,95.9
0.013661111111111112,72.3,95.9
0.013666666666666667,72.3,95.9
0.013672222222222223,72.3,95.9
0.013677777777777778,72.3,95.9
0.013683333333333332,72.3,95.9
0.01368888888888889,72.3,95.9
0.013694444444444443,72.3,95.9
0.0137,72.3,95.9
0.013705555555555556,72.3,95.9
0.013711111111111111,72.3,95.9
0.013716666666666667,72.3,95.9
0.013722222222222222,72.3,95.9
0.013727777777777778,72.3,95.9
0.013733333333333334,72.3,95.9
0.013738888888888889,72.28,95.9
0.013744444444444443,72.28,95.9
0.01375,72.28,95.9
0.013755555555555556,72.28,95.9
0.013761111111111111,72.28,95.9
0.013766666666666667,72.28,95.9
0.013772222222222222,72.28,95.9
0.013777777777777778,72.28,95.9
0.013783333333333333,72.28,95.9
0.013788888888888889,72.28,95.9
0.013794444444444444,72.28,95.9
0.0138,72.28,95.9
0.013805555555555557,72.28,95.9
0.01381111111111111,72.28,95.9
0.013816666666666668,72.28,95.9
0.013822222222222222,72.28,95.9
0.013827777777777777,72.28,95.9
0.013833333333333333,72.28,95.9
0.013838888888888888,72.28,95.9
0.013844444444444446,72.28,95.9
0.01385,72.28,95.9
0.013855555555555557,72.28,95.9
0.01386111111111111,72.28,95.9
0.013866666666666668,72.28,95.9
0.013872222222222222,72.28,95.9
0.013877777777777779,72.28,95.9
0.013883333333333333,72.28,95.9
0.013888888888888888,72.28,95.9
0.013894444444444445,72.28,95.9
0.0139,72.28,95.9
0.013905555555555556,72.28,95.9
0.01391111111111111,72.28,95.9
0.013916666666666667,72.28,95.9
0.013922222222222221,72.28,95.9
0.013927777777777779,72.28,95.9
0.013933333333333332,72.28,95.9
0.01393888888888889,72.28,95.9
0.013944444444444445,72.28,95.9
0.013949999999999999,72.28,95.9
0.013955555555555556,72.28,95.9
0.01396111111111111,72.28,95.9
0.013966666666666667,72.28,95.9
0.013972222222222221,72.27,95.9
0.013977777777777778,72.27,95.9
0.013983333333333334,72.27,95.9
0.01398888888888889,72.27,95.9
0.013994444444444445,72.27,95.9
0.014,72.27,95.9
0.014005555555555556,72.27,95.9
0.014011111111111111,72.27,95.9
0.014016666666666667,72.27,95.9
0.01402222222222222,72.27,95.9
0.014027777777777778,72.27,95.9
0.014033333333333333,72.27,95.9
0.014038888888888889,72.27,95.9
0.014044444444444444,72.27,95.9
0.01405,72.27,95.9
0.014055555555555556,72.27,95.9
0.014061111111111111,72.27,95.9
0.014066666666666667,72.27,95.9
0.014072222222222222,72.27,95.9
0.014077777777777778,72.27,95.9
0.014083333333333335,72.27,95.9
0.014088888888888889,72.27,95.9
0.014094444444444444,72.27,95.9
0.0141,72.27,95.9
0.014105555555555555,72.27,95.9
0.01411111111111111,72.27,95.9
0.014116666666666666,72.27,95.9
0.014122222222222224,72.27,95.9
0.014127777777777777,72.27,95.9
0.014133333333333335,72.27,95.9
0.014138888888888888,72.27,95.9
0.014144444444444446,72.27,95.9
0.01415,72.27,95.9
0.014155555555555557,72.27,95.9
0.01416111111111111,72.27,95.9
0.014166666666666666,72.27,95.9
0.014172222222222223,72.27,95.9
0.014177777777777777,72.27,95.9
0.014183333333333334,72.27,95.9
0.014188888888888888,72.27,95.9
0.014194444444444445,72.27,95.9
0.014199999999999999,72.27,95.9
0.014205555555555556,72.3,95.9
0.01421111111111111,72.3,95.9
0.014216666666666667,72.3,95.9
0.014222222222222223,72.3,95.9
0.014227777777777777,72.3,95.9
0.014233333333333334,72.3,95.9
0.014238888888888888,72.3,95.9
0.014244444444444445,72.3,95.9
0.014249999999999999,72.3,95.9
0.014255555555555556,72.3,95.9
0.014261111111111112,72.3,95.9
0.014266666666666667,72.3,95.9
0.014272222222222223,72.3,95.9
0.014277777777777778,72.3,95.9
0.014283333333333334,72.3,95.9
0.014288888888888887,72.3,95.9
0.014294444444444445,72.3,95.9
0.014299999999999998,72.3,95.9
0.014305555555555556,72.3,95.9
0.014311111111111111,72.3,95.9
0.014316666666666667,72.3,95.9
0.014322222222222222,72.3,95.9
0.014327777777777778,72.3,95.9
0.014333333333333333,72.3,95.9
0.014338888888888889,72.3,95.9
0.014344444444444444,72.3,95.9
0.01435,72.3,95.9
0.014355555555555555,72.3,95.9
0.014361111111111113,72.3,95.9
0.014366666666666666,72.3,95.9
0.014372222222222222,72.3,95.9
0.014377777777777778,72.3,95.9
0.014383333333333333,72.3,95.9
0.014388888888888889,72.3,95.9
0.014394444444444444,72.3,95.9
0.014400000000000001,72.3,95.9
0.014405555555555555,72.3,95.9
0.014411111111111112,72.3,95.9
0.014416666666666666,72.3,95.9
0.014422222222222223,72.3,95.9
0.014427777777777777,72.3,95.9
0.014433333333333333,72.3,95.9
0.014438888888888888,72.31,95.9
0.014444444444444444,72.31,95.9
0.014450000000000001,72.31,95.9
0.014455555555555555,72.31,95.9
0.014461111111111112,72.31,95.9
0.014466666666666666,72.31,95.9
0.014472222222222223,72.31,95.9
0.014477777777777777,72.31,95.9
0.014483333333333334,72.31,95.9
0.014488888888888888,72.31,95.9
0.014494444444444445,72.31,95.9
0.0145,72.31,95.9
0.014505555555555555,72.31,95.9
0.014511111111111112,72.31,95.9
0.014516666666666666,72.31,95.9
0.014522222222222223,72.31,95.9
0.014527777777777777,72.31,95.9
0.014533333333333334,72.31,95.9
0.01453888888888889,72.31,95.9
0.014544444444444445,72.31,95.9
0.01455,72.31,95.9
0.014555555555555556,72.31,95.9
0.014561111111111111,72.31,95.9
0.014566666666666665,72.31,95.9
0.014572222222222223,72.31,95.9
0.014577777777777776,72.31,95.9
0.014583333333333334,72.31,95.9
0.014588888888888889,72.31,95.9
0.014594444444444445,72.31,95.9
0.0146,72.31,95.9
0.014605555555555556,72.31,95.9
0.014611111111111111,72.31,95.9
0.014616666666666667,72.31,95.9
0.014622222222222222,72.31,95.9
0.014627777777777776,72.31,95.9
0.014633333333333333,72.31,95.9
0.01463888888888889,72.31,95.9
0.014644444444444444,72.31,95.9
0.01465,72.31,95.9
0.014655555555555555,72.31,95.9
0.014661111111111111,72.31,95.9
0.014666666666666666,72.31,95.9
0.014672222222222222,72.29,95.9
0.01467777777777778,72.29,95.9
0.014683333333333333,72.29,95.9
0.01468888888888889,72.29,95.9
0.014694444444444444,72.29,95.9
0.014700000000000001,72.29,95.9
0.014705555555555555,72.29,95.9
0.01471111111111111,72.29,95.9
0.014716666666666666,72.29,95.9
0.014722222222222222,72.29,95.9
0.014727777777777779,72.29,95.9
0.014733333333333333,72.29,95.9
0.01473888888888889,72.29,95.9
0.014744444444444444,72.29,95.9
0.014750000000000001,72.29,95.9
0.014755555555555555,72.29,95.9
0.014761111111111112,72.29,95.9
0.014766666666666666,72.29,95.9
0.014772222222222221,72.29,95.9
0.014777777777777779,72.29,95.9
0.014783333333333332,72.29,95.9
0.01478888888888889,72.29,95.9
0.014794444444444443,72.29,95.9
0.0148,72.29,95.9
0.014805555555555554,72.29,95.9
0.014811111111111112,72.29,95.9
0.014816666666666667,72.29,95.9
0.014822222222222223,72.29,95.9
0.014827777777777778,72.29,95.9
0.014833333333333334,72.29,95.9
0.01483888888888889,72.29,95.9
0.014844444444444443,72.29,95.9
0.01485,72.29,95.9
0.014855555555555554,72.29,95.9
0.014861111111111111,72.29,95.9
0.014866666666666667,72.29,95.9
0.014872222222222222,72.29,95.9
0.014877777777777778,72.29,95.9
0.014883333333333333,72.29,95.9
0.014888888888888889,72.29,95.9
0.014894444444444445,72.29,95.9
0.0149,72.29,95.9
0.014905555555555554,72.28,95.9
0.014911111111111111,72.28,95.9
0.014916666666666667,72.28,95.9
0.014922222222222222,72.28,95.9
0.014927777777777778,72.28,95.9
0.014933333333333333,72.28,95.9
0.014938888888888889,72.28,95.9
0.014944444444444444,72.28,95.9
0.01495,72.28,95.9
0.014955555555555557,72.28,95.9
0.01496111111111111,72.28,95.9
0.014966666666666668,72.28,95.9
0.014972222222222222,72.28,95.9
0.014977777777777779,72.28,95.9
0.014983333333333333,72.28,95.9
0.014988888888888888,72.28,95.9
0.014994444444444444,72.28,95.9
0.015,72.28,95.9
0.015005555555555557,72.28,95.9
0.01501111111111111,72.28,95.9
0.015016666666666668,72.28,95.9
0.015022222222222222,72.28,95.9
0.015027777777777779,72.28,95.9
0.015033333333333333,72.28,95.9
0.01503888888888889,72.28,95.9
0.015044444444444444,72.28,95.9
0.01505,72.28,95.9
0.015055555555555556,72.28,95.9
0.01506111111111111,72.28,95.9
0.015066666666666667,72.28,95.9
0.015072222222222221,72.28,95.9
0.015077777777777778,72.28,95.9
0.015083333333333332,72.28,95.9
0.01508888888888889,72.28,95.9
0.015094444444444445,72.28,95.9
0.0151,72.28,95.9
0.015105555555555556,72.28,95.9
0.01511111111111111,72.28,95.9
0.015116666666666667,72.28,95.9
0.015122222222222221,72.28,95.9
0.015127777777777778,72.28,95.9
0.015133333333333332,72.28,95.9
0.01513888888888889,72.29,95.9
0.015144444444444445,72.29,95.9
0.01515,72.29,95.9
0.015155555555555556,72.29,95.9
0.015161111111111111,72.29,95.9
0.015166666666666667,72.29,95.9
0.015172222222222222,72.29,95.9
0.015177777777777778,72.29,95.9
0.015183333333333332,72.29,95.9
0.015188888888888889,72.29,95.9
0.015194444444444444,72.29,95.9
0.0152,72.29,95.9
0.015205555555555555,72.29,95.9
0.015211111111111111,72.29,95.9
0.015216666666666667,72.29,95.9
0.015222222222222222,72.29,95.9
0.015227777777777778,72.29,95.9
0.015233333333333335,72.29,95.9
0.015238888888888889,72.29,95.9
0.015244444444444446,72.29,95.9
0.01525,72.29,95.9
0.015255555555555555,72.29,95.9
0.01526111111111111,72.29,95.9
0.015266666666666666,72.29,95.9
0.015272222222222222,72.29,95.9
0.015277777777777777,72.29,95.9
0.015283333333333335,72.29,95.9
0.015288888888888888,72.29,95.9
0.015294444444444446,72.29,95.9
0.0153,72.29,95.9
0.015305555555555557,72.29,95.9
0.01531111111111111,72.29,95.9
0.015316666666666668,72.29,95.9
0.015322222222222221,72.29,95.9
0.015327777777777777,72.29,95.9
0.015333333333333334,72.29,95.9
0.015338888888888888,72.29,95.9
0.015344444444444445,72.29,95.9
0.015349999999999999,72.29,95.9
0.015355555555555556,72.29,95.9
0.01536111111111111,72.29,95.9
0.015366666666666667,72.29,95.9
0.015372222222222223,72.32,95.9
0.015377777777777778,72.32,95.9
0.015383333333333334,72.32,95.9
0.015388888888888888,72.32,95.9
0.015394444444444445,72.32,95.9
0.015399999999999999,72.32,95.9
0.015405555555555556,72.32,95.9
0.01541111111111111,72.32,95.9
0.015416666666666667,72.32,95.9
0.015422222222222223,72.32,95.9
0.015427777777777778,72.32,95.9
0.015433333333333334,72.32,95.9
0.01543888888888889,72.32,95.9
0.015444444444444445,72.32,95.9
0.015449999999999998,72.32,95.9
0.015455555555555556,72.32,95.9
0.01546111111111111,72.32,95.9
0.015466666666666667,72.32,95.9
0.015472222222222222,72.32,95.9
0.015477777777777778,72.32,95.9
0.015483333333333333,72.32,95.9
0.015488888888888889,72.32,95.9
0.015494444444444444,72.32,95.9
0.0155,72.32,95.9
0.015505555555555555,72.32,95.9
0.015511111111111113,72.32,95.9
0.015516666666666666,72.32,95.9
0.015522222222222224,72.32,95.9
0.015527777777777777,72.32,95.9
0.015533333333333333,72.32,95.9
0.015538888888888889,72.32,95.9
0.015544444444444444,72.32,95.9
0.01555,72.32,95.9
0.015555555555555555,72.32,95.9
0.015561111111111112,72.32,95.9
0.015566666666666666,72.32,95.9
0.015572222222222223,72.32,95.9
0.015577777777777777,72.32,95.9
0.015583333333333334,72.32,95.9
0.015588888888888888,72.32,95.9
0.015594444444444444,72.32,95.9
0.0156,72.32,95.9
0.015605555555555555,72.31,95.9
0.015611111111111112,72.31,95.9
0.015616666666666666,72.31,95.9
0.015622222222222223,72.31,95.9
0.01562777777777778,72.31,95.9
0.015633333333333332,72.31,95.9
0.01563888888888889,72.31,95.9
0.015644444444444443,72.31,95.9
0.01565,72.31,95.9
0.015655555555555555,72.31,95.9
0.015661111111111112,72.31,95.9
0.015666666666666666,72.31,95.9
0.015672222222222223,72.31,95.9
0.015677777777777777,72.31,95.9
0.015683333333333334,72.31,95.9
0.015688888888888888,72.31,95.9
0.015694444444444445,72.31,95.9
0.015700000000000002,72.31,95.9
0.015705555555555556,72.31,95.9
0.015711111111111113,72.31,95.9
0.015716666666666667,72.31,95.9
0.015722222222222224,72.31,95.9
0.015727777777777778,72.31,95.9
0.015733333333333332,72.31,95.9
0.01573888888888889,72.31,95.9
0.015744444444444443,72.31,95.9
0.01575,72.31,95.9
0.015755555555555554,72.31,95.9
0.01576111111111111,72.31,95.9
0.015766666666666665,72.31,95.9
0.015772222222222222,72.31,95.9
0.015777777777777776,72.31,95.9
0.015783333333333333,72.31,95.9
0.01578888888888889,72.31,95.9
0.015794444444444444,72.31,95.9
0.0158,72.31,95.9
0.015805555555555555,72.31,95.9
0.015811111111111113,72.31,95.9
0.015816666666666666,72.31,95.9
0.015822222222222224,72.31,95.9
0.015827777777777777,72.31,95.9
0.015833333333333335,72.31,95.9
0.01583888888888889,72.28,95.9
0.015844444444444446,72.28,95.9
0.01585,72.28,95.9
0.015855555555555557,72.28,95.9
0.01586111111111111,72.28,95.9
0.015866666666666664,72.28,95.9
0.01587222222222222,72.28,95.9
0.015877777777777775,72.28,95.9
0.015883333333333333,72.28,95.9
0.01588888888888889,72.28,95.9
0.015894444444444444,72.28,95.9
0.0159,72.28,95.9
0.015905555555555555,72.28,95.9
0.015911111111111112,72.28,95.9
0.015916666666666666,72.28,95.9
0.015922222222222223,72.28,95.9
0.01592777777777778,72.28,95.9
0.015933333333333334,72.28,95.9
0.01593888888888889,72.28,95.9
0.015944444444444445,72.28,95.9
0.01595,72.28,95.9
0.015955555555555556,72.28,95.9
0.01596111111111111,72.28,95.9
0.015966666666666667,72.28,95.9
0.01597222222222222,72.28,95.9
0.015977777777777778,72.28,95.9
0.015983333333333332,72.28,95.9
0.01598888888888889,72.28,95.9
0.015994444444444443,72.28,95.9
0.016,72.28,95.9
0.016005555555555554,72.28,95.9
0.01601111111111111,72.28,95.9
0.016016666666666665,72.28,95.9
0.016022222222222222,72.28,95.9
0.01602777777777778,72.28,95.9
0.016033333333333333,72.28,95.9
0.01603888888888889,72.28,95.9
0.016044444444444445,72.28,95.9
0.016050000000000002,72.28,95.9
0.016055555555555556,72.28,95.9
0.016061111111111113,72.28,95.9
0.016066666666666667,72.28,95.9
0.01607222222222222,72.28,95.9
0.016077777777777778,72.28,95.9
0.01608333333333333,72.28,95.9
0.01608888888888889,72.28,95.9
0.016094444444444442,72.28,95.9
0.0161,72.28,95.9
0.016105555555555554,72.28,95.9
0.01611111111111111,72.28,95.9
0.016116666666666668,72.28,95.9
0.016122222222222222,72.28,95.9
0.01612777777777778,72.28,95.9
0.016133333333333333,72.28,95.9
0.01613888888888889,72.28,95.9
0.016144444444444444,72.28,95.9
0.01615,72.28,95.9
0.016155555555555555,72.28,95.9
0.016161111111111112,72.28,95.9
0.016166666666666666,72.28,95.9
0.016172222222222223,72.28,95.9
0.016177777777777777,72.28,95.9
0.016183333333333334,72.28,95.9
0.016188888888888888,72.28,95.9
0.016194444444444445,72.28,95.9
0.0162,72.28,95.9
0.016205555555555556,72.28,95.9
0.01621111111111111,72.28,95.9
0.016216666666666667,72.28,95.9
0.01622222222222222,72.28,95.9
0.01622777777777778,72.28,95.9
0.016233333333333332,72.28,95.9
0.01623888888888889,72.28,95.9
0.016244444444444443,72.28,95.9
0.01625,72.28,95.9
0.016255555555555558,72.28,95.9
0.01626111111111111,72.28,95.9
0.01626666666666667,72.28,95.9
0.016272222222222223,72.28,95.9
0.01627777777777778,72.28,95.9
0.016283333333333334,72.28,95.9
0.016288888888888887,72.28,95.9
0.016294444444444445,72.28,95.9
0.0163,72.28,95.9
0.016305555555555556,72.31,95.9
0.01631111111111111,72.31,95.9
0.016316666666666667,72.31,95.9
0.01632222222222222,72.31,95.9
0.016327777777777778,72.31,95.9
0.01633333333333333,72.31,95.9
0.01633888888888889,72.31,95.9
0.016344444444444446,72.31,95.9
0.01635,72.31,95.9
0.016355555555555557,72.31,95.9
0.01636111111111111,72.31,95.9
0.016366666666666668,72.31,95.9
0.016372222222222222,72.31,95.9
0.01637777777777778,72.31,95.9
0.016383333333333333,72.31,95.9
0.01638888888888889,72.31,95.9
0.016394444444444444,72.31,95.9
0.0164,72.31,95.9
0.016405555555555555,72.31,95.9
0.01641111111111111,72.31,95.9
0.016416666666666666,72.31,95.9
0.01642222222222222,72.31,95.9
0.016427777777777777,72.31,95.9
0.01643333333333333,72.31,95.9
0.01643888888888889,72.31,95.9
0.016444444444444446,72.31,95.9
0.01645,72.31,95.9
0.016455555555555557,72.31,95.9
0.01646111111111111,72.31,95.9
0.016466666666666668,72.31,95.9
0.01647222222222222,72.31,95.9
0.01647777777777778,72.31,95.9
0.016483333333333336,72.31,95.9
0.01648888888888889,72.31,95.9
0.016494444444444444,72.31,95.9
0.0165,72.31,95.9
0.016505555555555555,72.31,95.9
0.016511111111111112,72.31,95.9
0.016516666666666666,72.31,95.9
0.016522222222222223,72.31,95.9
0.016527777777777777,72.31,95.9
0.016533333333333334,72.31,95.9
0.016538888888888888,72.32,95.9
0.016544444444444445,72.32,95.9
0.01655,72.32,95.9
0.016555555555555556,72.32,95.9
0.01656111111111111,72.32,95.9
0.016566666666666667,72.32,95.9
0.01657222222222222,72.32,95.9
0.016577777777777778,72.32,95.9
0.016583333333333335,72.32,95.9
0.01658888888888889,72.32,95.9
0.016594444444444446,72.32,95.9
0.0166,72.32,95.9
0.016605555555555557,72.32,95.9
0.01661111111111111,72.32,95.9
0.01661666666666667,72.32,95.9
0.016622222222222222,72.32,95.9
0.016627777777777776,72.32,95.9
0.016633333333333333,72.32,95.9
0.016638888888888887,72.32,95.9
0.016644444444444444,72.32,95.9
0.016649999999999998,72.32,95.9
0.016655555555555555,72.32,95.9
0.01666111111111111,72.32,95.9
0.016666666666666666,72.32,95.9
0.016672222222222224,72.32,95.9
0.016677777777777777,72.32,95.9
0.016683333333333335,72.32,95.9
0.01668888888888889,72.32,95.9
0.016694444444444446,72.32,95.9
0.0167,72.32,95.9
0.016705555555555557,72.32,95.9
0.01671111111111111,72.32,95.9
0.016716666666666668,72.32,95.9
0.01672222222222222,72.32,95.9
0.01672777777777778,72.32,95.9
0.016733333333333333,72.32,95.9
0.01673888888888889,72.32,95.9
0.016744444444444444,72.32,95.9
0.016749999999999998,72.32,95.9
0.016755555555555555,72.32,95.9
0.016761111111111112,72.32,95.9
0.016766666666666666,72.32,95.9
0.016772222222222223,72.3,95.9
0.016777777777777777,72.3,95.9
0.016783333333333334,72.3,95.9
0.016788888888888888,72.3,95.9
0.016794444444444445,72.3,95.9
0.0168,72.3,95.9
0.016805555555555556,72.3,95.9
0.016811111111111113,72.3,95.9
0.016816666666666667,72.3,95.9
0.016822222222222225,72.3,95.9
0.01682777777777778,72.3,95.9
0.016833333333333332,72.3,95.9
0.01683888888888889,72.3,95.9
0.016844444444444443,72.3,95.9
0.01685,72.3,95.9
0.016855555555555554,72.3,95.9
0.01686111111111111,72.3,95.9
0.016866666666666665,72.3,95.9
0.016872222222222222,72.3,95.9
0.016877777777777776,72.3,95.9
0.016883333333333334,72.3,95.9
0.016888888888888887,72.3,95.9
0.016894444444444445,72.3,95.9
0.016900000000000002,72.3,95.9
0.016905555555555556,72.3,95.9
0.016911111111111113,72.3,95.9
0.016916666666666667,72.3,95.9
0.016922222222222224,72.3,95.9
0.016927777777777778,72.3,95.9
0.016933333333333335,72.3,95.9
0.01693888888888889,72.3,95.9
0.016944444444444446,72.3,95.9
0.01695,72.3,95.9
0.016955555555555557,72.3,95.9
0.01696111111111111,72.3,95.9
0.016966666666666665,72.3,95.9
0.016972222222222222,72.3,95.9
0.016977777777777776,72.3,95.9
0.016983333333333333,72.3,95.9
0.016988888888888887,72.3,95.9
0.016994444444444444,72.3,95.9
0.017,72.3,95.9
0.017005555555555555,72.28,95.9
0.017011111111111112,72.28,95.9
0.017016666666666666,72.28,95.9
0.017022222222222223,72.28,95.9
0.017027777777777777,72.28,95.9
0.017033333333333334,72.28,95.9
0.017038888888888888,72.28,95.9
0.017044444444444445,72.28,95.9
0.01705,72.28,95.9
0.017055555555555556,72.28,95.9
0.01706111111111111,72.28,95.9
0.017066666666666667,72.28,95.9
0.01707222222222222,72.28,95.9
0.01707777777777778,72.28,95.9
0.017083333333333332,72.28,95.9
0.01708888888888889,72.28,95.9
0.017094444444444443,72.28,95.9
0.0171,72.28,95.9
0.017105555555555554,72.28,95.9
0.01711111111111111,72.28,95.9
0.017116666666666665,72.28,95.9
0.017122222222222223,72.28,95.9
0.017127777777777776,72.28,95.9
0.017133333333333334,72.28,95.9
0.01713888888888889,72.28,95.9
0.017144444444444445,72.28,95.9
0.017150000000000002,72.28,95.9
0.017155555555555556,72.28,95.9
0.017161111111111113,72.28,95.9
0.017166666666666667,72.28,95.9
0.01717222222222222,72.28,95.9
0.017177777777777778,72.28,95.9
0.01718333333333333,72.28,95.9
0.01718888888888889,72.28,95.9
0.017194444444444443,72.28,95.9
0.0172,72.28,95.9
0.017205555555555554,72.28,95.9
0.01721111111111111,72.28,95.9
0.017216666666666665,72.28,95.9
0.017222222222222222,72.28,95.9
0.01722777777777778,72.28,95.9
0.017233333333333333,72.28,95.9
0.01723888888888889,72.3,95.9
0.017244444444444444,72.3,95.9
0.01725,72.3,95.9
0.017255555555555555,72.3,95.9
0.017261111111111112,72.3,95.9
0.017266666666666666,72.3,95.9
0.017272222222222224,72.3,95.9
0.017277777777777777,72.3,95.9
0.017283333333333335,72.3,95.9
0.01728888888888889,72.3,95.9
0.017294444444444446,72.3,95.9
0.0173,72.3,95.9
0.017305555555555553,72.3,95.9
0.01731111111111111,72.3,95.9
0.017316666666666668,72.3,95.9
0.01732222222222222,72.3,95.9
0.01732777777777778,72.3,95.9
0.017333333333333333,72.3,95.9
0.01733888888888889,72.3,95.9
0.017344444444444444,72.3,95.9
0.01735,72.3,95.9
0.017355555555555555,72.3,95.9
0.017361111111111112,72.3,95.9
0.01736666666666667,72.3,95.9
0.017372222222222223,72.3,95.9
0.017377777777777777,72.3,95.9
0.017383333333333334,72.3,95.9
0.017388888888888888,72.3,95.9
0.017394444444444445,72.3,95.9
0.0174,72.3,95.9
0.017405555555555556,72.3,95.9
0.01741111111111111,72.3,95.9
0.017416666666666667,72.3,95.9
0.01742222222222222,72.3,95.9
0.017427777777777778,72.3,95.9
0.017433333333333332,72.3,95.9
0.01743888888888889,72.3,95.9
0.017444444444444443,72.3,95.9
0.01745,72.3,95.9
0.017455555555555557,72.3,95.9
0.01746111111111111,72.3,95.9
0.01746666666666667,72.3,95.9
0.017472222222222222,72.32,95.9
0.01747777777777778,72.32,95.9
0.017483333333333333,72.32,95.9
0.01748888888888889,72.32,95.9
0.017494444444444444,72.32,95.9
0.0175,72.32,95.9
0.017505555555555555,72.32,95.9
0.01751111111111111,72.32,95.9
0.017516666666666666,72.32,95.9
0.01752222222222222,72.32,95.9
0.017527777777777778,72.32,95.9
0.01753333333333333,72.32,95.9
0.01753888888888889,72.32,95.9
0.017544444444444442,72.32,95.9
0.01755,72.32,95.9
0.017555555555555557,72.32,95.9
0.01756111111111111,72.32,95.9
0.017566666666666668,72.32,95.9
0.01757222222222222,72.32,95.9
0.01757777777777778,72.32,95.9
0.017583333333333333,72.32,95.9
0.01758888888888889,72.32,95.9
0.017594444444444444,72.32,95.9
0.0176,72.32,95.9
0.017605555555555555,72.32,95.9
0.017611111111111112,72.32,95.9
0.017616666666666666,72.32,95.9
0.017622222222222223,72.32,95.9
0.017627777777777777,72.32,95.9
0.017633333333333334,72.32,95.9
0.017638888888888888,72.32,95.9
0.017644444444444445,72.32,95.9
0.01765,72.32,95.9
0.017655555555555556,72.32,95.9
0.01766111111111111,72.32,95.9
0.017666666666666667,72.32,95.9
0.01767222222222222,72.32,95.9
0.01767777777777778,72.32,95.9
0.017683333333333332,72.32,95.9
0.01768888888888889,72.32,95.9
0.017694444444444447,72.32,95.9
0.0177,72.32,95.9
0.017705555555555558,72.31,95.9
0.01771111111111111,72.31,95.9
0.017716666666666665,72.31,95.9
0.017722222222222223,72.31,95.9
0.017727777777777776,72.31,95.9
0.017733333333333334,72.31,95.9
0.017738888888888887,72.31,95.9
0.017744444444444445,72.31,95.9
0.01775,72.31,95.9
0.017755555555555556,72.31,95.9
0.01776111111111111,72.31,95.9
0.017766666666666667,72.31,95.9
0.01777222222222222,72.31,95.9
0.017777777777777778,72.31,95.9
0.01778333333333333,72.31,95.9
0.017788888888888892,72.31,95.9
0.017794444444444446,72.31,95.9
0.0178,72.31,95.9
0.017805555555555554,72.31,95.9
0.01781111111111111,72.31,95.9
0.017816666666666668,72.31,95.9
0.017822222222222222,72.31,95.9
0.01782777777777778,72.31,95.9
0.017833333333333333,72.31,95.9
0.01783888888888889,72.31,95.9
0.017844444444444444,72.31,95.9
0.01785,72.31,95.9
0.017855555555555555,72.31,95.9
0.01786111111111111,72.31,95.9
0.017866666666666666,72.31,95.9
0.017872222222222223,72.31,95.9
0.017877777777777777,72.31,95.9
0.01788333333333333,72.31,95.9
0.01788888888888889,72.31,95.9
0.017894444444444445,72.31,95.9
0.0179,72.31,95.9
0.017905555555555553,72.31,95.9
0.017911111111111114,72.31,95.9
0.017916666666666668,72.31,95.9
0.01792222222222222,72.31,95.9
0.01792777777777778,72.31,95.9
0.017933333333333332,72.31,95.9
0.01793888888888889,72.29,95.9
0.017944444444444443,72.29,95.9
0.01795,72.29,95.9
0.017955555555555554,72.29,95.9
0.01796111111111111,72.29,95.9
0.01796666666666667,72.29,95.9
0.017972222222222223,72.29,95.9
0.017977777777777777,72.29,95.9
0.01798333333333333,72.29,95.9
0.01798888888888889,72.29,95.9
0.017994444444444445,72.29,95.9
0.018,72.29,95.9
0.018005555555555552,72.29,95.9
0.018011111111111113,72.29,95.9
0.018016666666666667,72.29,95.9
0.01802222222222222,72.29,95.9
0.018027777777777778,72.29,95.9
0.018033333333333335,72.29,95.9
0.01803888888888889,72.29,95.9
0.018044444444444443,72.29,95.9
0.01805,72.29,95.9
0.018055555555555554,72.29,95.9
0.01806111111111111,72.29,95.9
0.01806666666666667,72.29,95.9
0.018072222222222222,72.29,95.9
0.018077777777777776,72.29,95.9
0.018083333333333333,72.29,95.9
0.01808888888888889,72.29,95.9
0.018094444444444444,72.29,95.9
0.018099999999999998,72.29,95.9
0.01810555555555556,72.29,95.9
0.018111111111111113,72.29,95.9
0.018116666666666666,72.29,95.9
0.01812222222222222,72.29,95.9
0.01812777777777778,72.29,95.9
0.018133333333333335,72.29,95.9
0.01813888888888889,72.29,95.9
0.018144444444444442,72.29,95.9
0.01815,72.29,95.9
0.018155555555555557,72.29,95.9
0.01816111111111111,72.29,95.9
0.018166666666666668,72.29,95.9
0.01817222222222222,72.29,95.9
0.01817777777777778,72.29,95.9
0.018183333333333333,72.29,95.9
0.01818888888888889,72.29,95.9
0.018194444444444444,72.29,95.9
0.018199999999999997,72.29,95.9
0.018205555555555558,72.29,95.9
0.018211111111111112,72.29,95.9
0.018216666666666666,72.29,95.9
0.01822222222222222,72.29,95.9
0.01822777777777778,72.29,95.9
0.018233333333333334,72.29,95.9
0.018238888888888888,72.29,95.9
0.018244444444444445,72.29,95.9
0.018250000000000002,72.29,95.9
0.018255555555555556,72.29,95.9
0.01826111111111111,72.29,95.9
0.018266666666666667,72.29,95.9
0.01827222222222222,72.29,95.9
0.018277777777777778,72.29,95.9
0.018283333333333332,72.29,95.9
0.01828888888888889,72.29,95.9
0.018294444444444443,72.29,95.9
0.0183,72.29,95.9
0.018305555555555558,72.29,95.9
0.01831111111111111,72.29,95.9
0.018316666666666665,72.29,95.9
0.01832222222222222,72.29,95.9
0.01832777777777778,72.29,95.9
0.018333333333333333,72.29,95.9
0.018338888888888887,72.29,95.9
0.018344444444444444,72.29,95.9
0.01835,72.29,95.9
0.018355555555555556,72.29,95.9
0.01836111111111111,72.29,95.9
0.018366666666666667,72.29,95.9
0.018372222222222224,72.29,95.9
0.018377777777777778,72.29,95.9
0.018383333333333335,72.29,95.9
0.01838888888888889,72.29,95.9
0.018394444444444442,72.29,95.9
0.0184,72.29,95.9
0.018405555555555557,72.32,95.9
0.01841111111111111,72.32,95.9
0.018416666666666665,72.32,95.9
0.018422222222222222,72.32,95.9
0.01842777777777778,72.32,95.9
0.018433333333333333,72.32,95.9
0.018438888888888887,72.32,95.9
0.018444444444444447,72.32,95.9
0.01845,72.32,95.9
0.018455555555555555,72.32,95.9
0.01846111111111111,72.32,95.9
0.01846666666666667,72.32,95.9
0.018472222222222223,72.32,95.9
0.018477777777777777,72.32,95.9
0.018483333333333334,72.32,95.9
0.018488888888888888,72.32,95.9
0.018494444444444445,72.32,95.9
0.0185,72.32,95.9
0.018505555555555556,72.32,95.9
0.01851111111111111,72.32,95.9
0.018516666666666667,72.32,95.9
0.018522222222222225,72.32,95.9
0.01852777777777778,72.32,95.9
0.018533333333333332,72.32,95.9
0.018538888888888886,72.32,95.9
0.018544444444444447,72.32,95.9
0.01855,72.32,95.9
0.018555555555555554,72.32,95.9
0.018561111111111108,72.32,95.9
0.01856666666666667,72.32,95.9
0.018572222222222223,72.32,95.9
0.018577777777777776,72.32,95.9
0.018583333333333334,72.32,95.9
0.01858888888888889,72.32,95.9
0.018594444444444445,72.32,95.9
0.0186,72.32,95.9
0.018605555555555556,72.32,95.9
0.01861111111111111,72.32,95.9
0.018616666666666667,72.32,95.9
0.018622222222222224,72.32,95.9
0.018627777777777778,72.32,95.9
0.01863333333333333,72.32,95.9
0.01863888888888889,72.32,95.9
0.018644444444444446,72.32,95.9
0.01865,72.32,95.9
0.018655555555555554,72.32,95.9
0.018661111111111114,72.32,95.9
0.018666666666666668,72.32,95.9
0.018672222222222222,72.32,95.9
0.018677777777777776,72.32,95.9
0.018683333333333333,72.32,95.9
0.01868888888888889,72.32,95.9
0.018694444444444444,72.32,95.9
0.018699999999999998,72.32,95.9
0.018705555555555555,72.32,95.9
0.018711111111111112,72.32,95.9
0.018716666666666666,72.32,95.9
0.018722222222222223,72.32,95.9
0.018727777777777777,72.32,95.9
0.01873333333333333,72.32,95.9
0.018738888888888888,72.32,95.9
0.018744444444444446,72.32,95.9
0.01875,72.32,95.9
0.018755555555555553,72.32,95.9
0.018761111111111114,72.32,95.9
0.018766666666666668,72.32,95.9
0.01877222222222222,72.32,95.9
0.018777777777777775,72.32,95.9
0.018783333333333336,72.32,95.9
0.01878888888888889,72.32,95.9
0.018794444444444443,72.32,95.9
0.0188,72.32,95.9
0.018805555555555558,72.32,95.9
0.018811111111111112,72.32,95.9
0.018816666666666666,72.32,95.9
0.018822222222222223,72.32,95.9
0.018827777777777777,72.32,95.9
0.018833333333333334,72.32,95.9
0.018838888888888888,72.32,95.9
0.018844444444444445,72.32,95.9
0.01885,72.32,95.9
0.018855555555555556,72.32,95.9
0.018861111111111113,72.32,95.9
0.018866666666666667,72.32,95.9
0.01887222222222222,72.3,95.9
0.018877777777777775,72.3,95.9
0.018883333333333335,72.3,95.9
0.01888888888888889,72.3,95.9
0.018894444444444443,72.3,95.9
0.0189,72.3,95.9
0.018905555555555557,72.3,95.9
0.01891111111111111,72.3,95.9
0.018916666666666665,72.3,95.9
0.018922222222222222,72.3,95.9
0.01892777777777778,72.3,95.9
0.018933333333333333,72.3,95.9
0.01893888888888889,72.3,95.9
0.018944444444444444,72.3,95.9
0.018949999999999998,72.3,95.9
0.018955555555555555,72.3,95.9
0.018961111111111113,72.3,95.9
0.018966666666666666,72.3,95.9
0.01897222222222222,72.3,95.9
0.018977777777777777,72.3,95.9
0.018983333333333335,72.3,95.9
0.01898888888888889,72.3,95.9
0.018994444444444442,72.3,95.9
0.019000000000000003,72.3,95.9
0.019005555555555557,72.3,95.9
0.01901111111111111,72.3,95.9
0.019016666666666664,72.3,95.9
0.01902222222222222,72.3,95.9
0.01902777777777778,72.3,95.9
0.019033333333333333,72.3,95.9
0.01903888888888889,72.3,95.9
0.019044444444444444,72.3,95.9
0.01905,72.3,95.9
0.019055555555555555,72.3,95.9
0.019061111111111112,72.3,95.9
0.019066666666666666,72.3,95.9
0.01907222222222222,72.3,95.9
0.01907777777777778,72.3,95.9
0.019083333333333334,72.3,95.9
0.019088888888888888,72.3,95.9
0.01909444444444444,72.3,95.9
0.019100000000000002,72.3,95.9
0.019105555555555556,72.28,95.9
0.01911111111111111,72.28,95.9
0.019116666666666664,72.28,95.9
0.019122222222222224,72.28,95.9
0.01912777777777778,72.28,95.9
0.019133333333333332,72.28,95.9
0.01913888888888889,72.28,95.9
0.019144444444444447,72.28,95.9
0.01915,72.28,95.9
0.019155555555555554,72.28,95.9
0.01916111111111111,72.28,95.9
0.019166666666666665,72.28,95.9
0.019172222222222222,72.28,95.9
0.01917777777777778,72.28,95.9
0.019183333333333333,72.28,95.9
0.019188888888888887,72.28,95.9
0.019194444444444445,72.28,95.9
0.019200000000000002,72.28,95.9
0.019205555555555556,72.28,95.9
0.01921111111111111,72.28,95.9
0.01921666666666667,72.28,95.9
0.019222222222222224,72.28,95.9
0.019227777777777778,72.28,95.9
0.01923333333333333,72.28,95.9
0.01923888888888889,72.28,95.9
0.019244444444444446,72.28,95.9
0.01925,72.28,95.9
0.019255555555555554,72.28,95.9
0.01926111111111111,72.28,95.9
0.019266666666666668,72.28,95.9
0.019272222222222222,72.28,95.9
0.01927777777777778,72.28,95.9
0.019283333333333333,72.28,95.9
0.019288888888888887,72.28,95.9
0.019294444444444444,72.28,95.9
0.0193,72.28,95.9
0.019305555555555555,72.28,95.9
0.01931111111111111,72.28,95.9
0.01931666666666667,72.28,95.9
0.019322222222222223,72.28,95.9
0.019327777777777777,72.28,95.9
0.01933333333333333,72.28,95.9
0.01933888888888889,72.3,95.9
0.019344444444444445,72.3,95.9
0.01935,72.3,95.9
0.019355555555555556,72.3,95.9
0.01936111111111111,72.3,95.9
0.019366666666666667,72.3,95.9
0.01937222222222222,72.3,95.9
0.01937777777777778,72.3,95.9
0.019383333333333332,72.3,95.9
0.01938888888888889,72.3,95.9
0.019394444444444443,72.3,95.9
0.0194,72.3,95.9
0.019405555555555554,72.3,95.9
0.019411111111111108,72.3,95.9
0.01941666666666667,72.3,95.9
0.019422222222222223,72.3,95.9
0.019427777777777776,72.3,95.9
0.01943333333333333,72.3,95.9
0.01943888888888889,72.3,95.9
0.019444444444444445,72.3,95.9
0.01945,72.3,95.9
0.019455555555555556,72.3,95.9
0.019461111111111113,72.3,95.9
0.019466666666666667,72.3,95.9
0.01947222222222222,72.3,95.9
0.019477777777777778,72.3,95.9
0.019483333333333335,72.3,95.9
0.01948888888888889,72.3,95.9
0.019494444444444446,72.3,95.9
0.0195,72.3,95.9
0.019505555555555554,72.3,95.9
0.01951111111111111,72.3,95.9
0.01951666666666667,72.3,95.9
0.019522222222222222,72.3,95.9
0.019527777777777776,72.3,95.9
0.019533333333333333,72.3,95.9
0.01953888888888889,72.3,95.9
0.019544444444444444,72.3,95.9
0.019549999999999998,72.3,95.9
0.01955555555555556,72.3,95.9
0.019561111111111112,72.3,95.9
0.019566666666666666,72.3,95.9
0.01957222222222222,72.33,95.9
0.019577777777777777,72.33,95.9
0.019583333333333335,72.33,95.9
0.01958888888888889,72.33,95.9
0.019594444444444446,72.33,95.9
0.0196,72.33,95.9
0.019605555555555557,72.33,95.9
0.01961111111111111,72.33,95.9
0.019616666666666668,72.33,95.9
0.01962222222222222,72.33,95.9
0.019627777777777775,72.33,95.9
0.019633333333333336,72.33,95.9
0.01963888888888889,72.33,95.9
0.019644444444444444,72.33,95.9
0.019649999999999997,72.33,95.9
0.019655555555555558,72.33,95.9
0.019661111111111112,72.33,95.9
0.019666666666666666,72.33,95.9
0.01967222222222222,72.33,95.9
0.01967777777777778,72.33,95.9
0.019683333333333334,72.33,95.9
0.019688888888888888,72.33,95.9
0.019694444444444445,72.33,95.9
0.0197,72.33,95.9
0.019705555555555556,72.33,95.9
0.01971111111111111,72.33,95.9
0.019716666666666667,72.33,95.9
0.01972222222222222,72.33,95.9
0.019727777777777778,72.33,95.9
0.019733333333333335,72.33,95.9
0.01973888888888889,72.33,95.9
0.019744444444444443,72.33,95.9
0.019749999999999997,72.33,95.9
0.019755555555555557,72.33,95.9
0.01976111111111111,72.33,95.9
0.019766666666666665,72.33,95.9
0.019772222222222226,72.33,95.9
0.01977777777777778,72.33,95.9
0.019783333333333333,72.33,95.9
0.019788888888888887,72.33,95.9
0.019794444444444444,72.33,95.9
0.0198,72.33,95.9
0.019805555555555555,72.31,95.9
0.01981111111111111,72.31,95.9
0.019816666666666666,72.31,95.9
0.019822222222222224,72.31,95.9
0.019827777777777778,72.31,95.9
0.019833333333333335,72.31,95.9
0.01983888888888889,72.31,95.9
0.019844444444444442,72.31,95.9
0.01985,72.31,95.9
0.019855555555555557,72.31,95.9
0.01986111111111111,72.31,95.9
0.019866666666666664,72.31,95.9
0.019872222222222225,72.31,95.9
0.01987777777777778,72.31,95.9
0.019883333333333333,72.31,95.9
0.019888888888888887,72.31,95.9
0.019894444444444447,72.31,95.9
0.0199,72.31,95.9
0.019905555555555555,72.31,95.9
0.019911111111111112,72.31,95.9
0.019916666666666666,72.31,95.9
0.019922222222222223,72.31,95.9
0.019927777777777777,72.31,95.9
0.019933333333333334,72.31,95.9
0.019938888888888888,72.31,95.9
0.019944444444444445,72.31,95.9
0.01995,72.31,95.9
0.019955555555555556,72.31,95.9
0.01996111111111111,72.31,95.9
0.019966666666666664,72.31,95.9
0.019972222222222225,72.31,95.9
0.01997777777777778,72.31,95.9
0.019983333333333332,72.31,95.9
0.019988888888888886,72.31,95.9
0.019994444444444447,72.31,95.9
0.02,72.31,95.9
0.020005555555555554,72.31,95.9
0.02001111111111111,72.31,95.9
0.02001666666666667,72.31,95.9
0.020022222222222223,72.31,95.9
0.020027777777777776,72.31,95.9
0.020033333333333334,72.31,95.9
0.020038888888888887,72.29,95.9
0.020044444444444445,72.29,95.9
0.020050000000000002,72.29,95.9
0.020055555555555556,72.29,95.9
0.02006111111111111,72.29,95.9
0.020066666666666667,72.29,95.9
0.020072222222222224,72.29,95.9
0.020077777777777778,72.29,95.9
0.02008333333333333,72.29,95.9
0.020088888888888885,72.29,95.9
0.020094444444444446,72.29,95.9
0.0201,72.29,95.9
0.020105555555555554,72.29,95.9
0.020111111111111114,72.29,95.9
0.020116666666666668,72.29,95.9
0.020122222222222222,72.29,95.9
0.020127777777777776,72.29,95.9
0.020133333333333333,72.29,95.9
0.02013888888888889,72.29,95.9
0.020144444444444444,72.29,95.9
0.02015,72.29,95.9
0.020155555555555555,72.29,95.9
0.020161111111111112,72.29,95.9
0.020166666666666666,72.29,95.9
0.020172222222222223,72.29,95.9
0.020177777777777777,72.29,95.9
0.02018333333333333,72.29,95.9
0.02018888888888889,72.29,95.9
0.020194444444444445,72.29,95.9
0.0202,72.29,95.9
0.020205555555555553,72.29,95.9
0.020211111111111114,72.29,95.9
0.020216666666666668,72.29,95.9
0.02022222222222222,72.29,95.9
0.020227777777777775,72.29,95.9
0.020233333333333336,72.29,95.9
0.02023888888888889,72.29,95.9
0.020244444444444443,72.29,95.9
0.02025,72.29,95.9
0.020255555555555554,72.29,95.9
0.02026111111111111,72.29,95.9
0.020266666666666665,72.29,95.9
0.020272222222222223,72.29,95.9
0.020277777777777777,72.29,95.9
0.020283333333333334,72.29,95.9
0.02028888888888889,72.29,95.9
0.020294444444444445,72.29,95.9
0.0203,72.29,95.9
0.020305555555555552,72.29,95.9
0.020311111111111113,72.29,95.9
0.020316666666666667,72.29,95.9
0.02032222222222222,72.29,95.9
0.020327777777777778,72.29,95.9
0.020333333333333335,72.29,95.9
0.02033888888888889,72.29,95.9
0.020344444444444443,72.29,95.9
0.02035,72.29,95.9
0.020355555555555557,72.29,95.9
0.02036111111111111,72.29,95.9
0.020366666666666665,72.29,95.9
0.020372222222222222,72.29,95.9
0.020377777777777776,72.29,95.9
0.020383333333333333,72.29,95.9
0.02038888888888889,72.29,95.9
0.020394444444444444,72.29,95.9
0.020399999999999998,72.29,95.9
0.020405555555555555,72.29,95.9
0.020411111111111113,72.29,95.9
0.020416666666666666,72.29,95.9
0.02042222222222222,72.29,95.9
0.02042777777777778,72.29,95.9
0.020433333333333335,72.29,95.9
0.02043888888888889,72.29,95.9
0.020444444444444442,72.29,95.9
0.020450000000000003,72.29,95.9
0.020455555555555557,72.29,95.9
0.02046111111111111,72.29,95.9
0.020466666666666668,72.29,95.9
0.02047222222222222,72.29,95.9
0.02047777777777778,72.29,95.9
0.020483333333333333,72.29,95.9
0.02048888888888889,72.29,95.9
0.020494444444444444,72.29,95.9
0.0205,72.29,95.9
0.020505555555555555,72.32,95.9
0.020511111111111112,72.32,95.9
0.020516666666666666,72.32,95.9
0.02052222222222222,72.32,95.9
0.02052777777777778,72.32,95.9
0.020533333333333334,72.32,95.9
0.020538888888888888,72.32,95.9
0.02054444444444444,72.32,95.9
0.020550000000000002,72.32,95.9
0.020555555555555556,72.32,95.9
0.02056111111111111,72.32,95.9
0.020566666666666667,72.32,95.9
0.020572222222222224,72.32,95.9
0.020577777777777778,72.32,95.9
0.020583333333333332,72.32,95.9
0.02058888888888889,72.32,95.9
0.020594444444444443,72.32,95.9
0.0206,72.32,95.9
0.020605555555555558,72.32,95.9
0.02061111111111111,72.32,95.9
0.020616666666666665,72.32,95.9
0.020622222222222222,72.32,95.9
0.02062777777777778,72.32,95.9
0.020633333333333333,72.32,95.9
0.020638888888888887,72.32,95.9
0.02064444444444444,72.32,95.9
0.02065,72.32,95.9
0.020655555555555555,72.32,95.9
0.02066111111111111,72.32,95.9
0.020666666666666667,72.32,95.9
0.020672222222222224,72.32,95.9
0.020677777777777778,72.32,95.9
0.02068333333333333,72.32,95.9
0.02068888888888889,72.32,95.9
0.020694444444444446,72.32,95.9
0.0207,72.32,95.9
0.020705555555555557,72.32,95.9
0.02071111111111111,72.32,95.9
0.020716666666666664,72.32,95.9
0.020722222222222222,72.32,95.9
0.02072777777777778,72.32,95.9
0.020733333333333333,72.32,95.9
0.020738888888888887,72.32,95.9
0.020744444444444447,72.32,95.9
0.02075,72.32,95.9
0.020755555555555555,72.32,95.9
0.02076111111111111,72.32,95.9
0.02076666666666667,72.32,95.9
0.020772222222222223,72.32,95.9
0.020777777777777777,72.32,95.9
0.02078333333333333,72.32,95.9
0.02078888888888889,72.32,95.9
0.020794444444444445,72.32,95.9
0.0208,72.32,95.9
0.020805555555555556,72.32,95.9
0.02081111111111111,72.32,95.9
0.020816666666666667,72.32,95.9
0.02082222222222222,72.32,95.9
0.02082777777777778,72.32,95.9
0.020833333333333332,72.32,95.9
0.02083888888888889,72.32,95.9
0.020844444444444447,72.32,95.9
0.02085,72.32,95.9
0.020855555555555554,72.32,95.9
0.020861111111111108,72.32,95.9
0.02086666666666667,72.32,95.9
0.020872222222222223,72.32,95.9
0.020877777777777776,72.32,95.9
0.020883333333333334,72.32,95.9
0.02088888888888889,72.32,95.9
0.020894444444444445,72.32,95.9
0.0209,72.32,95.9
0.020905555555555556,72.32,95.9
0.020911111111111113,72.32,95.9
0.020916666666666667,72.32,95.9
0.02092222222222222,72.32,95.9
0.020927777777777778,72.32,95.9
0.02093333333333333,72.32,95.9
0.02093888888888889,72.32,95.9
0.020944444444444446,72.32,95.9
0.02095,72.32,95.9
0.020955555555555554,72.32,95.9
0.02096111111111111,72.32,95.9
0.020966666666666668,72.32,95.9
0.020972222222222222,72.3,95.9
0.020977777777777776,72.3,95.9
0.020983333333333336,72.3,95.9
0.02098888888888889,72.3,95.9
0.020994444444444444,72.3,95.9
0.020999999999999998,72.3,95.9
0.021005555555555555,72.3,95.9
0.021011111111111112,72.3,95.9
0.021016666666666666,72.3,95.9
0.021022222222222223,72.3,95.9
0.021027777777777777,72.3,95.9
0.021033333333333334,72.3,95.9
0.021038888888888888,72.3,95.9
0.021044444444444445,72.3,95.9
0.02105,72.3,95.9
0.021055555555555553,72.3,95.9
0.02106111111111111,72.3,95.9
0.021066666666666668,72.3,95.9
0.02107222222222222,72.3,95.9
0.021077777777777775,72.3,95.9
0.021083333333333336,72.3,95.9
0.02108888888888889,72.3,95.9
0.021094444444444443,72.3,95.9
0.021099999999999997,72.3,95.9
0.021105555555555558,72.3,95.9
0.021111111111111112,72.3,95.9
0.021116666666666666,72.3,95.9
0.021122222222222223,72.3,95.9
0.02112777777777778,72.3,95.9
0.021133333333333334,72.3,95.9
0.021138888888888888,72.3,95.9
0.021144444444444445,72.3,95.9
0.02115,72.3,95.9
0.021155555555555556,72.3,95.9
0.021161111111111113,72.3,95.9
0.021166666666666667,72.3,95.9
0.02117222222222222,72.3,95.9
0.021177777777777778,72.3,95.9
0.021183333333333335,72.3,95.9
0.02118888888888889,72.3,95.9
0.021194444444444443,72.3,95.9
0.021199999999999997,72.3,95.9
0.021205555555555557,72.29,95.9
0.02121111111111111,72.29,95.9
0.021216666666666665,72.29,95.9
0.021222222222222222,72.29,95.9
0.02122777777777778,72.29,95.9
0.021233333333333333,72.29,95.9
0.021238888888888887,72.29,95.9
0.021244444444444444,72.29,95.9
0.02125,72.29,95.9
0.021255555555555555,72.29,95.9
0.021261111111111113,72.29,95.9
0.021266666666666666,72.29,95.9
0.02127222222222222,72.29,95.9
0.021277777777777777,72.29,95.9
0.021283333333333335,72.29,95.9
0.02128888888888889,72.29,95.9
0.021294444444444442,72.29,95.9
0.021300000000000003,72.29,95.9
0.021305555555555557,72.29,95.9
0.02131111111111111,72.29,95.9
0.021316666666666664,72.29,95.9
0.021322222222222225,72.29,95.9
0.02132777777777778,72.29,95.9
0.021333333333333333,72.29,95.9
0.021338888888888886,72.29,95.9
0.021344444444444444,72.29,95.9
0.02135,72.29,95.9
0.021355555555555555,72.29,95.9
0.021361111111111112,72.29,95.9
0.021366666666666666,72.29,95.9
0.021372222222222223,72.29,95.9
0.021377777777777777,72.29,95.9
0.021383333333333334,72.29,95.9
0.021388888888888888,72.29,95.9
0.02139444444444444,72.29,95.9
0.021400000000000002,72.29,95.9
0.021405555555555556,72.29,95.9
0.02141111111111111,72.29,95.9
0.021416666666666664,72.29,95.9
0.021422222222222224,72.29,95.9
0.021427777777777778,72.29,95.9
0.021433333333333332,72.29,95.9
0.02143888888888889,72.31,95.9
0.021444444444444447,72.31,95.9
0.02145,72.31,95.9
0.021455555555555554,72.31,95.9
0.02146111111111111,72.31,95.9
0.02146666666666667,72.31,95.9
0.021472222222222222,72.31,95.9
0.021477777777777776,72.31,95.9
0.021483333333333333,72.31,95.9
0.021488888888888887,72.31,95.9
0.021494444444444444,72.31,95.9
0.021500000000000002,72.31,95.9
0.021505555555555556,72.31,95.9
0.02151111111111111,72.31,95.9
0.021516666666666667,72.31,95.9
0.021522222222222224,72.31,95.9
0.021527777777777778,72.31,95.9
0.02153333333333333,72.31,95.9
0.021538888888888892,72.31,95.9
0.021544444444444446,72.31,95.9
0.02155,72.31,95.9
0.021555555555555553,72.31,95.9
0.02156111111111111,72.31,95.9
0.021566666666666668,72.31,95.9
0.021572222222222222,72.31,95.9
0.02157777777777778,72.31,95.9
0.021583333333333333,72.31,95.9
0.02158888888888889,72.31,95.9
0.021594444444444444,72.31,95.9
0.0216,72.31,95.9
0.021605555555555555,72.31,95.9
0.02161111111111111,72.31,95.9
0.021616666666666666,72.31,95.9
0.021622222222222223,72.31,95.9
0.021627777777777777,72.31,95.9
0.02163333333333333,72.31,95.9
0.02163888888888889,72.31,95.9
0.021644444444444445,72.31,95.9
0.02165,72.31,95.9
0.021655555555555553,72.31,95.9
0.021661111111111114,72.31,95.9
0.021666666666666667,72.31,95.9
0.02167222222222222,72.33,95.9
0.02167777777777778,72.33,95.9
0.021683333333333332,72.33,95.9
0.02168888888888889,72.33,95.9
0.021694444444444443,72.33,95.9
0.0217,72.33,95.9
0.021705555555555554,72.33,95.9
0.02171111111111111,72.33,95.9
0.02171666666666667,72.33,95.9
0.021722222222222223,72.33,95.9
0.021727777777777776,72.33,95.9
0.02173333333333333,72.33,95.9
0.02173888888888889,72.33,95.9
0.021744444444444445,72.33,95.9
0.02175,72.33,95.9
0.021755555555555552,72.33,95.9
0.021761111111111113,72.33,95.9
0.021766666666666667,72.33,95.9
0.02177222222222222,72.33,95.9
0.021777777777777778,72.33,95.9
0.021783333333333335,72.33,95.9
0.02178888888888889,72.33,95.9
0.021794444444444443,72.33,95.9
0.0218,72.33,95.9
0.021805555555555557,72.33,95.9
0.02181111111111111,72.33,95.9
0.021816666666666668,72.33,95.9
0.021822222222222222,72.33,95.9
0.021827777777777776,72.33,95.9
0.021833333333333333,72.33,95.9
0.02183888888888889,72.33,95.9
0.021844444444444444,72.33,95.9
0.021849999999999998,72.33,95.9
0.02185555555555556,72.33,95.9
0.021861111111111112,72.33,95.9
0.021866666666666666,72.33,95.9
0.02187222222222222,72.33,95.9
0.02187777777777778,72.33,95.9
0.021883333333333334,72.33,95.9
0.02188888888888889,72.33,95.9
0.021894444444444442,72.33,95.9
0.0219,72.33,95.9
0.021905555555555557,72.31,95.9
0.02191111111111111,72.31,95.9
0.021916666666666668,72.31,95.9
0.02192222222222222,72.31,95.9
0.02192777777777778,72.31,95.9
0.021933333333333332,72.31,95.9
0.02193888888888889,72.31,95.9
0.021944444444444444,72.31,95.9
0.021949999999999997,72.31,95.9
0.021955555555555558,72.31,95.9
0.021961111111111112,72.31,95.9
0.021966666666666666,72.31,95.9
0.02197222222222222,72.31,95.9
0.02197777777777778,72.31,95.9
0.021983333333333334,72.31,95.9
0.021988888888888888,72.31,95.9
0.021994444444444445,72.31,95.9
0.022000000000000002,72.31,95.9
0.022005555555555556,72.31,95.9
0.02201111111111111,72.31,95.9
0.022016666666666667,72.31,95.9
0.02202222222222222,72.31,95.9
0.022027777777777778,72.31,95.9
0.022033333333333332,72.31,95.9
0.02203888888888889,72.31,95.9
0.022044444444444443,72.31,95.9
0.02205,72.31,95.9
0.022055555555555557,72.31,95.9
0.02206111111111111,72.31,95.9
0.022066666666666665,72.31,95.9
0.02207222222222222,72.31,95.9
0.02207777777777778,72.31,95.9
0.022083333333333333,72.31,95.9
0.022088888888888887,72.31,95.9
0.022094444444444448,72.31,95.9
0.0221,72.31,95.9
0.022105555555555555,72.31,95.9
0.02211111111111111,72.31,95.9
0.022116666666666666,72.31,95.9
0.022122222222222224,72.31,95.9
0.022127777777777777,72.31,95.9
0.022133333333333335,72.31,95.9
0.02213888888888889,72.29,95.9
0.022144444444444446,72.29,95.9
0.02215,72.29,95.9
0.022155555555555557,72.29,95.9
0.02216111111111111,72.29,95.9
0.022166666666666664,72.29,95.9
0.02217222222222222,72.29,95.9
0.02217777777777778,72.29,95.9
0.022183333333333333,72.29,95.9
0.022188888888888886,72.29,95.9
0.022194444444444447,72.29,95.9
0.0222,72.29,95.9
0.022205555555555555,72.29,95.9
0.02221111111111111,72.29,95.9
0.02221666666666667,72.29,95.9
0.022222222222222223,72.29,95.9
0.022227777777777777,72.29,95.9
0.022233333333333334,72.29,95.9
0.022238888888888888,72.29,95.9
0.022244444444444445,72.29,95.9
0.02225,72.29,95.9
0.022255555555555556,72.29,95.9
0.02226111111111111,72.29,95.9
0.022266666666666667,72.29,95.9
0.022272222222222225,72.29,95.9
0.02227777777777778,72.29,95.9
0.022283333333333332,72.29,95.9
0.022288888888888886,72.29,95.9
0.022294444444444447,72.29,95.9
0.0223,72.29,95.9
0.022305555555555554,72.29,95.9
0.022311111111111108,72.29,95.9
0.02231666666666667,72.29,95.9
0.022322222222222222,72.29,95.9
0.022327777777777776,72.29,95.9
0.022333333333333334,72.29,95.9
0.02233888888888889,72.29,95.9
0.022344444444444445,72.29,95.9
0.02235,72.29,95.9
0.022355555555555556,72.29,95.9
0.02236111111111111,72.29,95.9
0.022366666666666667,72.29,95.9
0.022372222222222224,72.3,95.9
0.022377777777777778,72.3,95.9
0.02238333333333333,72.3,95.9
0.02238888888888889,72.3,95.9
0.022394444444444446,72.3,95.9
0.0224,72.3,95.9
0.022405555555555554,72.3,95.9
0.022411111111111114,72.3,95.9
0.022416666666666668,72.3,95.9
0.022422222222222222,72.3,95.9
0.022427777777777776,72.3,95.9
0.022433333333333336,72.3,95.9
0.02243888888888889,72.3,95.9
0.022444444444444444,72.3,95.9
0.022449999999999998,72.3,95.9
0.022455555555555555,72.3,95.9
0.022461111111111112,72.3,95.9
0.022466666666666666,72.3,95.9
0.022472222222222223,72.3,95.9
0.022477777777777777,72.3,95.9
0.022483333333333334,72.3,95.9
0.022488888888888888,72.3,95.9
0.022494444444444445,72.3,95.9
0.0225,72.3,95.9
0.022505555555555553,72.3,95.9
0.022511111111111114,72.3,95.9
0.022516666666666667,72.3,95.9
0.02252222222222222,72.3,95.9
0.022527777777777775,72.3,95.9
0.022533333333333336,72.3,95.9
0.02253888888888889,72.3,95.9
0.022544444444444443,72.3,95.9
0.02255,72.3,95.9
0.022555555555555558,72.3,95.9
0.02256111111111111,72.3,95.9
0.022566666666666665,72.3,95.9
0.022572222222222223,72.3,95.9
0.022577777777777776,72.3,95.9
0.022583333333333334,72.3,95.9
0.022588888888888888,72.3,95.9
0.022594444444444445,72.3,95.9
0.0226,72.3,95.9
0.022605555555555556,72.33,95.9
0.022611111111111113,72.33,95.9
0.022616666666666667,72.33,95.9
0.02262222222222222,72.33,95.9
0.022627777777777774,72.33,95.9
0.022633333333333335,72.33,95.9
0.02263888888888889,72.33,95.9
0.022644444444444443,72.33,95.9
0.022650000000000003,72.33,95.9
0.022655555555555557,72.33,95.9
0.02266111111111111,72.33,95.9
0.022666666666666665,72.33,95.9
0.022672222222222222,72.33,95.9
0.02267777777777778,72.33,95.9
0.022683333333333333,72.33,95.9
0.02268888888888889,72.33,95.9
0.022694444444444444,72.33,95.9
0.022699999999999998,72.33,95.9
0.022705555555555555,72.33,95.9
0.022711111111111112,72.33,95.9
0.022716666666666666,72.33,95.9
0.02272222222222222,72.33,95.9
0.022727777777777777,72.33,95.9
0.022733333333333335,72.33,95.9
0.02273888888888889,72.33,95.9
0.022744444444444442,72.33,95.9
0.022750000000000003,72.33,95.9
0.022755555555555557,72.33,95.9
0.02276111111111111,72.33,95.9
0.022766666666666664,72.33,95.9
0.022772222222222225,72.33,95.9
0.02277777777777778,72.33,95.9
0.022783333333333333,72.33,95.9
0.02278888888888889,72.33,95.9
0.022794444444444444,72.33,95.9
0.0228,72.33,95.9
0.022805555555555555,72.33,95.9
0.022811111111111112,72.33,95.9
0.022816666666666666,72.33,95.9
0.022822222222222223,72.33,95.9
0.02282777777777778,72.33,95.9
0.022833333333333334,72.33,95.9
0.022838888888888888,72.32,95.9
0.02284444444444444,72.32,95.9
0.022850000000000002,72.32,95.9
0.022855555555555556,72.32,95.9
0.02286111111111111,72.32,95.9
0.022866666666666664,72.32,95.9
0.022872222222222224,72.32,95.9
0.022877777777777778,72.32,95.9
0.022883333333333332,72.32,95.9
0.02288888888888889,72.32,95.9
0.022894444444444446,72.32,95.9
0.0229,72.32,95.9
0.022905555555555554,72.32,95.9
0.02291111111111111,72.32,95.9
0.022916666666666665,72.32,95.9
0.022922222222222222,72.32,95.9
0.02292777777777778,72.32,95.9
0.022933333333333333,72.32,95.9
0.022938888888888887,72.32,95.9
0.022944444444444444,72.32,95.9
0.02295,72.32,95.9
0.022955555555555555,72.32,95.9
0.02296111111111111,72.32,95.9
0.02296666666666667,72.32,95.9
0.022972222222222224,72.32,95.9
0.022977777777777778,72.32,95.9
0.02298333333333333,72.32,95.9
0.022988888888888892,72.32,95.9
0.022994444444444446,72.32,95.9
0.023,72.32,95.9
0.023005555555555553,72.32,95.9
0.02301111111111111,72.32,95.9
0.023016666666666668,72.32,95.9
0.02302222222222222,72.32,95.9
0.02302777777777778,72.32,95.9
0.023033333333333333,72.32,95.9
0.023038888888888887,72.32,95.9
0.023044444444444444,72.32,95.9
0.02305,72.32,95.9
0.023055555555555555,72.32,95.9
0.02306111111111111,72.32,95.9
0.02306666666666667,72.32,95.9
0.023072222222222223,72.3,95.9
0.023077777777777777,72.3,95.9
0.02308333333333333,72.3,95.9
0.02308888888888889,72.3,95.9
0.023094444444444445,72.3,95.9
0.0231,72.3,95.9
0.023105555555555556,72.3,95.9
0.023111111111111114,72.3,95.9
0.023116666666666667,72.3,95.9
0.02312222222222222,72.3,95.9
0.02312777777777778,72.3,95.9
0.023133333333333332,72.3,95.9
0.02313888888888889,72.3,95.9
0.023144444444444443,72.3,95.9
0.02315,72.3,95.9
0.023155555555555554,72.3,95.9
0.02316111111111111,72.3,95.9
0.02316666666666667,72.3,95.9
0.023172222222222223,72.3,95.9
0.023177777777777776,72.3,95.9
0.02318333333333333,72.3,95.9
0.02318888888888889,72.3,95.9
0.023194444444444445,72.3,95.9
0.0232,72.3,95.9
0.023205555555555556,72.3,95.9
0.023211111111111113,72.3,95.9
0.023216666666666667,72.3,95.9
0.02322222222222222,72.3,95.9
0.023227777777777778,72.3,95.9
0.023233333333333335,72.3,95.9
0.02323888888888889,72.3,95.9
0.023244444444444446,72.3,95.9
0.02325,72.3,95.9
0.023255555555555554,72.3,95.9
0.02326111111111111,72.3,95.9
0.023266666666666668,72.3,95.9
0.023272222222222222,72.3,95.9
0.023277777777777776,72.3,95.9
0.023283333333333333,72.3,95.9
0.02328888888888889,72.3,95.9
0.023294444444444444,72.3,95.9
0.023299999999999998,72.3,95.9
0.02330555555555556,72.29,95.9
0.023311111111111112,72.29,95.9
0.023316666666666666,72.29,95.9
0.02332222222222222,72.29,95.9
0.02332777777777778,72.29,95.9
0.023333333333333334,72.29,95.9
0.023338888888888888,72.29,95.9
0.023344444444444445,72.29,95.9
0.02335,72.29,95.9
0.023355555555555556,72.29,95.9
0.02336111111111111,72.29,95.9
0.023366666666666668,72.29,95.9
0.02337222222222222,72.29,95.9
0.023377777777777775,72.29,95.9
0.023383333333333336,72.29,95.9
0.02338888888888889,72.29,95.9
0.023394444444444443,72.29,95.9
0.023399999999999997,72.29,95.9
0.023405555555555558,72.29,95.9
0.02341111111111111,72.29,95.9
0.023416666666666665,72.29,95.9
0.02342222222222222,72.29,95.9
0.02342777777777778,72.29,95.9
0.023433333333333334,72.29,95.9
0.023438888888888888,72.29,95.9
0.023444444444444445,72.29,95.9
0.023450000000000002,72.29,95.9
0.023455555555555556,72.29,95.9
0.02346111111111111,72.29,95.9
0.023466666666666667,72.29,95.9
0.02347222222222222,72.29,95.9
0.023477777777777778,72.29,95.9
0.023483333333333335,72.29,95.9
0.02348888888888889,72.29,95.9
0.023494444444444443,72.29,95.9
0.0235,72.29,95.9
0.023505555555555557,72.29,95.9
0.02351111111111111,72.29,95.9
0.023516666666666665,72.29,95.9
0.023522222222222226,72.29,95.9
0.02352777777777778,72.29,95.9
0.023533333333333333,72.29,95.9
0.023538888888888887,72.31,95.9
0.023544444444444444,72.31,95.9
0.02355,72.31,95.9
0.023555555555555555,72.31,95.9
0.02356111111111111,72.31,95.9
0.023566666666666666,72.31,95.9
0.023572222222222224,72.31,95.9
0.023577777777777777,72.31,95.9
0.023583333333333335,72.31,95.9
0.02358888888888889,72.31,95.9
0.023594444444444442,72.31,95.9
0.0236,72.31,95.9
0.023605555555555557,72.31,95.9
0.02361111111111111,72.31,95.9
0.023616666666666664,72.31,95.9
0.023622222222222225,72.31,95.9
0.02362777777777778,72.31,95.9
0.023633333333333333,72.31,95.9
0.023638888888888886,72.31,95.9
0.023644444444444447,72.31,95.9
0.02365,72.31,95.9
0.023655555555555555,72.31,95.9
0.023661111111111112,72.31,95.9
0.02366666666666667,72.31,95.9
0.023672222222222223,72.31,95.9
0.023677777777777777,72.31,95.9
0.023683333333333334,72.31,95.9
0.023688888888888888,72.31,95.9
0.023694444444444445,72.31,95.9
0.0237,72.31,95.9
0.023705555555555556,72.31,95.9
0.02371111111111111,72.31,95.9
0.023716666666666664,72.31,95.9
0.023722222222222224,72.31,95.9
0.023727777777777778,72.31,95.9
0.023733333333333332,72.31,95.9
0.023738888888888886,72.31,95.9
0.023744444444444446,72.31,95.9
0.02375,72.31,95.9
0.023755555555555554,72.31,95.9
0.02376111111111111,72.31,95.9
0.02376666666666667,72.31,95.9
0.023772222222222222,72.33,95.9
0.023777777777777776,72.33,95.9
0.023783333333333333,72.33,95.9
0.02378888888888889,72.33,95.9
0.023794444444444444,72.33,95.9
0.0238,72.33,95.9
0.023805555555555555,72.33,95.9
0.02381111111111111,72.33,95.9
0.023816666666666667,72.33,95.9
0.023822222222222224,72.33,95.9
0.023827777777777778,72.33,95.9
0.02383333333333333,72.33,95.9
0.02383888888888889,72.33,95.9
0.023844444444444446,72.33,95.9
0.02385,72.33,95.9
0.023855555555555553,72.33,95.9
0.023861111111111114,72.33,95.9
0.023866666666666668,72.33,95.9
0.023872222222222222,72.33,95.9
0.023877777777777776,72.33,95.9
0.023883333333333333,72.33,95.9
0.02388888888888889,72.33,95.9
0.023894444444444444,72.33,95.9
0.0239,72.33,95.9
0.023905555555555555,72.33,95.9
0.023911111111111112,72.33,95.9
0.023916666666666666,72.33,95.9
0.023922222222222223,72.33,95.9
0.023927777777777777,72.33,95.9
0.02393333333333333,72.33,95.9
0.02393888888888889,72.33,95.9
0.023944444444444445,72.33,95.9
0.02395,72.33,95.9
0.023955555555555553,72.33,95.9
0.023961111111111114,72.33,95.9
0.023966666666666667,72.33,95.9
0.02397222222222222,72.33,95.9
0.023977777777777775,72.33,95.9
0.023983333333333336,72.33,95.9
0.02398888888888889,72.33,95.9
0.023994444444444443,72.33,95.9
0.024,72.33,95.9
0.024005555555555558,72.31,95.9
0.02401111111111111,72.31,95.9
0.024016666666666665,72.31,95.9
0.024022222222222223,72.31,95.9
0.024027777777777776,72.31,95.9
0.024033333333333334,72.31,95.9
0.02403888888888889,72.31,95.9
0.024044444444444445,72.31,95.9
0.02405,72.31,95.9
0.024055555555555552,72.31,95.9
0.024061111111111113,72.31,95.9
0.024066666666666667,72.31,95.9
0.02407222222222222,72.31,95.9
0.02407777777777778,72.31,95.9
0.024083333333333335,72.31,95.9
0.02408888888888889,72.31,95.9
0.024094444444444443,72.31,95.9
0.0241,72.31,95.9
0.024105555555555557,72.31,95.9
0.02411111111111111,72.31,95.9
0.024116666666666665,72.31,95.9
0.024122222222222222,72.31,95.9
0.02412777777777778,72.31,95.9
0.024133333333333333,72.31,95.9
0.02413888888888889,72.31,95.9
0.024144444444444444,72.31,95.9
0.024149999999999998,72.31,95.9
0.024155555555555555,72.31,95.9
0.024161111111111112,72.31,95.9
0.024166666666666666,72.31,95.9
0.02417222222222222,72.31,95.9
0.02417777777777778,72.31,95.9
0.024183333333333334,72.31,95.9
0.024188888888888888,72.31,95.9
0.024194444444444442,72.31,95.9
0.024200000000000003,72.31,95.9
0.024205555555555557,72.31,95.9
0.02421111111111111,72.31,95.9
0.024216666666666668,72.31,95.9
0.02422222222222222,72.31,95.9
0.02422777777777778,72.31,95.9
0.024233333333333332,72.31,95.9
0.02423888888888889,72.29,95.9
0.024244444444444443,72.29,95.9
0.02425,72.29,95.9
0.024255555555555555,72.29,95.9
0.024261111111111112,72.29,95.9
0.024266666666666666,72.29,95.9
0.02427222222222222,72.29,95.9
0.02427777777777778,72.29,95.9
0.024283333333333334,72.29,95.9
0.024288888888888888,72.29,95.9
0.02429444444444444,72.29,95.9
0.024300000000000002,72.29,95.9
0.024305555555555556,72.29,95.9
0.02431111111111111,72.29,95.9
0.024316666666666667,72.29,95.9
0.024322222222222224,72.29,95.9
0.024327777777777778,72.29,95.9
0.024333333333333332,72.29,95.9
0.02433888888888889,72.29,95.9
0.024344444444444446,72.29,95.9
0.02435,72.29,95.9
0.024355555555555557,72.29,95.9
0.02436111111111111,72.29,95.9
0.024366666666666665,72.29,95.9
0.024372222222222222,72.29,95.9
0.02437777777777778,72.29,95.9
0.024383333333333333,72.29,95.9
0.024388888888888887,72.29,95.9
0.02439444444444444,72.29,95.9
0.0244,72.29,95.9
0.024405555555555555,72.29,95.9
0.02441111111111111,72.29,95.9
0.02441666666666667,72.29,95.9
0.024422222222222224,72.29,95.9
0.024427777777777777,72.29,95.9
0.02443333333333333,72.29,95.9
0.02443888888888889,72.29,95.9
0.024444444444444446,72.29,95.9
0.02445,72.29,95.9
0.024455555555555557,72.29,95.9
0.02446111111111111,72.29,95.9
0.024466666666666668,72.29,95.9
0.02447222222222222,72.3,95.9
0.02447777777777778,72.3,95.9
0.024483333333333333,72.3,95.9
0.024488888888888886,72.3,95.9
0.024494444444444447,72.3,95.9
0.0245,72.3,95.9
0.024505555555555555,72.3,95.9
0.02451111111111111,72.3,95.9
0.02451666666666667,72.3,95.9
0.024522222222222223,72.3,95.9
0.024527777777777777,72.3,95.9
0.02453333333333333,72.3,95.9
0.02453888888888889,72.3,95.9
0.024544444444444445,72.3,95.9
0.02455,72.3,95.9
0.024555555555555556,72.3,95.9
0.02456111111111111,72.3,95.9
0.024566666666666667,72.3,95.9
0.02457222222222222,72.3,95.9
0.024577777777777778,72.3,95.9
0.024583333333333332,72.3,95.9
0.02458888888888889,72.3,95.9
0.024594444444444447,72.3,95.9
0.0246,72.3,95.9
0.024605555555555554,72.3,95.9
0.024611111111111108,72.3,95.9
0.02461666666666667,72.3,95.9
0.024622222222222222,72.3,95.9
0.024627777777777776,72.3,95.9
0.024633333333333337,72.3,95.9
0.02463888888888889,72.3,95.9
0.024644444444444445,72.3,95.9
0.02465,72.3,95.9
0.024655555555555556,72.3,95.9
0.024661111111111113,72.3,95.9
0.024666666666666667,72.3,95.9
0.02467222222222222,72.3,95.9
0.024677777777777778,72.3,95.9
0.024683333333333335,72.3,95.9
0.02468888888888889,72.3,95.9
0.024694444444444446,72.3,95.9
0.0247,72.3,95.9
0.024705555555555554,72.32,95.9
0.02471111111111111,72.32,95.9
0.024716666666666668,72.32,95.9
0.024722222222222222,72.32,95.9
0.024727777777777776,72.32,95.9
0.024733333333333336,72.32,95.9
0.02473888888888889,72.32,95.9
0.024744444444444444,72.32,95.9
0.024749999999999998,72.32,95.9
0.02475555555555556,72.32,95.9
0.024761111111111112,72.32,95.9
0.024766666666666666,72.32,95.9
0.024772222222222223,72.32,95.9
0.024777777777777777,72.32,95.9
0.024783333333333334,72.32,95.9
0.024788888888888888,72.32,95.9
0.024794444444444445,72.32,95.9
0.0248,72.32,95.9
0.024805555555555556,72.32,95.9
0.02481111111111111,72.32,95.9
0.024816666666666667,72.32,95.9
0.02482222222222222,72.32,95.9
0.024827777777777775,72.32,95.9
0.024833333333333336,72.32,95.9
0.02483888888888889,72.32,95.9
0.024844444444444443,72.32,95.9
0.024849999999999997,72.32,95.9
0.024855555555555558,72.32,95.9
0.02486111111111111,72.32,95.9
0.024866666666666665,72.32,95.9
0.024872222222222223,72.32,95.9
0.02487777777777778,72.32,95.9
0.024883333333333334,72.32,95.9
0.024888888888888887,72.32,95.9
0.024894444444444445,72.32,95.9
0.0249,72.32,95.9
0.024905555555555556,72.32,95.9
0.024911111111111113,72.32,95.9
0.024916666666666667,72.32,95.9
0.02492222222222222,72.32,95.9
0.024927777777777778,72.32,95.9
0.024933333333333335,72.32,95.9
0.02493888888888889,72.32,95.9
0.024944444444444443,72.32,95.9
0.024949999999999996,72.32,95.9
0.024955555555555557,72.32,95.9
0.02496111111111111,72.32,95.9
0.024966666666666665,72.32,95.9
0.024972222222222226,72.32,95.9
0.02497777777777778,72.32,95.9
0.024983333333333333,72.32,95.9
0.024988888888888887,72.32,95.9
0.024994444444444444,72.32,95.9
0.025,72.32,95.9
0.025005555555555555,72.32,95.9
0.025011111111111112,72.32,95.9
0.025016666666666666,72.32,95.9
0.025022222222222223,72.32,95.9
0.025027777777777777,72.32,95.9
0.025033333333333335,72.32,95.9
0.02503888888888889,72.32,95.9
0.025044444444444442,72.32,95.9
0.025050000000000003,72.32,95.9
0.025055555555555557,72.32,95.9
0.02506111111111111,72.32,95.9
0.025066666666666664,72.32,95.9
0.025072222222222225,72.32,95.9
0.02507777777777778,72.32,95.9
0.025083333333333332,72.32,95.9
0.025088888888888886,72.32,95.9
0.025094444444444447,72.32,95.9
0.0251,72.32,95.9
0.025105555555555555,72.32,95.9
0.025111111111111112,72.32,95.9
0.025116666666666666,72.32,95.9
0.025122222222222223,72.32,95.9
0.025127777777777777,72.32,95.9
0.025133333333333334,72.32,95.9
0.025138888888888888,72.32,95.9
0.025144444444444445,72.32,95.9
0.025150000000000002,72.32,95.9
0.025155555555555556,72.32,95.9
0.02516111111111111,72.32,95.9
0.025166666666666664,72.32,95.9
0.025172222222222224,72.29,95.9
0.025177777777777778,72.29,95.9
0.025183333333333332,72.29,95.9
0.02518888888888889,72.29,95.9
0.025194444444444446,72.29,95.9
0.0252,72.29,95.9
0.025205555555555554,72.29,95.9
0.02521111111111111,72.29,95.9
0.02521666666666667,72.29,95.9
0.025222222222222222,72.29,95.9
0.025227777777777776,72.29,95.9
0.025233333333333333,72.29,95.9
0.025238888888888887,72.29,95.9
0.025244444444444444,72.29,95.9
0.02525,72.29,95.9
0.025255555555555555,72.29,95.9
0.02526111111111111,72.29,95.9
0.025266666666666666,72.29,95.9
0.025272222222222224,72.29,95.9
0.025277777777777777,72.29,95.9
0.02528333333333333,72.29,95.9
0.025288888888888892,72.29,95.9
0.025294444444444446,72.29,95.9
0.0253,72.29,95.9
0.025305555555555553,72.29,95.9
0.025311111111111114,72.29,95.9
0.025316666666666668,72.29,95.9
0.02532222222222222,72.29,95.9
0.02532777777777778,72.29,95.9
0.025333333333333333,72.29,95.9
0.02533888888888889,72.29,95.9
0.025344444444444444,72.29,95.9
0.02535,72.29,95.9
0.025355555555555555,72.29,95.9
0.025361111111111112,72.29,95.9
0.025366666666666666,72.29,95.9
0.025372222222222223,72.29,95.9
0.025377777777777777,72.29,95.9
0.02538333333333333,72.29,95.9
0.02538888888888889,72.29,95.9
0.025394444444444445,72.29,95.9
0.0254,72.29,95.9
0.025405555555555553,72.28,95.9
0.025411111111111113,72.28,95.9
0.025416666666666667,72.28,95.9
0.02542222222222222,72.28,95.9
0.02542777777777778,72.28,95.9
0.025433333333333336,72.28,95.9
0.02543888888888889,72.28,95.9
0.025444444444444443,72.28,95.9
0.02545,72.28,95.9
0.025455555555555554,72.28,95.9
0.02546111111111111,72.28,95.9
0.02546666666666667,72.28,95.9
0.025472222222222222,72.28,95.9
0.025477777777777776,72.28,95.9
0.025483333333333334,72.28,95.9
0.02548888888888889,72.28,95.9
0.025494444444444445,72.28,95.9
0.0255,72.28,95.9
0.025505555555555552,72.28,95.9
0.025511111111111113,72.28,95.9
0.025516666666666667,72.28,95.9
0.02552222222222222,72.28,95.9
0.025527777777777778,72.28,95.9
0.025533333333333335,72.28,95.9
0.02553888888888889,72.28,95.9
0.025544444444444443,72.28,95.9
0.02555,72.28,95.9
0.025555555555555557,72.28,95.9
0.02556111111111111,72.28,95.9
0.025566666666666668,72.28,95.9
0.025572222222222222,72.28,95.9
0.025577777777777776,72.28,95.9
0.025583333333333333,72.28,95.9
0.02558888888888889,72.28,95.9
0.025594444444444444,72.28,95.9
0.025599999999999998,72.28,95.9
0.02560555555555556,72.28,95.9
0.025611111111111112,72.28,95.9
0.025616666666666666,72.28,95.9
0.02562222222222222,72.28,95.9
0.02562777777777778,72.28,95.9
0.025633333333333334,72.28,95.9
0.025638888888888888,72.31,95.9
0.025644444444444442,72.31,95.9
0.025650000000000003,72.31,95.9
0.025655555555555556,72.31,95.9
0.02566111111111111,72.31,95.9
0.025666666666666667,72.31,95.9
0.02567222222222222,72.31,95.9
0.02567777777777778,72.31,95.9
0.025683333333333332,72.31,95.9
0.02568888888888889,72.31,95.9
0.025694444444444443,72.31,95.9
0.0257,72.31,95.9
0.025705555555555558,72.31,95.9
0.02571111111111111,72.31,95.9
0.025716666666666665,72.31,95.9
0.02572222222222222,72.31,95.9
0.02572777777777778,72.31,95.9
0.025733333333333334,72.31,95.9
0.025738888888888888,72.31,95.9
0.025744444444444445,72.31,95.9
0.025750000000000002,72.31,95.9
0.025755555555555556,72.31,95.9
0.02576111111111111,72.31,95.9
0.025766666666666667,72.31,95.9
0.025772222222222224,72.31,95.9
0.025777777777777778,72.31,95.9
0.02578333333333333,72.31,95.9
0.02578888888888889,72.31,95.9
0.025794444444444443,72.31,95.9
0.0258,72.31,95.9
0.025805555555555557,72.31,95.9
0.02581111111111111,72.31,95.9
0.025816666666666665,72.31,95.9
0.025822222222222222,72.31,95.9
0.02582777777777778,72.31,95.9
0.025833333333333333,72.31,95.9
0.025838888888888887,72.31,95.9
0.025844444444444448,72.31,95.9
0.02585,72.31,95.9
0.025855555555555555,72.31,95.9
0.02586111111111111,72.31,95.9
0.025866666666666666,72.31,95.9
0.025872222222222224,72.32,95.9
0.025877777777777777,72.32,95.9
0.025883333333333335,72.32,95.9
0.02588888888888889,72.32,95.9
0.025894444444444446,72.32,95.9
0.0259,72.32,95.9
0.025905555555555557,72.32,95.9
0.02591111111111111,72.32,95.9
0.025916666666666664,72.32,95.9
0.02592222222222222,72.32,95.9
0.02592777777777778,72.32,95.9
0.025933333333333333,72.32,95.9
0.025938888888888886,72.32,95.9
0.025944444444444447,72.32,95.9
0.02595,72.32,95.9
0.025955555555555555,72.32,95.9
0.02596111111111111,72.32,95.9
0.02596666666666667,72.32,95.9
0.025972222222222223,72.32,95.9
0.025977777777777777,72.32,95.9
0.025983333333333334,72.32,95.9
0.02598888888888889,72.32,95.9
0.025994444444444445,72.32,95.9
0.026,72.32,95.9
0.026005555555555556,72.32,95.9
0.02601111111111111,72.32,95.9
0.026016666666666667,72.32,95.9
0.026022222222222224,72.32,95.9
0.026027777777777778,72.32,95.9
0.026033333333333332,72.32,95.9
0.02603888888888889,72.32,95.9
0.026044444444444446,72.32,95.9
0.02605,72.32,95.9
0.026055555555555554,72.32,95.9
0.026061111111111108,72.32,95.9
0.02606666666666667,72.32,95.9
0.026072222222222222,72.32,95.9
0.026077777777777776,72.32,95.9
0.026083333333333333,72.32,95.9
0.02608888888888889,72.32,95.9
0.026094444444444444,72.32,95.9
0.026099999999999998,72.32,95.9
0.026105555555555555,72.3,95.9
0.026111111111111113,72.3,95.9
0.026116666666666667,72.3,95.9
0.026122222222222224,72.3,95.9
0.026127777777777778,72.3,95.9
0.02613333333333333,72.3,95.9
0.02613888888888889,72.3,95.9
0.026144444444444446,72.3,95.9
0.02615,72.3,95.9
0.026155555555555553,72.3,95.9
0.026161111111111114,72.3,95.9
0.026166666666666668,72.3,95.9
0.02617222222222222,72.3,95.9
0.026177777777777776,72.3,95.9
0.026183333333333336,72.3,95.9
0.02618888888888889,72.3,95.9
0.026194444444444444,72.3,95.9
0.026199999999999998,72.3,95.9
0.026205555555555555,72.3,95.9
0.026211111111111112,72.3,95.9
0.026216666666666666,72.3,95.9
0.026222222222222223,72.3,95.9
0.026227777777777777,72.3,95.9
0.026233333333333334,72.3,95.9
0.026238888888888888,72.3,95.9
0.026244444444444445,72.3,95.9
0.02625,72.3,95.9
0.026255555555555553,72.3,95.9
0.026261111111111114,72.3,95.9
0.026266666666666667,72.3,95.9
0.02627222222222222,72.3,95.9
0.026277777777777775,72.3,95.9
0.026283333333333336,72.3,95.9
0.02628888888888889,72.3,95.9
0.026294444444444443,72.3,95.9
0.0263,72.3,95.9
0.026305555555555558,72.3,95.9
0.02631111111111111,72.3,95.9
0.026316666666666665,72.3,95.9
0.026322222222222223,72.3,95.9
0.02632777777777778,72.3,95.9
0.026333333333333334,72.3,95.9
0.026338888888888887,72.28,95.9
0.026344444444444445,72.28,95.9
0.02635,72.28,95.9
0.026355555555555556,72.28,95.9
0.026361111111111113,72.28,95.9
0.026366666666666667,72.28,95.9
0.02637222222222222,72.28,95.9
0.026377777777777778,72.28,95.9
0.026383333333333335,72.28,95.9
0.02638888888888889,72.28,95.9
0.026394444444444443,72.28,95.9
0.026400000000000003,72.28,95.9
0.026405555555555557,72.28,95.9
0.02641111111111111,72.28,95.9
0.026416666666666665,72.28,95.9
0.026422222222222222,72.28,95.9
0.02642777777777778,72.28,95.9
0.026433333333333333,72.28,95.9
0.02643888888888889,72.28,95.9
0.026444444444444444,72.28,95.9
0.02645,72.28,95.9
0.026455555555555555,72.28,95.9
0.026461111111111112,72.28,95.9
0.026466666666666666,72.28,95.9
0.02647222222222222,72.28,95.9
0.026477777777777777,72.28,95.9
0.026483333333333334,72.28,95.9
0.026488888888888888,72.28,95.9
0.026494444444444442,72.28,95.9
0.026500000000000003,72.28,95.9
0.026505555555555557,72.28,95.9
0.02651111111111111,72.28,95.9
0.026516666666666664,72.28,95.9
0.026522222222222225,72.28,95.9
0.02652777777777778,72.28,95.9
0.026533333333333332,72.28,95.9
0.02653888888888889,72.28,95.9
0.026544444444444443,72.28,95.9
0.02655,72.28,95.9
0.026555555555555554,72.28,95.9
0.02656111111111111,72.28,95.9
0.026566666666666666,72.28,95.9
0.026572222222222223,72.29,95.9
0.02657777777777778,72.29,95.9
0.026583333333333334,72.29,95.9
0.026588888888888888,72.29,95.9
0.02659444444444444,72.29,95.9
0.026600000000000002,72.29,95.9
0.026605555555555556,72.29,95.9
0.02661111111111111,72.29,95.9
0.026616666666666663,72.29,95.9
0.026622222222222224,72.29,95.9
0.026627777777777778,72.29,95.9
0.026633333333333332,72.29,95.9
0.02663888888888889,72.29,95.9
0.026644444444444446,72.29,95.9
0.02665,72.29,95.9
0.026655555555555554,72.29,95.9
0.02666111111111111,72.29,95.9
0.02666666666666667,72.29,95.9
0.026672222222222222,72.29,95.9
0.02667777777777778,72.29,95.9
0.026683333333333333,72.29,95.9
0.026688888888888887,72.29,95.9
0.026694444444444444,72.29,95.9
0.0267,72.29,95.9
0.026705555555555555,72.29,95.9
0.02671111111111111,72.29,95.9
0.02671666666666667,72.29,95.9
0.026722222222222224,72.29,95.9
0.026727777777777777,72.29,95.9
0.02673333333333333,72.29,95.9
0.026738888888888892,72.29,95.9
0.026744444444444446,72.29,95.9
0.02675,72.29,95.9
0.026755555555555553,72.29,95.9
0.02676111111111111,72.29,95.9
0.026766666666666668,72.29,95.9
0.02677222222222222,72.29,95.9
0.02677777777777778,72.29,95.9
0.026783333333333333,72.29,95.9
0.02678888888888889,72.29,95.9
0.026794444444444444,72.29,95.9
0.0268,72.29,95.9
0.026805555555555555,72.32,95.9
0.02681111111111111,72.32,95.9
0.02681666666666667,72.32,95.9
0.026822222222222223,72.32,95.9
0.026827777777777777,72.32,95.9
0.02683333333333333,72.32,95.9
0.02683888888888889,72.32,95.9
0.026844444444444445,72.32,95.9
0.02685,72.32,95.9
0.026855555555555556,72.32,95.9
0.026861111111111113,72.32,95.9
0.026866666666666667,72.32,95.9
0.02687222222222222,72.32,95.9
0.026877777777777778,72.32,95.9
0.026883333333333332,72.32,95.9
0.02688888888888889,72.32,95.9
0.026894444444444443,72.32,95.9
0.0269,72.32,95.9
0.026905555555555554,72.32,95.9
0.02691111111111111,72.32,95.9
0.02691666666666667,72.32,95.9
0.026922222222222222,72.32,95.9
0.026927777777777776,72.32,95.9
0.02693333333333333,72.32,95.9
0.02693888888888889,72.32,95.9
0.026944444444444444,72.32,95.9
0.026949999999999998,72.32,95.9
0.02695555555555556,72.32,95.9
0.026961111111111113,72.32,95.9
0.026966666666666667,72.32,95.9
0.02697222222222222,72.32,95.9
0.026977777777777778,72.32,95.9
0.026983333333333335,72.32,95.9
0.02698888888888889,72.32,95.9
0.026994444444444446,72.32,95.9
0.027,72.32,95.9
0.027005555555555557,72.32,95.9
0.02701111111111111,72.32,95.9
0.027016666666666668,72.32,95.9
0.027022222222222222,72.32,95.9
0.027027777777777776,72.32,95.9
0.027033333333333333,72.32,95.9
0.02703888888888889,72.31,95.9
0.027044444444444444,72.31,95.9
0.027049999999999998,72.31,95.9
0.02705555555555556,72.31,95.9
0.027061111111111112,72.31,95.9
0.027066666666666666,72.31,95.9
0.02707222222222222,72.31,95.9
0.02707777777777778,72.31,95.9
0.027083333333333334,72.31,95.9
0.027088888888888888,72.31,95.9
0.027094444444444445,72.31,95.9
0.0271,72.31,95.9
0.027105555555555556,72.31,95.9
0.02711111111111111,72.31,95.9
0.027116666666666667,72.31,95.9
0.02712222222222222,72.31,95.9
0.02712777777777778,72.31,95.9
0.027133333333333336,72.31,95.9
0.02713888888888889,72.31,95.9
0.027144444444444443,72.31,95.9
0.027149999999999997,72.31,95.9
0.027155555555555558,72.31,95.9
0.02716111111111111,72.31,95.9
0.027166666666666665,72.31,95.9
0.02717222222222222,72.31,95.9
0.02717777777777778,72.31,95.9
0.027183333333333334,72.31,95.9
0.027188888888888887,72.31,95.9
0.027194444444444445,72.31,95.9
0.027200000000000002,72.31,95.9
0.027205555555555556,72.31,95.9
0.02721111111111111,72.31,95.9
0.027216666666666667,72.31,95.9
0.02722222222222222,72.31,95.9
0.027227777777777778,72.31,95.9
0.027233333333333335,72.31,95.9
0.02723888888888889,72.31,95.9
0.027244444444444443,72.31,95.9
0.02725,72.31,95.9
0.027255555555555557,72.31,95.9
0.02726111111111111,72.31,95.9
0.027266666666666665,72.31,95.9
0.027272222222222225,72.28,95.9
0.02727777777777778,72.28,95.9
0.027283333333333333,72.28,95.9
0.027288888888888887,72.28,95.9
0.027294444444444448,72.28,95.9
0.0273,72.28,95.9
0.027305555555555555,72.28,95.9
0.02731111111111111,72.28,95.9
0.027316666666666666,72.28,95.9
0.027322222222222223,72.28,95.9
0.027327777777777777,72.28,95.9
0.027333333333333334,72.28,95.9
0.02733888888888889,72.28,95.9
0.027344444444444446,72.28,95.9
0.02735,72.28,95.9
0.027355555555555557,72.28,95.9
0.02736111111111111,72.28,95.9
0.027366666666666664,72.28,95.9
0.027372222222222225,72.28,95.9
0.02737777777777778,72.28,95.9
0.027383333333333332,72.28,95.9
0.027388888888888886,72.28,95.9
0.027394444444444447,72.28,95.9
0.0274,72.28,95.9
0.027405555555555555,72.28,95.9
0.027411111111111112,72.28,95.9
0.02741666666666667,72.28,95.9
0.027422222222222223,72.28,95.9
0.027427777777777777,72.28,95.9
0.027433333333333334,72.28,95.9
0.027438888888888888,72.28,95.9
0.027444444444444445,72.28,95.9
0.02745,72.28,95.9
0.027455555555555556,72.28,95.9
0.02746111111111111,72.28,95.9
0.027466666666666667,72.28,95.9
0.027472222222222224,72.28,95.9
0.027477777777777778,72.28,95.9
0.027483333333333332,72.28,95.9
0.027488888888888886,72.28,95.9
0.027494444444444446,72.28,95.9
0.0275,72.28,95.9
0.027505555555555554,72.28,95.9
0.02751111111111111,72.28,95.9
0.02751666666666667,72.28,95.9
0.027522222222222222,72.28,95.9
0.027527777777777776,72.28,95.9
0.027533333333333333,72.28,95.9
0.02753888888888889,72.28,95.9
0.027544444444444444,72.28,95.9
0.02755,72.28,95.9
0.027555555555555555,72.28,95.9
0.02756111111111111,72.28,95.9
0.027566666666666666,72.28,95.9
0.027572222222222224,72.28,95.9
0.027577777777777777,72.28,95.9
0.02758333333333333,72.28,95.9
0.02758888888888889,72.28,95.9
0.027594444444444446,72.28,95.9
0.0276,72.28,95.9
0.027605555555555553,72.28,95.9
0.027611111111111114,72.28,95.9
0.027616666666666668,72.28,95.9
0.02762222222222222,72.28,95.9
0.027627777777777775,72.28,95.9
0.027633333333333336,72.28,95.9
0.02763888888888889,72.28,95.9
0.027644444444444444,72.28,95.9
0.02765,72.28,95.9
0.027655555555555555,72.28,95.9
0.027661111111111112,72.28,95.9
0.027666666666666666,72.28,95.9
0.027672222222222223,72.28,95.9
0.027677777777777777,72.28,95.9
0.027683333333333334,72.28,95.9
0.02768888888888889,72.28,95.9
0.027694444444444445,72.28,95.9
0.0277,72.28,95.9
0.027705555555555553,72.28,95.9
0.027711111111111113,72.28,95.9
0.027716666666666667,72.28,95.9
0.02772222222222222,72.28,95.9
0.027727777777777775,72.28,95.9
0.027733333333333336,72.28,95.9
0.02773888888888889,72.3,95.9
0.027744444444444443,72.3,95.9
0.02775,72.3,95.9
0.027755555555555558,72.3,95.9
0.02776111111111111,72.3,95.9
0.027766666666666665,72.3,95.9
0.027772222222222222,72.3,95.9
0.027777777777777776,72.3,95.9
0.027783333333333333,72.3,95.9
0.02778888888888889,72.3,95.9
0.027794444444444445,72.3,95.9
0.0278,72.3,95.9
0.027805555555555556,72.3,95.9
0.027811111111111113,72.3,95.9
0.027816666666666667,72.3,95.9
0.02782222222222222,72.3,95.9
0.02782777777777778,72.3,95.9
0.027833333333333335,72.3,95.9
0.02783888888888889,72.3,95.9
0.027844444444444442,72.3,95.9
0.02785,72.3,95.9
0.027855555555555557,72.3,95.9
0.02786111111111111,72.3,95.9
0.027866666666666665,72.3,95.9
0.027872222222222222,72.3,95.9
0.02787777777777778,72.3,95.9
0.027883333333333333,72.3,95.9
0.02788888888888889,72.3,95.9
0.027894444444444444,72.3,95.9
0.027899999999999998,72.3,95.9
0.027905555555555555,72.3,95.9
0.027911111111111112,72.3,95.9
0.027916666666666666,72.3,95.9
0.02792222222222222,72.3,95.9
0.02792777777777778,72.3,95.9
0.027933333333333334,72.3,95.9
0.027938888888888888,72.3,95.9
0.027944444444444442,72.3,95.9
0.027950000000000003,72.3,95.9
0.027955555555555556,72.3,95.9
0.02796111111111111,72.3,95.9
0.027966666666666667,72.3,95.9
0.027972222222222225,72.31,95.9
0.02797777777777778,72.31,95.9
0.027983333333333332,72.31,95.9
0.02798888888888889,72.31,95.9
0.027994444444444443,72.31,95.9
0.028,72.31,95.9
0.028005555555555554,72.31,95.9
0.02801111111111111,72.31,95.9
0.028016666666666665,72.31,95.9
0.028022222222222223,72.31,95.9
0.02802777777777778,72.31,95.9
0.028033333333333334,72.31,95.9
0.028038888888888888,72.31,95.9
0.02804444444444444,72.31,95.9
0.028050000000000002,72.31,95.9
0.028055555555555556,72.31,95.9
0.02806111111111111,72.31,95.9
0.028066666666666667,72.31,95.9
0.028072222222222224,72.31,95.9
0.028077777777777778,72.31,95.9
0.02808333333333333,72.31,95.9
0.02808888888888889,72.31,95.9
0.028094444444444446,72.31,95.9
0.0281,72.31,95.9
0.028105555555555557,72.31,95.9
0.02811111111111111,72.31,95.9
0.028116666666666665,72.31,95.9
0.028122222222222222,72.31,95.9
0.02812777777777778,72.31,95.9
0.028133333333333333,72.31,95.9
0.028138888888888887,72.31,95.9
0.028144444444444444,72.31,95.9
0.02815,72.31,95.9
0.028155555555555555,72.31,95.9
0.02816111111111111,72.31,95.9
0.02816666666666667,72.31,95.9
0.028172222222222223,72.31,95.9
0.028177777777777777,72.31,95.9
0.02818333333333333,72.31,95.9
0.02818888888888889,72.31,95.9
0.028194444444444446,72.31,95.9
0.0282,72.31,95.9
0.028205555555555557,72.29,95.9
0.02821111111111111,72.29,95.9
0.028216666666666668,72.29,95.9
0.02822222222222222,72.29,95.9
0.02822777777777778,72.29,95.9
0.028233333333333333,72.29,95.9
0.028238888888888886,72.29,95.9
0.028244444444444447,72.29,95.9
0.02825,72.29,95.9
0.028255555555555555,72.29,95.9
0.02826111111111111,72.29,95.9
0.02826666666666667,72.29,95.9
0.028272222222222223,72.29,95.9
0.028277777777777777,72.29,95.9
0.02828333333333333,72.29,95.9
0.02828888888888889,72.29,95.9
0.028294444444444445,72.29,95.9
0.0283,72.29,95.9
0.028305555555555556,72.29,95.9
0.028311111111111113,72.29,95.9
0.028316666666666667,72.29,95.9
0.02832222222222222,72.29,95.9
0.028327777777777778,72.29,95.9
0.028333333333333332,72.29,95.9
0.02833888888888889,72.29,95.9
0.028344444444444446,72.29,95.9
0.02835,72.29,95.9
0.028355555555555554,72.29,95.9
0.02836111111111111,72.29,95.9
0.02836666666666667,72.29,95.9
0.028372222222222222,72.29,95.9
0.028377777777777776,72.29,95.9
0.028383333333333337,72.29,95.9
0.02838888888888889,72.29,95.9
0.028394444444444444,72.29,95.9
0.028399999999999998,72.29,95.9
0.028405555555555555,72.29,95.9
0.028411111111111113,72.29,95.9
0.028416666666666666,72.29,95.9
0.02842222222222222,72.29,95.9
0.028427777777777778,72.29,95.9
0.028433333333333335,72.29,95.9
0.02843888888888889,72.27,95.9
0.028444444444444446,72.27,95.9
0.02845,72.27,95.9
0.028455555555555553,72.27,95.9
0.02846111111111111,72.27,95.9
0.028466666666666668,72.27,95.9
0.02847222222222222,72.27,95.9
0.028477777777777775,72.27,95.9
0.028483333333333336,72.27,95.9
0.02848888888888889,72.27,95.9
0.028494444444444444,72.27,95.9
0.028499999999999998,72.27,95.9
0.02850555555555556,72.27,95.9
0.028511111111111112,72.27,95.9
0.028516666666666666,72.27,95.9
0.028522222222222223,72.27,95.9
0.028527777777777777,72.27,95.9
0.028533333333333334,72.27,95.9
0.028538888888888888,72.27,95.9
0.028544444444444445,72.27,95.9
0.02855,72.27,95.9
0.028555555555555556,72.27,95.9
0.02856111111111111,72.27,95.9
0.028566666666666667,72.27,95.9
0.02857222222222222,72.27,95.9
0.028577777777777775,72.27,95.9
0.028583333333333336,72.27,95.9
0.02858888888888889,72.27,95.9
0.028594444444444443,72.27,95.9
0.028599999999999997,72.27,95.9
0.028605555555555558,72.27,95.9
0.02861111111111111,72.27,95.9
0.028616666666666665,72.27,95.9
0.028622222222222223,72.27,95.9
0.02862777777777778,72.27,95.9
0.028633333333333334,72.27,95.9
0.028638888888888887,72.27,95.9
0.028644444444444445,72.27,95.9
0.028650000000000002,72.27,95.9
0.028655555555555556,72.27,95.9
0.028661111111111113,72.27,95.9
0.028666666666666667,72.27,95.9
0.02867222222222222,72.28,95.9
0.028677777777777778,72.28,95.9
0.028683333333333335,72.28,95.9
0.02868888888888889,72.28,95.9
0.028694444444444443,72.28,95.9
0.0287,72.28,95.9
0.028705555555555557,72.28,95.9
0.02871111111111111,72.28,95.9
0.028716666666666665,72.28,95.9
0.028722222222222225,72.28,95.9
0.02872777777777778,72.28,95.9
0.028733333333333333,72.28,95.9
0.028738888888888887,72.28,95.9
0.028744444444444444,72.28,95.9
0.02875,72.28,95.9
0.028755555555555555,72.28,95.9
0.028761111111111112,72.28,95.9
0.028766666666666666,72.28,95.9
0.028772222222222223,72.28,95.9
0.028777777777777777,72.28,95.9
0.028783333333333334,72.28,95.9
0.028788888888888888,72.28,95.9
0.028794444444444442,72.28,95.9
0.028800000000000003,72.28,95.9
0.028805555555555556,72.28,95.9
0.02881111111111111,72.28,95.9
0.028816666666666664,72.28,95.9
0.028822222222222225,72.28,95.9
0.02882777777777778,72.28,95.9
0.028833333333333332,72.28,95.9
0.028838888888888886,72.28,95.9
0.028844444444444447,72.28,95.9
0.02885,72.28,95.9
0.028855555555555554,72.28,95.9
0.02886111111111111,72.28,95.9
0.028866666666666665,72.28,95.9
0.028872222222222223,72.28,95.9
0.028877777777777777,72.28,95.9
0.028883333333333334,72.28,95.9
0.028888888888888888,72.28,95.9
0.028894444444444445,72.28,95.9
0.028900000000000002,72.28,95.9
0.028905555555555556,72.31,95.9
0.02891111111111111,72.31,95.9
0.028916666666666663,72.31,95.9
0.028922222222222224,72.31,95.9
0.028927777777777778,72.31,95.9
0.028933333333333332,72.31,95.9
0.028938888888888892,72.31,95.9
0.028944444444444446,72.31,95.9
0.02895,72.31,95.9
0.028955555555555554,72.31,95.9
0.02896111111111111,72.31,95.9
0.02896666666666667,72.31,95.9
0.028972222222222222,72.31,95.9
0.028977777777777776,72.31,95.9
0.028983333333333333,72.31,95.9
0.02898888888888889,72.31,95.9
0.028994444444444444,72.31,95.9
0.029,72.31,95.9
0.029005555555555555,72.31,95.9
0.02901111111111111,72.31,95.9
0.029016666666666666,72.31,95.9
0.029022222222222224,72.31,95.9
0.029027777777777777,72.31,95.9
0.02903333333333333,72.31,95.9
0.029038888888888892,72.31,95.9
0.029044444444444446,72.31,95.9
0.02905,72.31,95.9
0.029055555555555553,72.31,95.9
0.029061111111111114,72.31,95.9
0.029066666666666668,72.31,95.9
0.02907222222222222,72.31,95.9
0.02907777777777778,72.31,95.9
0.029083333333333333,72.31,95.9
0.02908888888888889,72.31,95.9
0.029094444444444444,72.31,95.9
0.0291,72.31,95.9
0.029105555555555555,72.31,95.9
0.029111111111111112,72.31,95.9
0.029116666666666666,72.31,95.9
0.029122222222222223,72.31,95.9
0.029127777777777777,72.31,95.9
0.02913333333333333,72.31,95.9
0.02913888888888889,72.3,95.9
0.029144444444444445,72.3,95.9
0.02915,72.3,95.9
0.029155555555555553,72.3,95.9
0.029161111111111113,72.3,95.9
0.029166666666666667,72.3,95.9
0.02917222222222222,72.3,95.9
0.029177777777777778,72.3,95.9
0.029183333333333335,72.3,95.9
0.02918888888888889,72.3,95.9
0.029194444444444443,72.3,95.9
0.0292,72.3,95.9
0.029205555555555554,72.3,95.9
0.02921111111111111,72.3,95.9
0.02921666666666667,72.3,95.9
0.029222222222222222,72.3,95.9
0.029227777777777776,72.3,95.9
0.029233333333333333,72.3,95.9
0.02923888888888889,72.3,95.9
0.029244444444444444,72.3,95.9
0.029249999999999998,72.3,95.9
0.029255555555555552,72.3,95.9
0.029261111111111113,72.3,95.9
0.029266666666666667,72.3,95.9
0.02927222222222222,72.3,95.9
0.02927777777777778,72.3,95.9
0.029283333333333335,72.3,95.9
0.02928888888888889,72.3,95.9
0.029294444444444442,72.3,95.9
0.0293,72.3,95.9
0.029305555555555557,72.3,95.9
0.02931111111111111,72.3,95.9
0.029316666666666668,72.3,95.9
0.029322222222222222,72.3,95.9
0.02932777777777778,72.3,95.9
0.029333333333333333,72.3,95.9
0.02933888888888889,72.3,95.9
0.029344444444444444,72.3,95.9
0.029349999999999998,72.3,95.9
0.02935555555555556,72.3,95.9
0.029361111111111112,72.3,95.9
0.029366666666666666,72.3,95.9
0.02937222222222222,72.27,95.9
0.02937777777777778,72.27,95.9
0.029383333333333334,72.27,95.9
0.029388888888888888,72.27,95.9
0.029394444444444442,72.27,95.9
0.029400000000000003,72.27,95.9
0.029405555555555556,72.27,95.9
0.02941111111111111,72.27,95.9
0.029416666666666667,72.27,95.9
0.02942222222222222,72.27,95.9
0.02942777777777778,72.27,95.9
0.029433333333333332,72.27,95.9
0.02943888888888889,72.27,95.9
0.029444444444444443,72.27,95.9
0.02945,72.27,95.9
0.029455555555555558,72.27,95.9
0.02946111111111111,72.27,95.9
0.029466666666666665,72.27,95.9
0.02947222222222222,72.27,95.9
0.02947777777777778,72.27,95.9
0.029483333333333334,72.27,95.9
0.029488888888888887,72.27,95.9
0.029494444444444445,72.27,95.9
0.029500000000000002,72.27,95.9
0.029505555555555556,72.27,95.9
0.02951111111111111,72.27,95.9
0.029516666666666667,72.27,95.9
0.029522222222222224,72.27,95.9
0.029527777777777778,72.27,95.9
0.02953333333333333,72.27,95.9
0.02953888888888889,72.27,95.9
0.029544444444444443,72.27,95.9
0.02955,72.27,95.9
0.029555555555555557,72.27,95.9
0.02956111111111111,72.27,95.9
0.029566666666666665,72.27,95.9
0.029572222222222222,72.27,95.9
0.02957777777777778,72.27,95.9
0.029583333333333333,72.27,95.9
0.029588888888888887,72.27,95.9
0.029594444444444448,72.27,95.9
0.0296,72.27,95.9
0.029605555555555555,72.27,95.9
0.02961111111111111,72.27,95.9
0.02961666666666667,72.27,95.9
0.029622222222222223,72.27,95.9
0.029627777777777777,72.27,95.9
0.029633333333333334,72.27,95.9
0.029638888888888888,72.27,95.9
0.029644444444444445,72.27,95.9
0.02965,72.27,95.9
0.029655555555555557,72.27,95.9
0.02966111111111111,72.27,95.9
0.029666666666666668,72.27,95.9
0.02967222222222222,72.27,95.9
0.02967777777777778,72.27,95.9
0.029683333333333332,72.27,95.9
0.029688888888888886,72.27,95.9
0.029694444444444447,72.27,95.9
0.0297,72.27,95.9
0.029705555555555554,72.27,95.9
0.02971111111111111,72.27,95.9
0.02971666666666667,72.27,95.9
0.029722222222222223,72.27,95.9
0.029727777777777777,72.27,95.9
0.029733333333333334,72.27,95.9
0.02973888888888889,72.27,95.9
0.029744444444444445,72.27,95.9
0.02975,72.27,95.9
0.029755555555555556,72.27,95.9
0.02976111111111111,72.27,95.9
0.029766666666666667,72.27,95.9
0.029772222222222224,72.27,95.9
0.029777777777777778,72.27,95.9
0.029783333333333332,72.27,95.9
0.02978888888888889,72.27,95.9
0.029794444444444446,72.27,95.9
0.0298,72.27,95.9
0.029805555555555554,72.27,95.9
0.029811111111111108,72.27,95.9
0.02981666666666667,72.27,95.9
0.029822222222222222,72.27,95.9
0.029827777777777776,72.27,95.9
0.029833333333333333,72.27,95.9
0.02983888888888889,72.29,95.9
0.029844444444444444,72.29,95.9
0.029849999999999998,72.29,95.9
0.029855555555555555,72.29,95.9
0.029861111111111113,72.29,95.9
0.029866666666666666,72.29,95.9
0.029872222222222224,72.29,95.9
0.029877777777777777,72.29,95.9
0.02988333333333333,72.29,95.9
0.02988888888888889,72.29,95.9
0.029894444444444446,72.29,95.9
0.0299,72.29,95.9
0.029905555555555553,72.29,95.9
0.029911111111111114,72.29,95.9
0.029916666666666668,72.29,95.9
0.02992222222222222,72.29,95.9
0.029927777777777775,72.29,95.9
0.029933333333333336,72.29,95.9
0.02993888888888889,72.29,95.9
0.029944444444444444,72.29,95.9
0.029949999999999997,72.29,95.9
0.029955555555555558,72.29,95.9
0.029961111111111112,72.29,95.9
0.029966666666666666,72.29,95.9
0.029972222222222223,72.29,95.9
0.029977777777777777,72.29,95.9
0.029983333333333334,72.29,95.9
0.029988888888888888,72.29,95.9
0.029994444444444445,72.29,95.9
0.03,72.29,95.9
0.030005555555555556,72.29,95.9
0.030011111111111113,72.29,95.9
0.030016666666666667,72.29,95.9
0.03002222222222222,72.29,95.9
0.030027777777777775,72.29,95.9
0.030033333333333335,72.29,95.9
0.03003888888888889,72.29,95.9
0.030044444444444443,72.29,95.9
0.03005,72.29,95.9
0.030055555555555558,72.29,95.9
0.03006111111111111,72.29,95.9
0.030066666666666665,72.29,95.9
0.030072222222222222,72.31,95.9
0.03007777777777778,72.31,95.9
0.030083333333333333,72.31,95.9
0.030088888888888887,72.31,95.9
0.030094444444444444,72.31,95.9
0.0301,72.31,95.9
0.030105555555555556,72.31,95.9
0.030111111111111113,72.31,95.9
0.030116666666666667,72.31,95.9
0.03012222222222222,72.31,95.9
0.030127777777777778,72.31,95.9
0.030133333333333335,72.31,95.9
0.03013888888888889,72.31,95.9
0.030144444444444442,72.31,95.9
0.030150000000000003,72.31,95.9
0.030155555555555557,72.31,95.9
0.03016111111111111,72.31,95.9
0.030166666666666665,72.31,95.9
0.030172222222222222,72.31,95.9
0.03017777777777778,72.31,95.9
0.030183333333333333,72.31,95.9
0.03018888888888889,72.31,95.9
0.030194444444444444,72.31,95.9
0.0302,72.31,95.9
0.030205555555555555,72.31,95.9
0.030211111111111112,72.31,95.9
0.030216666666666666,72.31,95.9
0.03022222222222222,72.31,95.9
0.030227777777777777,72.31,95.9
0.030233333333333334,72.31,95.9
0.030238888888888888,72.31,95.9
0.030244444444444442,72.31,95.9
0.030250000000000003,72.31,95.9
0.030255555555555556,72.31,95.9
0.03026111111111111,72.31,95.9
0.030266666666666664,72.31,95.9
0.030272222222222225,72.31,95.9
0.03027777777777778,72.31,95.9
0.030283333333333332,72.31,95.9
0.03028888888888889,72.31,95.9
0.030294444444444447,72.31,95.9
0.0303,72.31,95.9
0.030305555555555554,72.28,95.9
0.03031111111111111,72.28,95.9
0.030316666666666665,72.28,95.9
0.030322222222222223,72.28,95.9
0.03032777777777778,72.28,95.9
0.030333333333333334,72.28,95.9
0.030338888888888887,72.28,95.9
0.030344444444444445,72.28,95.9
0.030350000000000002,72.28,95.9
0.030355555555555556,72.28,95.9
0.03036111111111111,72.28,95.9
0.030366666666666663,72.28,95.9
0.030372222222222224,72.28,95.9
0.030377777777777778,72.28,95.9
0.03038333333333333,72.28,95.9
0.03038888888888889,72.28,95.9
0.030394444444444446,72.28,95.9
0.0304,72.28,95.9
0.030405555555555554,72.28,95.9
0.03041111111111111,72.28,95.9
0.030416666666666668,72.28,95.9
0.030422222222222222,72.28,95.9
0.03042777777777778,72.28,95.9
0.030433333333333333,72.28,95.9
0.030438888888888887,72.28,95.9
0.030444444444444444,72.28,95.9
0.03045,72.28,95.9
0.030455555555555555,72.28,95.9
0.03046111111111111,72.28,95.9
0.03046666666666667,72.28,95.9
0.030472222222222223,72.28,95.9
0.030477777777777777,72.28,95.9
0.03048333333333333,72.28,95.9
0.030488888888888892,72.28,95.9
0.030494444444444446,72.28,95.9
0.0305,72.28,95.9
0.030505555555555553,72.28,95.9
0.03051111111111111,72.28,95.9
0.030516666666666668,72.28,95.9
0.03052222222222222,72.28,95.9
0.03052777777777778,72.28,95.9
0.030533333333333332,72.28,95.9
0.03053888888888889,72.26,95.9
0.030544444444444444,72.26,95.9
0.03055,72.26,95.9
0.030555555555555555,72.26,95.9
0.03056111111111111,72.26,95.9
0.03056666666666667,72.26,95.9
0.030572222222222223,72.26,95.9
0.030577777777777777,72.26,95.9
0.03058333333333333,72.26,95.9
0.03058888888888889,72.26,95.9
0.030594444444444445,72.26,95.9
0.0306,72.26,95.9
0.030605555555555556,72.26,95.9
0.030611111111111113,72.26,95.9
0.030616666666666667,72.26,95.9
0.03062222222222222,72.26,95.9
0.030627777777777778,72.26,95.9
0.030633333333333335,72.26,95.9
0.03063888888888889,72.26,95.9
0.030644444444444443,72.26,95.9
0.03065,72.26,95.9
0.030655555555555554,72.26,95.9
0.03066111111111111,72.26,95.9
0.03066666666666667,72.26,95.9
0.030672222222222222,72.26,95.9
0.030677777777777776,72.26,95.9
0.030683333333333333,72.26,95.9
0.03068888888888889,72.26,95.9
0.030694444444444444,72.26,95.9
0.030699999999999998,72.26,95.9
0.03070555555555556,72.26,95.9
0.030711111111111113,72.26,95.9
0.030716666666666666,72.26,95.9
0.03072222222222222,72.26,95.9
0.030727777777777777,72.26,95.9
0.030733333333333335,72.26,95.9
0.03073888888888889,72.26,95.9
0.030744444444444446,72.26,95.9
0.03075,72.26,95.9
0.030755555555555557,72.26,95.9
0.03076111111111111,72.26,95.9
0.030766666666666668,72.26,95.9
0.03077222222222222,72.28,95.9
0.030777777777777775,72.28,95.9
0.030783333333333333,72.28,95.9
0.03078888888888889,72.28,95.9
0.030794444444444444,72.28,95.9
0.030799999999999998,72.28,95.9
0.030805555555555558,72.28,95.9
0.030811111111111112,72.28,95.9
0.030816666666666666,72.28,95.9
0.03082222222222222,72.28,95.9
0.03082777777777778,72.28,95.9
0.030833333333333334,72.28,95.9
0.030838888888888888,72.28,95.9
0.030844444444444445,72.28,95.9
0.03085,72.28,95.9
0.030855555555555556,72.28,95.9
0.03086111111111111,72.28,95.9
0.030866666666666667,72.28,95.9
0.03087222222222222,72.28,95.9
0.03087777777777778,72.28,95.9
0.030883333333333336,72.28,95.9
0.03088888888888889,72.28,95.9
0.030894444444444443,72.28,95.9
0.030899999999999997,72.28,95.9
0.030905555555555558,72.28,95.9
0.03091111111111111,72.28,95.9
0.030916666666666665,72.28,95.9
0.03092222222222222,72.28,95.9
0.03092777777777778,72.28,95.9
0.030933333333333334,72.28,95.9
0.030938888888888887,72.28,95.9
0.030944444444444445,72.28,95.9
0.030950000000000002,72.28,95.9
0.030955555555555556,72.28,95.9
0.03096111111111111,72.28,95.9
0.030966666666666667,72.28,95.9
0.030972222222222224,72.28,95.9
0.030977777777777778,72.28,95.9
0.030983333333333335,72.28,95.9
0.03098888888888889,72.28,95.9
0.030994444444444443,72.28,95.9
0.031,72.28,95.9
0.031005555555555557,72.3,95.9
0.03101111111111111,72.3,95.9
0.031016666666666665,72.3,95.9
0.031022222222222225,72.3,95.9
0.03102777777777778,72.3,95.9
0.031033333333333333,72.3,95.9
0.031038888888888887,72.3,95.9
0.031044444444444447,72.3,95.9
0.03105,72.3,95.9
0.031055555555555555,72.3,95.9
0.03106111111111111,72.3,95.9
0.031066666666666666,72.3,95.9
0.031072222222222223,72.3,95.9
0.031077777777777777,72.3,95.9
0.031083333333333334,72.3,95.9
0.031088888888888888,72.3,95.9
0.031094444444444445,72.3,95.9
0.0311,72.3,95.9
0.031105555555555556,72.3,95.9
0.03111111111111111,72.3,95.9
0.031116666666666664,72.3,95.9
0.031122222222222225,72.3,95.9
0.03112777777777778,72.3,95.9
0.031133333333333332,72.3,95.9
0.031138888888888886,72.3,95.9
0.031144444444444447,72.3,95.9
0.03115,72.3,95.9
0.031155555555555554,72.3,95.9
0.03116111111111111,72.3,95.9
0.03116666666666667,72.3,95.9
0.031172222222222223,72.3,95.9
0.031177777777777776,72.3,95.9
0.031183333333333334,72.3,95.9
0.031188888888888888,72.3,95.9
0.031194444444444445,72.3,95.9
0.0312,72.3,95.9
0.031205555555555556,72.3,95.9
0.03121111111111111,72.3,95.9
0.031216666666666667,72.3,95.9
0.031222222222222224,72.3,95.9
0.031227777777777778,72.3,95.9
0.03123333333333333,72.3,95.9
0.031238888888888885,72.29,95.9
0.031244444444444446,72.29,95.9
0.03125,72.29,95.9
0.03125555555555556,72.29,95.9
0.031261111111111115,72.29,95.9
0.031266666666666665,72.29,95.9
0.03127222222222222,72.29,95.9
0.03127777777777778,72.29,95.9
0.03128333333333334,72.29,95.9
0.03128888888888889,72.29,95.9
0.031294444444444444,72.29,95.9
0.0313,72.29,95.9
0.03130555555555556,72.29,95.9
0.03131111111111111,72.29,95.9
0.031316666666666666,72.29,95.9
0.031322222222222224,72.29,95.9
0.03132777777777778,72.29,95.9
0.03133333333333333,72.29,95.9
0.03133888888888889,72.29,95.9
0.031344444444444446,72.29,95.9
0.03135,72.29,95.9
0.03135555555555555,72.29,95.9
0.03136111111111111,72.29,95.9
0.03136666666666667,72.29,95.9
0.031372222222222225,72.29,95.9
0.031377777777777775,72.29,95.9
0.03138333333333333,72.29,95.9
0.03138888888888889,72.29,95.9
0.03139444444444444,72.29,95.9
0.031400000000000004,72.29,95.9
0.031405555555555555,72.29,95.9
0.03141111111111111,72.29,95.9
0.03141666666666666,72.29,95.9
0.031422222222222226,72.29,95.9
0.03142777777777778,72.29,95.9
0.031433333333333334,72.29,95.9
0.03143888888888889,72.29,95.9
0.03144444444444445,72.29,95.9
0.03145,72.29,95.9
0.031455555555555556,72.29,95.9
0.03146111111111111,72.29,95.9
0.031466666666666664,72.29,95.9
0.03147222222222222,72.27,95.9
0.03147777777777778,72.27,95.9
0.031483333333333335,72.27,95.9
0.031488888888888886,72.27,95.9
0.03149444444444444,72.27,95.9
0.0315,72.27,95.9
0.03150555555555556,72.27,95.9
0.03151111111111111,72.27,95.9
0.031516666666666665,72.27,95.9
0.03152222222222222,72.27,95.9
0.03152777777777778,72.27,95.9
0.03153333333333333,72.27,95.9
0.031538888888888894,72.27,95.9
0.031544444444444444,72.27,95.9
0.03155,72.27,95.9
0.03155555555555555,72.27,95.9
0.03156111111111111,72.27,95.9
0.031566666666666666,72.27,95.9
0.031572222222222224,72.27,95.9
0.03157777777777778,72.27,95.9
0.03158333333333333,72.27,95.9
0.03158888888888889,72.27,95.9
0.031594444444444446,72.27,95.9
0.0316,72.27,95.9
0.03160555555555555,72.27,95.9
0.03161111111111111,72.27,95.9
0.03161666666666667,72.27,95.9
0.031622222222222225,72.27,95.9
0.031627777777777775,72.27,95.9
0.03163333333333333,72.27,95.9
0.03163888888888889,72.27,95.9
0.03164444444444445,72.27,95.9
0.03165,72.27,95.9
0.031655555555555555,72.27,95.9
0.03166111111111111,72.27,95.9
0.03166666666666667,72.27,95.9
0.03167222222222222,72.27,95.9
0.03167777777777778,72.27,95.9
0.031683333333333334,72.27,95.9
0.03168888888888889,72.27,95.9
0.03169444444444444,72.27,95.9
0.0317,72.27,95.9
0.031705555555555556,72.27,95.9
0.031711111111111114,72.27,95.9
0.03171666666666667,72.27,95.9
0.03172222222222222,72.27,95.9
0.03172777777777778,72.27,95.9
0.03173333333333333,72.27,95.9
0.03173888888888889,72.27,95.9
0.03174444444444444,72.27,95.9
0.03175,72.27,95.9
0.03175555555555555,72.27,95.9
0.031761111111111115,72.27,95.9
0.031766666666666665,72.27,95.9
0.03177222222222222,72.27,95.9
0.03177777777777778,72.27,95.9
0.03178333333333334,72.27,95.9
0.03178888888888889,72.27,95.9
0.031794444444444445,72.27,95.9
0.0318,72.27,95.9
0.03180555555555555,72.27,95.9
0.03181111111111111,72.27,95.9
0.03181666666666667,72.27,95.9
0.031822222222222224,72.27,95.9
0.031827777777777774,72.27,95.9
0.03183333333333333,72.27,95.9
0.03183888888888889,72.27,95.9
0.031844444444444446,72.27,95.9
0.031849999999999996,72.27,95.9
0.03185555555555556,72.27,95.9
0.03186111111111111,72.27,95.9
0.03186666666666667,72.27,95.9
0.03187222222222222,72.27,95.9
0.03187777777777778,72.27,95.9
0.03188333333333333,72.27,95.9
0.03188888888888889,72.27,95.9
0.03189444444444444,72.27,95.9
0.0319,72.27,95.9
0.031905555555555555,72.27,95.9
0.03191111111111111,72.27,95.9
0.03191666666666667,72.27,95.9
0.03192222222222222,72.27,95.9
0.03192777777777778,72.27,95.9
0.031933333333333334,72.27,95.9
0.03193888888888889,72.29,95.9
0.03194444444444444,72.29,95.9
0.03195,72.29,95.9
0.031955555555555556,72.29,95.9
0.031961111111111114,72.29,95.9
0.031966666666666664,72.29,95.9
0.03197222222222222,72.29,95.9
0.03197777777777778,72.29,95.9
0.031983333333333336,72.29,95.9
0.031988888888888886,72.29,95.9
0.03199444444444444,72.29,95.9
0.032,72.29,95.9
0.03200555555555556,72.29,95.9
0.03201111111111111,72.29,95.9
0.032016666666666665,72.29,95.9
0.03202222222222222,72.29,95.9
0.03202777777777778,72.29,95.9
0.03203333333333333,72.29,95.9
0.03203888888888889,72.29,95.9
0.032044444444444445,72.29,95.9
0.03205,72.29,95.9
0.03205555555555556,72.29,95.9
0.03206111111111111,72.29,95.9
0.03206666666666667,72.29,95.9
0.03207222222222222,72.29,95.9
0.03207777777777778,72.29,95.9
0.03208333333333333,72.29,95.9
0.03208888888888889,72.29,95.9
0.032094444444444446,72.29,95.9
0.032100000000000004,72.29,95.9
0.032105555555555554,72.29,95.9
0.03211111111111111,72.29,95.9
0.03211666666666667,72.29,95.9
0.032122222222222226,72.29,95.9
0.032127777777777776,72.29,95.9
0.03213333333333333,72.29,95.9
0.03213888888888889,72.29,95.9
0.03214444444444444,72.29,95.9
0.03215,72.29,95.9
0.032155555555555555,72.29,95.9
0.03216111111111111,72.29,95.9
0.03216666666666666,72.29,95.9
0.03217222222222222,72.3,95.9
0.03217777777777778,72.3,95.9
0.032183333333333335,72.3,95.9
0.032188888888888885,72.3,95.9
0.03219444444444445,72.3,95.9
0.0322,72.3,95.9
0.03220555555555556,72.3,95.9
0.03221111111111111,72.3,95.9
0.03221666666666667,72.3,95.9
0.03222222222222222,72.3,95.9
0.03222777777777778,72.3,95.9
0.032233333333333336,72.3,95.9
0.032238888888888886,72.3,95.9
0.032244444444444444,72.3,95.9
0.03225,72.3,95.9
0.03225555555555556,72.3,95.9
0.03226111111111111,72.3,95.9
0.032266666666666666,72.3,95.9
0.03227222222222222,72.3,95.9
0.03227777777777778,72.3,95.9
0.03228333333333333,72.3,95.9
0.03228888888888889,72.3,95.9
0.032294444444444445,72.3,95.9
0.0323,72.3,95.9
0.03230555555555555,72.3,95.9
0.03231111111111111,72.3,95.9
0.03231666666666667,72.3,95.9
0.032322222222222224,72.3,95.9
0.032327777777777775,72.3,95.9
0.03233333333333333,72.3,95.9
0.03233888888888889,72.3,95.9
0.032344444444444446,72.3,95.9
0.03235,72.3,95.9
0.032355555555555554,72.3,95.9
0.03236111111111111,72.3,95.9
0.03236666666666667,72.3,95.9
0.032372222222222226,72.3,95.9
0.032377777777777776,72.3,95.9
0.03238333333333333,72.3,95.9
0.03238888888888889,72.3,95.9
0.03239444444444445,72.3,95.9
0.0324,72.3,95.9
0.032405555555555556,72.28,95.9
0.03241111111111111,72.28,95.9
0.03241666666666667,72.28,95.9
0.03242222222222222,72.28,95.9
0.03242777777777778,72.28,95.9
0.032433333333333335,72.28,95.9
0.03243888888888889,72.28,95.9
0.03244444444444444,72.28,95.9
0.03245,72.28,95.9
0.03245555555555556,72.28,95.9
0.032461111111111114,72.28,95.9
0.032466666666666665,72.28,95.9
0.03247222222222222,72.28,95.9
0.03247777777777778,72.28,95.9
0.03248333333333333,72.28,95.9
0.03248888888888889,72.28,95.9
0.032494444444444444,72.28,95.9
0.0325,72.28,95.9
0.03250555555555555,72.28,95.9
0.032511111111111116,72.28,95.9
0.032516666666666666,72.28,95.9
0.03252222222222222,72.28,95.9
0.032527777777777774,72.28,95.9
0.03253333333333334,72.28,95.9
0.03253888888888889,72.28,95.9
0.032544444444444445,72.28,95.9
0.03255,72.28,95.9
0.03255555555555556,72.28,95.9
0.03256111111111111,72.28,95.9
0.03256666666666667,72.28,95.9
0.032572222222222225,72.28,95.9
0.032577777777777775,72.28,95.9
0.03258333333333333,72.28,95.9
0.03258888888888889,72.28,95.9
0.03259444444444445,72.28,95.9
0.0326,72.28,95.9
0.032605555555555554,72.28,95.9
0.03261111111111111,72.28,95.9
0.03261666666666667,72.28,95.9
0.03262222222222222,72.28,95.9
0.032627777777777776,72.28,95.9
0.032633333333333334,72.28,95.9
0.03263888888888889,72.26,95.9
0.03264444444444444,72.26,95.9
0.03265,72.26,95.9
0.032655555555555556,72.26,95.9
0.03266111111111111,72.26,95.9
0.03266666666666666,72.26,95.9
0.03267222222222222,72.26,95.9
0.03267777777777778,72.26,95.9
0.032683333333333335,72.26,95.9
0.03268888888888889,72.26,95.9
0.03269444444444444,72.26,95.9
0.0327,72.26,95.9
0.03270555555555556,72.26,95.9
0.032711111111111114,72.26,95.9
0.032716666666666665,72.26,95.9
0.03272222222222222,72.26,95.9
0.03272777777777778,72.26,95.9
0.032733333333333337,72.26,95.9
0.03273888888888889,72.26,95.9
0.032744444444444444,72.26,95.9
0.03275,72.26,95.9
0.03275555555555556,72.26,95.9
0.03276111111111111,72.26,95.9
0.032766666666666666,72.26,95.9
0.03277222222222222,72.26,95.9
0.03277777777777778,72.26,95.9
0.03278333333333333,72.26,95.9
0.03278888888888889,72.26,95.9
0.032794444444444446,72.26,95.9
0.0328,72.26,95.9
0.03280555555555555,72.26,95.9
0.03281111111111111,72.26,95.9
0.03281666666666667,72.26,95.9
0.03282222222222222,72.26,95.9
0.03282777777777778,72.26,95.9
0.03283333333333333,72.26,95.9
0.03283888888888889,72.26,95.9
0.03284444444444444,72.26,95.9
0.032850000000000004,72.26,95.9
0.032855555555555555,72.26,95.9
0.03286111111111111,72.26,95.9
0.03286666666666666,72.26,95.9
0.032872222222222226,72.27,96.0
0.03287777777777778,72.27,96.0
0.032883333333333334,72.27,96.0
0.03288888888888889,72.27,96.0
0.03289444444444445,72.27,96.0
0.0329,72.27,96.0
0.032905555555555556,72.27,96.0
0.03291111111111111,72.27,96.0
0.032916666666666664,72.27,96.0
0.03292222222222222,72.27,96.0
0.03292777777777778,72.27,96.0
0.032933333333333335,72.27,96.0
0.032938888888888886,72.27,96.0
0.03294444444444444,72.27,96.0
0.03295,72.27,96.0
0.03295555555555556,72.27,96.0
0.03296111111111111,72.27,96.0
0.03296666666666667,72.27,96.0
0.03297222222222222,72.27,96.0
0.03297777777777778,72.27,96.0
0.03298333333333333,72.27,96.0
0.03298888888888889,72.27,96.0
0.032994444444444444,72.27,96.0
0.033,72.27,96.0
0.03300555555555555,72.27,96.0
0.03301111111111111,72.27,96.0
0.033016666666666666,72.27,96.0
0.033022222222222224,72.27,96.0
0.03302777777777778,72.27,96.0
0.03303333333333333,72.27,96.0
0.03303888888888889,72.27,96.0
0.033044444444444446,72.27,96.0
0.03305,72.27,96.0
0.03305555555555555,72.27,96.0
0.03306111111111111,72.27,96.0
0.03306666666666667,72.27,96.0
0.033072222222222225,72.27,96.0
0.033077777777777775,72.27,96.0
0.03308333333333333,72.27,96.0
0.03308888888888889,72.27,96.0
0.03309444444444445,72.27,96.0
0.0331,72.27,96.0
0.033105555555555555,72.3,96.0
0.03311111111111111,72.3,96.0
0.03311666666666667,72.3,96.0
0.03312222222222222,72.3,96.0
0.03312777777777778,72.3,96.0
0.033133333333333334,72.3,96.0
0.03313888888888889,72.3,96.0
0.03314444444444444,72.3,96.0
0.03315,72.3,96.0
0.033155555555555556,72.3,96.0
0.033161111111111106,72.3,96.0
0.03316666666666667,72.3,96.0
0.03317222222222222,72.3,96.0
0.03317777777777778,72.3,96.0
0.03318333333333333,72.3,96.0
0.03318888888888889,72.3,96.0
0.03319444444444444,72.3,96.0
0.0332,72.3,96.0
0.03320555555555556,72.3,96.0
0.033211111111111115,72.3,96.0
0.033216666666666665,72.3,96.0
0.03322222222222222,72.3,96.0
0.03322777777777778,72.3,96.0
0.03323333333333334,72.3,96.0
0.03323888888888889,72.3,96.0
0.033244444444444445,72.3,96.0
0.03325,72.3,96.0
0.03325555555555555,72.3,96.0
0.03326111111111111,72.3,96.0
0.03326666666666667,72.3,96.0
0.033272222222222224,72.3,96.0
0.033277777777777774,72.3,96.0
0.03328333333333333,72.3,96.0
0.03328888888888889,72.3,96.0
0.033294444444444446,72.3,96.0
0.033299999999999996,72.3,96.0
0.03330555555555556,72.3,96.0
0.03331111111111111,72.3,96.0
0.03331666666666667,72.3,96.0
0.03332222222222222,72.3,96.0
0.033327777777777776,72.3,96.0
0.03333333333333333,72.3,96.0
0.03333888888888889,72.29,96.0
0.03334444444444445,72.29,96.0
0.03335,72.29,96.0
0.033355555555555555,72.29,96.0
0.03336111111111111,72.29,96.0
0.03336666666666667,72.29,96.0
0.03337222222222222,72.29,96.0
0.03337777777777778,72.29,96.0
0.033383333333333334,72.29,96.0
0.03338888888888889,72.29,96.0
0.03339444444444444,72.29,96.0
0.0334,72.29,96.0
0.033405555555555556,72.29,96.0
0.033411111111111114,72.29,96.0
0.033416666666666664,72.29,96.0
0.03342222222222222,72.29,96.0
0.03342777777777778,72.29,96.0
0.033433333333333336,72.29,96.0
0.033438888888888886,72.29,96.0
0.03344444444444444,72.29,96.0
0.03345,72.29,96.0
0.03345555555555556,72.29,96.0
0.03346111111111111,72.29,96.0
0.033466666666666665,72.29,96.0
0.03347222222222222,72.29,96.0
0.03347777777777778,72.29,96.0
0.03348333333333334,72.29,96.0
0.03348888888888889,72.29,96.0
0.033494444444444445,72.29,96.0
0.033499999999999995,72.29,96.0
0.03350555555555556,72.29,96.0
0.03351111111111111,72.29,96.0
0.03351666666666667,72.29,96.0
0.033522222222222224,72.29,96.0
0.03352777777777778,72.29,96.0
0.03353333333333333,72.29,96.0
0.03353888888888889,72.29,96.0
0.033544444444444446,72.29,96.0
0.03355,72.29,96.0
0.033555555555555554,72.29,96.0
0.03356111111111111,72.29,96.0
0.03356666666666667,72.29,96.0
0.033572222222222226,72.26,96.0
0.033577777777777776,72.26,96.0
0.03358333333333333,72.26,96.0
0.03358888888888889,72.26,96.0
0.03359444444444444,72.26,96.0
0.0336,72.26,96.0
0.033605555555555555,72.26,96.0
0.03361111111111111,72.26,96.0
0.03361666666666666,72.26,96.0
0.03362222222222223,72.26,96.0
0.03362777777777778,72.26,96.0
0.033633333333333335,72.26,96.0
0.033638888888888885,72.26,96.0
0.03364444444444445,72.26,96.0
0.03365,72.26,96.0
0.03365555555555556,72.26,96.0
0.033661111111111114,72.26,96.0
0.033666666666666664,72.26,96.0
0.03367222222222222,72.26,96.0
0.03367777777777778,72.26,96.0
0.033683333333333336,72.26,96.0
0.033688888888888886,72.26,96.0
0.033694444444444444,72.26,96.0
0.0337,72.26,96.0
0.03370555555555556,72.26,96.0
0.03371111111111111,72.26,96.0
0.033716666666666666,72.26,96.0
0.03372222222222222,72.26,96.0
0.03372777777777778,72.26,96.0
0.03373333333333333,72.26,96.0
0.03373888888888889,72.26,96.0
0.033744444444444445,72.26,96.0
0.03375,72.26,96.0
0.03375555555555555,72.26,96.0
0.03376111111111111,72.26,96.0
0.03376666666666667,72.26,96.0
0.033772222222222224,72.26,96.0
0.033777777777777775,72.26,96.0
0.03378333333333333,72.26,96.0
0.03378888888888889,72.26,96.0
0.033794444444444446,72.26,96.0
0.033800000000000004,72.26,96.0
0.033805555555555554,72.26,96.0
0.03381111111111111,72.26,96.0
0.03381666666666667,72.26,96.0
0.033822222222222226,72.26,96.0
0.033827777777777776,72.26,96.0
0.03383333333333333,72.26,96.0
0.033838888888888884,72.26,96.0
0.03384444444444445,72.26,96.0
0.03385,72.26,96.0
0.033855555555555555,72.26,96.0
0.03386111111111111,72.26,96.0
0.03386666666666667,72.26,96.0
0.03387222222222222,72.26,96.0
0.03387777777777778,72.26,96.0
0.033883333333333335,72.26,96.0
0.03388888888888889,72.26,96.0
0.03389444444444444,72.26,96.0
0.0339,72.26,96.0
0.03390555555555556,72.26,96.0
0.033911111111111114,72.26,96.0
0.033916666666666664,72.26,96.0
0.03392222222222222,72.26,96.0
0.03392777777777778,72.26,96.0
0.03393333333333333,72.26,96.0
0.03393888888888889,72.26,96.0
0.033944444444444444,72.26,96.0
0.03395,72.26,96.0
0.03395555555555555,72.26,96.0
0.033961111111111116,72.26,96.0
0.033966666666666666,72.26,96.0
0.03397222222222222,72.26,96.0
0.03397777777777777,72.26,96.0
0.03398333333333334,72.26,96.0
0.03398888888888889,72.26,96.0
0.033994444444444445,72.26,96.0
0.034,72.26,96.0
0.03400555555555555,72.26,96.0
0.03401111111111111,72.26,96.0
0.03401666666666667,72.26,96.0
0.034022222222222225,72.26,96.0
0.034027777777777775,72.26,96.0
0.03403333333333333,72.26,96.0
0.03403888888888889,72.29,96.0
0.03404444444444445,72.29,96.0
0.03405,72.29,96.0
0.034055555555555554,72.29,96.0
0.03406111111111111,72.29,96.0
0.03406666666666667,72.29,96.0
0.03407222222222222,72.29,96.0
0.034077777777777776,72.29,96.0
0.034083333333333334,72.29,96.0
0.03408888888888889,72.29,96.0
0.03409444444444444,72.29,96.0
0.0341,72.29,96.0
0.034105555555555556,72.29,96.0
0.03411111111111111,72.29,96.0
0.03411666666666666,72.29,96.0
0.03412222222222222,72.29,96.0
0.03412777777777778,72.29,96.0
0.034133333333333335,72.29,96.0
0.03413888888888889,72.29,96.0
0.03414444444444444,72.29,96.0
0.03415,72.29,96.0
0.03415555555555556,72.29,96.0
0.034161111111111114,72.29,96.0
0.034166666666666665,72.29,96.0
0.03417222222222222,72.29,96.0
0.03417777777777778,72.29,96.0
0.034183333333333336,72.29,96.0
0.03418888888888889,72.29,96.0
0.034194444444444444,72.29,96.0
0.0342,72.29,96.0
0.03420555555555556,72.29,96.0
0.03421111111111111,72.29,96.0
0.034216666666666666,72.29,96.0
0.03422222222222222,72.29,96.0
0.03422777777777778,72.29,96.0
0.03423333333333333,72.29,96.0
0.03423888888888889,72.29,96.0
0.034244444444444445,72.29,96.0
0.03425,72.29,96.0
0.03425555555555555,72.29,96.0
0.03426111111111111,72.29,96.0
0.03426666666666667,72.29,96.0
0.03427222222222222,72.3,96.0
0.03427777777777778,72.3,96.0
0.03428333333333333,72.3,96.0
0.03428888888888889,72.3,96.0
0.03429444444444444,72.3,96.0
0.034300000000000004,72.3,96.0
0.034305555555555554,72.3,96.0
0.03431111111111111,72.3,96.0
0.03431666666666667,72.3,96.0
0.034322222222222226,72.3,96.0
0.034327777777777777,72.3,96.0
0.034333333333333334,72.3,96.0
0.03433888888888889,72.3,96.0
0.03434444444444444,72.3,96.0
0.03435,72.3,96.0
0.034355555555555556,72.3,96.0
0.03436111111111111,72.3,96.0
0.03436666666666666,72.3,96.0
0.03437222222222222,72.3,96.0
0.03437777777777778,72.3,96.0
0.034383333333333335,72.3,96.0
0.034388888888888886,72.3,96.0
0.03439444444444444,72.3,96.0
0.0344,72.3,96.0
0.03440555555555556,72.3,96.0
0.03441111111111111,72.3,96.0
0.034416666666666665,72.3,96.0
0.03442222222222222,72.3,96.0
0.03442777777777778,72.3,96.0
0.03443333333333333,72.3,96.0
0.03443888888888889,72.3,96.0
0.034444444444444444,72.3,96.0
0.03445,72.3,96.0
0.03445555555555556,72.3,96.0
0.03446111111111111,72.3,96.0
0.034466666666666666,72.3,96.0
0.034472222222222224,72.3,96.0
0.03447777777777778,72.3,96.0
0.03448333333333333,72.3,96.0
0.03448888888888889,72.3,96.0
0.034494444444444446,72.3,96.0
0.0345,72.3,96.0
0.03450555555555555,72.27,96.0
0.03451111111111111,72.27,96.0
0.03451666666666667,72.27,96.0
0.034522222222222225,72.27,96.0
0.034527777777777775,72.27,96.0
0.03453333333333333,72.27,96.0
0.03453888888888889,72.27,96.0
0.03454444444444445,72.27,96.0
0.03455,72.27,96.0
0.034555555555555555,72.27,96.0
0.03456111111111111,72.27,96.0
0.03456666666666667,72.27,96.0
0.03457222222222222,72.27,96.0
0.03457777777777778,72.27,96.0
0.034583333333333334,72.27,96.0
0.03458888888888889,72.27,96.0
0.03459444444444445,72.27,96.0
0.0346,72.27,96.0
0.034605555555555556,72.27,96.0
0.034611111111111106,72.27,96.0
0.03461666666666667,72.27,96.0
0.03462222222222222,72.27,96.0
0.03462777777777778,72.27,96.0
0.034633333333333335,72.27,96.0
0.03463888888888889,72.27,96.0
0.03464444444444444,72.27,96.0
0.03465,72.27,96.0
0.03465555555555556,72.27,96.0
0.034661111111111115,72.27,96.0
0.034666666666666665,72.27,96.0
0.03467222222222222,72.27,96.0
0.03467777777777778,72.27,96.0
0.03468333333333333,72.27,96.0
0.03468888888888889,72.27,96.0
0.034694444444444444,72.27,96.0
0.0347,72.27,96.0
0.03470555555555555,72.27,96.0
0.03471111111111111,72.27,96.0
0.034716666666666667,72.27,96.0
0.034722222222222224,72.27,96.0
0.034727777777777774,72.27,96.0
0.03473333333333334,72.27,96.0
0.03473888888888889,72.26,96.0
0.034744444444444446,72.26,96.0
0.034749999999999996,72.26,96.0
0.03475555555555555,72.26,96.0
0.03476111111111111,72.26,96.0
0.03476666666666667,72.26,96.0
0.034772222222222225,72.26,96.0
0.034777777777777776,72.26,96.0
0.03478333333333333,72.26,96.0
0.03478888888888889,72.26,96.0
0.03479444444444445,72.26,96.0
0.0348,72.26,96.0
0.034805555555555555,72.26,96.0
0.03481111111111111,72.26,96.0
0.03481666666666667,72.26,96.0
0.03482222222222222,72.26,96.0
0.03482777777777778,72.26,96.0
0.034833333333333334,72.26,96.0
0.03483888888888889,72.26,96.0
0.03484444444444444,72.26,96.0
0.03485,72.26,96.0
0.034855555555555556,72.26,96.0
0.034861111111111114,72.26,96.0
0.034866666666666664,72.26,96.0
0.03487222222222222,72.26,96.0
0.03487777777777778,72.26,96.0
0.034883333333333336,72.26,96.0
0.034888888888888886,72.26,96.0
0.03489444444444444,72.26,96.0
0.0349,72.26,96.0
0.03490555555555556,72.26,96.0
0.034911111111111115,72.26,96.0
0.034916666666666665,72.26,96.0
0.03492222222222222,72.26,96.0
0.03492777777777778,72.26,96.0
0.03493333333333334,72.26,96.0
0.03493888888888889,72.26,96.0
0.034944444444444445,72.26,96.0
0.034949999999999995,72.26,96.0
0.03495555555555556,72.26,96.0
0.03496111111111111,72.26,96.0
0.03496666666666667,72.26,96.0
0.034972222222222224,72.27,96.0
0.03497777777777778,72.27,96.0
0.03498333333333333,72.27,96.0
0.03498888888888889,72.27,96.0
0.034994444444444446,72.27,96.0
0.035,72.27,96.0
0.035005555555555554,72.27,96.0
0.03501111111111111,72.27,96.0
0.03501666666666667,72.27,96.0
0.03502222222222222,72.27,96.0
0.035027777777777776,72.27,96.0
0.03503333333333333,72.27,96.0
0.03503888888888889,72.27,96.0
0.03504444444444444,72.27,96.0
0.035050000000000005,72.27,96.0
0.035055555555555555,72.27,96.0
0.03506111111111111,72.27,96.0
0.03506666666666666,72.27,96.0
0.03507222222222223,72.27,96.0
0.03507777777777778,72.27,96.0
0.035083333333333334,72.27,96.0
0.035088888888888885,72.27,96.0
0.03509444444444444,72.27,96.0
0.0351,72.27,96.0
0.035105555555555557,72.27,96.0
0.035111111111111114,72.27,96.0
0.035116666666666664,72.27,96.0
0.03512222222222222,72.27,96.0
0.03512777777777778,72.27,96.0
0.035133333333333336,72.27,96.0
0.035138888888888886,72.27,96.0
0.03514444444444444,72.27,96.0
0.03515,72.27,96.0
0.03515555555555556,72.27,96.0
0.03516111111111111,72.27,96.0
0.035166666666666666,72.27,96.0
0.03517222222222222,72.27,96.0
0.03517777777777778,72.27,96.0
0.03518333333333333,72.27,96.0
0.03518888888888889,72.27,96.0
0.035194444444444445,72.27,96.0
0.0352,72.27,96.0
0.03520555555555555,72.3,96.0
0.03521111111111111,72.3,96.0
0.03521666666666667,72.3,96.0
0.035222222222222224,72.3,96.0
0.035227777777777775,72.3,96.0
0.03523333333333333,72.3,96.0
0.03523888888888889,72.3,96.0
0.035244444444444446,72.3,96.0
0.035250000000000004,72.3,96.0
0.035255555555555554,72.3,96.0
0.03526111111111111,72.3,96.0
0.03526666666666667,72.3,96.0
0.035272222222222226,72.3,96.0
0.035277777777777776,72.3,96.0
0.03528333333333333,72.3,96.0
0.03528888888888889,72.3,96.0
0.03529444444444445,72.3,96.0
0.0353,72.3,96.0
0.035305555555555555,72.3,96.0
0.03531111111111111,72.3,96.0
0.03531666666666667,72.3,96.0
0.03532222222222222,72.3,96.0
0.03532777777777778,72.3,96.0
0.035333333333333335,72.3,96.0
0.03533888888888889,72.3,96.0
0.03534444444444444,72.3,96.0
0.03535,72.3,96.0
0.03535555555555556,72.3,96.0
0.03536111111111111,72.3,96.0
0.035366666666666664,72.3,96.0
0.03537222222222222,72.3,96.0
0.03537777777777778,72.3,96.0
0.03538333333333333,72.3,96.0
0.03538888888888889,72.3,96.0
0.035394444444444444,72.3,96.0
0.0354,72.3,96.0
0.03540555555555555,72.3,96.0
0.035411111111111115,72.3,96.0
0.035416666666666666,72.3,96.0
0.03542222222222222,72.3,96.0
0.03542777777777778,72.3,96.0
0.03543333333333333,72.3,96.0
0.03543888888888889,72.28,96.0
0.035444444444444445,72.28,96.0
0.03545,72.28,96.0
0.03545555555555555,72.28,96.0
0.03546111111111111,72.28,96.0
0.03546666666666667,72.28,96.0
0.035472222222222224,72.28,96.0
0.035477777777777775,72.28,96.0
0.03548333333333333,72.28,96.0
0.03548888888888889,72.28,96.0
0.035494444444444447,72.28,96.0
0.0355,72.28,96.0
0.035505555555555554,72.28,96.0
0.03551111111111111,72.28,96.0
0.03551666666666667,72.28,96.0
0.03552222222222222,72.28,96.0
0.035527777777777776,72.28,96.0
0.03553333333333333,72.28,96.0
0.03553888888888889,72.28,96.0
0.03554444444444444,72.28,96.0
0.03555,72.28,96.0
0.035555555555555556,72.28,96.0
0.03556111111111111,72.28,96.0
0.03556666666666666,72.28,96.0
0.03557222222222222,72.28,96.0
0.035577777777777785,72.28,96.0
0.035583333333333335,72.28,96.0
0.03558888888888889,72.28,96.0
0.03559444444444444,72.28,96.0
0.0356,72.28,96.0
0.03560555555555556,72.28,96.0
0.03561111111111111,72.28,96.0
0.035616666666666665,72.28,96.0
0.03562222222222222,72.28,96.0
0.03562777777777777,72.28,96.0
0.035633333333333336,72.28,96.0
0.035638888888888894,72.28,96.0
0.035644444444444444,72.28,96.0
0.03565,72.28,96.0
0.03565555555555556,72.28,96.0
0.03566111111111111,72.28,96.0
0.035666666666666666,72.28,96.0
0.035672222222222216,72.26,96.0
0.03567777777777778,72.26,96.0
0.03568333333333334,72.26,96.0
0.03568888888888889,72.26,96.0
0.035694444444444445,72.26,96.0
0.0357,72.26,96.0
0.03570555555555555,72.26,96.0
0.03571111111111111,72.26,96.0
0.03571666666666667,72.26,96.0
0.03572222222222222,72.26,96.0
0.03572777777777778,72.26,96.0
0.03573333333333333,72.26,96.0
0.03573888888888889,72.26,96.0
0.03574444444444445,72.26,96.0
0.03575,72.26,96.0
0.035755555555555554,72.26,96.0
0.03576111111111111,72.26,96.0
0.03576666666666666,72.26,96.0
0.03577222222222222,72.26,96.0
0.03577777777777778,72.26,96.0
0.035783333333333334,72.26,96.0
0.03578888888888889,72.26,96.0
0.03579444444444445,72.26,96.0
0.0358,72.26,96.0
0.035805555555555556,72.26,96.0
0.035811111111111106,72.26,96.0
0.03581666666666666,72.26,96.0
0.03582222222222223,72.26,96.0
0.03582777777777778,72.26,96.0
0.035833333333333335,72.26,96.0
0.03583888888888889,72.26,96.0
0.03584444444444444,72.26,96.0
0.03585,72.26,96.0
0.03585555555555556,72.26,96.0
0.03586111111111111,72.26,96.0
0.035866666666666665,72.26,96.0
0.035872222222222215,72.26,96.0
0.03587777777777778,72.26,96.0
0.035883333333333337,72.26,96.0
0.03588888888888889,72.26,96.0
0.035894444444444444,72.26,96.0
0.0359,72.26,96.0
0.03590555555555555,72.26,96.0
0.03591111111111111,72.26,96.0
0.03591666666666667,72.26,96.0
0.03592222222222222,72.26,96.0
0.03592777777777778,72.26,96.0
0.03593333333333334,72.26,96.0
0.03593888888888889,72.26,96.0
0.035944444444444446,72.26,96.0
0.035949999999999996,72.26,96.0
0.03595555555555555,72.26,96.0
0.03596111111111111,72.26,96.0
0.03596666666666666,72.26,96.0
0.035972222222222225,72.26,96.0
0.03597777777777778,72.26,96.0
0.03598333333333333,72.26,96.0
0.03598888888888889,72.26,96.0
0.03599444444444445,72.26,96.0
0.036,72.26,96.0
0.036005555555555555,72.26,96.0
0.036011111111111105,72.26,96.0
0.03601666666666667,72.26,96.0
0.036022222222222226,72.26,96.0
0.03602777777777778,72.26,96.0
0.036033333333333334,72.26,96.0
0.03603888888888889,72.26,96.0
0.03604444444444444,72.26,96.0
0.03605,72.26,96.0
0.036055555555555556,72.26,96.0
0.036061111111111106,72.26,96.0
0.03606666666666667,72.26,96.0
0.03607222222222223,72.26,96.0
0.03607777777777778,72.26,96.0
0.036083333333333335,72.26,96.0
0.036088888888888886,72.26,96.0
0.03609444444444444,72.26,96.0
0.0361,72.26,96.0
0.03610555555555555,72.26,96.0
0.03611111111111111,72.26,96.0
0.03611666666666667,72.26,96.0
0.03612222222222222,72.26,96.0
0.03612777777777778,72.26,96.0
0.03613333333333334,72.26,96.0
0.03613888888888889,72.29,96.0
0.036144444444444444,72.29,96.0
0.036149999999999995,72.29,96.0
0.03615555555555555,72.29,96.0
0.036161111111111116,72.29,96.0
0.036166666666666666,72.29,96.0
0.036172222222222224,72.29,96.0
0.03617777777777778,72.29,96.0
0.03618333333333333,72.29,96.0
0.03618888888888889,72.29,96.0
0.036194444444444446,72.29,96.0
0.036199999999999996,72.29,96.0
0.03620555555555555,72.29,96.0
0.03621111111111112,72.29,96.0
0.03621666666666667,72.29,96.0
0.036222222222222225,72.29,96.0
0.036227777777777775,72.29,96.0
0.03623333333333333,72.29,96.0
0.03623888888888889,72.29,96.0
0.03624444444444444,72.29,96.0
0.03625,72.29,96.0
0.03625555555555556,72.29,96.0
0.03626111111111111,72.29,96.0
0.03626666666666667,72.29,96.0
0.036272222222222227,72.29,96.0
0.03627777777777778,72.29,96.0
0.036283333333333334,72.29,96.0
0.036288888888888884,72.29,96.0
0.03629444444444444,72.29,96.0
0.0363,72.29,96.0
0.03630555555555555,72.29,96.0
0.03631111111111111,72.29,96.0
0.03631666666666667,72.29,96.0
0.03632222222222222,72.29,96.0
0.03632777777777778,72.29,96.0
0.036333333333333336,72.29,96.0
0.036338888888888886,72.29,96.0
0.03634444444444444,72.29,96.0
0.03635,72.29,96.0
0.03635555555555556,72.29,96.0
0.036361111111111115,72.29,96.0
0.036366666666666665,72.29,96.0
0.03637222222222222,72.29,96.0
0.03637777777777778,72.29,96.0
0.03638333333333333,72.29,96.0
0.03638888888888889,72.29,96.0
0.036394444444444445,72.29,96.0
0.036399999999999995,72.29,96.0
0.03640555555555556,72.29,96.0
0.036411111111111116,72.29,96.0
0.03641666666666667,72.29,96.0
0.036422222222222224,72.29,96.0
0.036427777777777774,72.29,96.0
0.03643333333333333,72.29,96.0
0.03643888888888889,72.29,96.0
0.03644444444444444,72.29,96.0
0.036449999999999996,72.29,96.0
0.03645555555555556,72.29,96.0
0.03646111111111111,72.29,96.0
0.03646666666666667,72.29,96.0
0.036472222222222225,72.29,96.0
0.036477777777777776,72.29,96.0
0.03648333333333333,72.29,96.0
0.03648888888888889,72.29,96.0
0.03649444444444444,72.29,96.0
0.036500000000000005,72.29,96.0
0.036505555555555555,72.29,96.0
0.03651111111111111,72.29,96.0
0.03651666666666667,72.29,96.0
0.03652222222222222,72.29,96.0
0.03652777777777778,72.29,96.0
0.036533333333333334,72.29,96.0
0.036538888888888885,72.29,96.0
0.03654444444444444,72.29,96.0
0.036550000000000006,72.29,96.0
0.036555555555555556,72.29,96.0
0.036561111111111114,72.29,96.0
0.036566666666666664,72.29,96.0
0.03657222222222222,72.29,96.0
0.03657777777777778,72.29,96.0
0.03658333333333333,72.29,96.0
0.036588888888888886,72.29,96.0
0.03659444444444445,72.29,96.0
0.0366,72.29,96.0
0.03660555555555556,72.27,96.0
0.036611111111111115,72.27,96.0
0.036616666666666665,72.27,96.0
0.03662222222222222,72.27,96.0
0.03662777777777778,72.27,96.0
0.03663333333333333,72.27,96.0
0.03663888888888889,72.27,96.0
0.03664444444444444,72.27,96.0
0.03665,72.27,96.0
0.03665555555555556,72.27,96.0
0.03666111111111111,72.27,96.0
0.03666666666666667,72.27,96.0
0.036672222222222224,72.27,96.0
0.036677777777777774,72.27,96.0
0.03668333333333333,72.27,96.0
0.03668888888888889,72.27,96.0
0.036694444444444446,72.27,96.0
0.0367,72.27,96.0
0.036705555555555554,72.27,96.0
0.03671111111111111,72.27,96.0
0.03671666666666667,72.27,96.0
0.03672222222222222,72.27,96.0
0.036727777777777776,72.27,96.0
0.03673333333333333,72.27,96.0
0.03673888888888888,72.27,96.0
0.03674444444444445,72.27,96.0
0.036750000000000005,72.27,96.0
0.036755555555555555,72.27,96.0
0.03676111111111111,72.27,96.0
0.03676666666666667,72.27,96.0
0.03677222222222222,72.27,96.0
0.03677777777777778,72.27,96.0
0.03678333333333333,72.27,96.0
0.036788888888888885,72.27,96.0
0.03679444444444445,72.27,96.0
0.0368,72.27,96.0
0.03680555555555556,72.27,96.0
0.036811111111111114,72.27,96.0
0.036816666666666664,72.27,96.0
0.03682222222222222,72.27,96.0
0.03682777777777778,72.27,96.0
0.03683333333333333,72.27,96.0
0.03683888888888889,72.26,96.0
0.036844444444444444,72.26,96.0
0.03685,72.26,96.0
0.03685555555555556,72.26,96.0
0.03686111111111111,72.26,96.0
0.036866666666666666,72.26,96.0
0.03687222222222222,72.26,96.0
0.03687777777777777,72.26,96.0
0.03688333333333333,72.26,96.0
0.036888888888888895,72.26,96.0
0.036894444444444445,72.26,96.0
0.0369,72.26,96.0
0.03690555555555556,72.26,96.0
0.03691111111111111,72.26,96.0
0.03691666666666667,72.26,96.0
0.03692222222222222,72.26,96.0
0.036927777777777775,72.26,96.0
0.03693333333333334,72.26,96.0
0.03693888888888889,72.26,96.0
0.036944444444444446,72.26,96.0
0.036950000000000004,72.26,96.0
0.036955555555555554,72.26,96.0
0.03696111111111111,72.26,96.0
0.03696666666666667,72.26,96.0
0.03697222222222222,72.26,96.0
0.036977777777777776,72.26,96.0
0.036983333333333326,72.26,96.0
0.03698888888888889,72.26,96.0
0.03699444444444445,72.26,96.0
0.037,72.26,96.0
0.037005555555555555,72.26,96.0
0.03701111111111111,72.26,96.0
0.03701666666666666,72.26,96.0
0.03702222222222222,72.26,96.0
0.03702777777777778,72.26,96.0
0.037033333333333335,72.26,96.0
0.03703888888888889,72.26,96.0
0.03704444444444445,72.26,96.0
0.03705,72.26,96.0
0.03705555555555556,72.26,96.0
0.03706111111111111,72.26,96.0
0.037066666666666664,72.26,96.0
0.03707222222222222,72.27,96.0
0.03707777777777777,72.27,96.0
0.037083333333333336,72.27,96.0
0.03708888888888889,72.27,96.0
0.037094444444444444,72.27,96.0
0.0371,72.27,96.0
0.03710555555555556,72.27,96.0
0.03711111111111111,72.27,96.0
0.037116666666666666,72.27,96.0
0.037122222222222216,72.27,96.0
0.03712777777777777,72.27,96.0
0.03713333333333334,72.27,96.0
0.03713888888888889,72.27,96.0
0.037144444444444445,72.27,96.0
0.03715,72.27,96.0
0.03715555555555555,72.27,96.0
0.03716111111111111,72.27,96.0
0.03716666666666667,72.27,96.0
0.03717222222222222,72.27,96.0
0.03717777777777778,72.27,96.0
0.03718333333333334,72.27,96.0
0.03718888888888889,72.27,96.0
0.03719444444444445,72.27,96.0
0.0372,72.27,96.0
0.037205555555555554,72.27,96.0
0.03721111111111111,72.27,96.0
0.03721666666666666,72.27,96.0
0.03722222222222222,72.27,96.0
0.03722777777777778,72.27,96.0
0.037233333333333334,72.27,96.0
0.03723888888888889,72.27,96.0
0.03724444444444445,72.27,96.0
0.03725,72.27,96.0
0.037255555555555556,72.27,96.0
0.037261111111111106,72.27,96.0
0.03726666666666666,72.27,96.0
0.03727222222222223,72.27,96.0
0.03727777777777778,72.27,96.0
0.037283333333333335,72.27,96.0
0.03728888888888889,72.27,96.0
0.03729444444444444,72.27,96.0
0.0373,72.27,96.0
0.03730555555555556,72.3,96.0
0.03731111111111111,72.3,96.0
0.037316666666666665,72.3,96.0
0.03732222222222223,72.3,96.0
0.03732777777777778,72.3,96.0
0.037333333333333336,72.3,96.0
0.03733888888888889,72.3,96.0
0.037344444444444444,72.3,96.0
0.03735,72.3,96.0
0.03735555555555555,72.3,96.0
0.03736111111111111,72.3,96.0
0.037366666666666666,72.3,96.0
0.03737222222222222,72.3,96.0
0.03737777777777778,72.3,96.0
0.03738333333333334,72.3,96.0
0.03738888888888889,72.3,96.0
0.037394444444444445,72.3,96.0
0.037399999999999996,72.3,96.0
0.03740555555555555,72.3,96.0
0.03741111111111111,72.3,96.0
0.03741666666666666,72.3,96.0
0.037422222222222225,72.3,96.0
0.03742777777777778,72.3,96.0
0.03743333333333333,72.3,96.0
0.03743888888888889,72.3,96.0
0.03744444444444445,72.3,96.0
0.03745,72.3,96.0
0.037455555555555554,72.3,96.0
0.03746111111111111,72.3,96.0
0.03746666666666666,72.3,96.0
0.037472222222222226,72.3,96.0
0.037477777777777777,72.3,96.0
0.037483333333333334,72.3,96.0
0.03748888888888889,72.3,96.0
0.03749444444444444,72.3,96.0
0.0375,72.3,96.0
0.037505555555555556,72.3,96.0
0.037511111111111106,72.3,96.0
0.03751666666666667,72.3,96.0
0.03752222222222223,72.3,96.0
0.03752777777777778,72.3,96.0
0.037533333333333335,72.3,96.0
0.037538888888888886,72.28,96.0
0.03754444444444444,72.28,96.0
0.03755,72.28,96.0
0.03755555555555555,72.28,96.0
0.03756111111111111,72.28,96.0
0.03756666666666667,72.28,96.0
0.03757222222222222,72.28,96.0
0.03757777777777778,72.28,96.0
0.03758333333333334,72.28,96.0
0.03758888888888889,72.28,96.0
0.037594444444444444,72.28,96.0
0.0376,72.28,96.0
0.03760555555555555,72.28,96.0
0.037611111111111116,72.28,96.0
0.037616666666666666,72.28,96.0
0.037622222222222224,72.28,96.0
0.03762777777777778,72.28,96.0
0.03763333333333333,72.28,96.0
0.03763888888888889,72.28,96.0
0.037644444444444446,72.28,96.0
0.037649999999999996,72.28,96.0
0.03765555555555555,72.28,96.0
0.03766111111111112,72.28,96.0
0.03766666666666667,72.28,96.0
0.037672222222222225,72.28,96.0
0.037677777777777775,72.28,96.0
0.03768333333333333,72.28,96.0
0.03768888888888889,72.28,96.0
0.03769444444444444,72.28,96.0
0.0377,72.28,96.0
0.037705555555555555,72.28,96.0
0.03771111111111111,72.28,96.0
0.03771666666666667,72.28,96.0
0.037722222222222226,72.28,96.0
0.03772777777777778,72.28,96.0
0.037733333333333334,72.28,96.0
0.03773888888888889,72.28,96.0
0.03774444444444444,72.28,96.0
0.03775,72.28,96.0
0.03775555555555555,72.28,96.0
0.03776111111111111,72.28,96.0
0.03776666666666667,72.28,96.0
0.03777222222222222,72.26,96.0
0.03777777777777778,72.26,96.0
0.037783333333333335,72.26,96.0
0.037788888888888886,72.26,96.0
0.03779444444444444,72.26,96.0
0.0378,72.26,96.0
0.03780555555555555,72.26,96.0
0.037811111111111115,72.26,96.0
0.037816666666666665,72.26,96.0
0.03782222222222222,72.26,96.0
0.03782777777777778,72.26,96.0
0.03783333333333333,72.26,96.0
0.03783888888888889,72.26,96.0
0.037844444444444444,72.26,96.0
0.037849999999999995,72.26,96.0
0.03785555555555556,72.26,96.0
0.037861111111111116,72.26,96.0
0.037866666666666667,72.26,96.0
0.037872222222222224,72.26,96.0
0.03787777777777778,72.26,96.0
0.03788333333333333,72.26,96.0
0.03788888888888889,72.26,96.0
0.03789444444444444,72.26,96.0
0.037899999999999996,72.26,96.0
0.03790555555555556,72.26,96.0
0.03791111111111111,72.26,96.0
0.03791666666666667,72.26,96.0
0.037922222222222225,72.26,96.0
0.037927777777777776,72.26,96.0
0.03793333333333333,72.26,96.0
0.03793888888888889,72.26,96.0
0.03794444444444444,72.26,96.0
0.037950000000000005,72.26,96.0
0.037955555555555555,72.26,96.0
0.03796111111111111,72.26,96.0
0.03796666666666667,72.26,96.0
0.03797222222222222,72.26,96.0
0.03797777777777778,72.26,96.0
0.037983333333333334,72.26,96.0
0.037988888888888885,72.26,96.0
0.03799444444444444,72.26,96.0
0.038000000000000006,72.26,96.0
0.038005555555555556,72.26,96.0
0.038011111111111114,72.26,96.0
0.03801666666666667,72.26,96.0
0.03802222222222222,72.26,96.0
0.03802777777777778,72.26,96.0
0.03803333333333333,72.26,96.0
0.038038888888888886,72.26,96.0
0.03804444444444444,72.26,96.0
0.03805,72.26,96.0
0.03805555555555556,72.26,96.0
0.038061111111111115,72.26,96.0
0.038066666666666665,72.26,96.0
0.03807222222222222,72.26,96.0
0.03807777777777778,72.26,96.0
0.03808333333333333,72.26,96.0
0.03808888888888889,72.26,96.0
0.03809444444444444,72.26,96.0
0.0381,72.26,96.0
0.03810555555555556,72.26,96.0
0.03811111111111111,72.26,96.0
0.03811666666666667,72.26,96.0
0.038122222222222224,72.26,96.0
0.038127777777777774,72.26,96.0
0.03813333333333333,72.26,96.0
0.03813888888888889,72.26,96.0
0.03814444444444444,72.26,96.0
0.03815,72.26,96.0
0.03815555555555556,72.26,96.0
0.03816111111111111,72.26,96.0
0.03816666666666667,72.26,96.0
0.03817222222222222,72.26,96.0
0.038177777777777776,72.26,96.0
0.03818333333333333,72.26,96.0
0.03818888888888888,72.26,96.0
0.03819444444444445,72.26,96.0
0.038200000000000005,72.26,96.0
0.038205555555555555,72.26,96.0
0.03821111111111111,72.26,96.0
0.03821666666666667,72.26,96.0
0.03822222222222222,72.26,96.0
0.03822777777777778,72.26,96.0
0.03823333333333333,72.26,96.0
0.038238888888888885,72.29,96.0
0.03824444444444445,72.29,96.0
0.03825,72.29,96.0
0.03825555555555556,72.29,96.0
0.038261111111111114,72.29,96.0
0.038266666666666664,72.29,96.0
0.03827222222222222,72.29,96.0
0.03827777777777778,72.29,96.0
0.03828333333333333,72.29,96.0
0.03828888888888889,72.29,96.0
0.03829444444444445,72.29,96.0
0.0383,72.29,96.0
0.03830555555555556,72.29,96.0
0.03831111111111111,72.29,96.0
0.038316666666666666,72.29,96.0
0.03832222222222222,72.29,96.0
0.03832777777777777,72.29,96.0
0.03833333333333333,72.29,96.0
0.038338888888888895,72.29,96.0
0.038344444444444445,72.29,96.0
0.03835,72.29,96.0
0.03835555555555556,72.29,96.0
0.03836111111111111,72.29,96.0
0.03836666666666667,72.29,96.0
0.03837222222222222,72.29,96.0
0.038377777777777775,72.29,96.0
0.03838333333333333,72.29,96.0
0.03838888888888889,72.29,96.0
0.038394444444444446,72.29,96.0
0.038400000000000004,72.29,96.0
0.038405555555555554,72.29,96.0
0.03841111111111111,72.29,96.0
0.03841666666666667,72.29,96.0
0.03842222222222222,72.29,96.0
0.038427777777777776,72.29,96.0
0.03843333333333334,72.29,96.0
0.03843888888888889,72.29,96.0
0.03844444444444445,72.29,96.0
0.03845,72.29,96.0
0.038455555555555555,72.29,96.0
0.03846111111111111,72.29,96.0
0.03846666666666666,72.29,96.0
0.03847222222222222,72.29,96.0
0.03847777777777778,72.29,96.0
0.03848333333333333,72.29,96.0
0.03848888888888889,72.29,96.0
0.03849444444444445,72.29,96.0
0.0385,72.29,96.0
0.03850555555555556,72.29,96.0
0.03851111111111111,72.29,96.0
0.038516666666666664,72.29,96.0
0.03852222222222222,72.29,96.0
0.03852777777777777,72.29,96.0
0.038533333333333336,72.29,96.0
0.03853888888888889,72.29,96.0
0.038544444444444444,72.29,96.0
0.03855,72.29,96.0
0.03855555555555556,72.29,96.0
0.03856111111111111,72.29,96.0
0.038566666666666666,72.29,96.0
0.03857222222222222,72.29,96.0
0.03857777777777777,72.29,96.0
0.03858333333333334,72.29,96.0
0.03858888888888889,72.29,96.0
0.038594444444444445,72.29,96.0
0.0386,72.29,96.0
0.03860555555555555,72.29,96.0
0.03861111111111111,72.29,96.0
0.03861666666666667,72.29,96.0
0.03862222222222222,72.29,96.0
0.03862777777777778,72.29,96.0
0.03863333333333334,72.29,96.0
0.03863888888888889,72.29,96.0
0.03864444444444445,72.29,96.0
0.03865,72.29,96.0
0.038655555555555554,72.29,96.0
0.03866111111111111,72.29,96.0
0.03866666666666666,72.29,96.0
0.03867222222222222,72.29,96.0
0.03867777777777778,72.29,96.0
0.03868333333333333,72.29,96.0
0.03868888888888889,72.29,96.0
0.03869444444444445,72.29,96.0
0.0387,72.29,96.0
0.038705555555555556,72.26,96.0
0.03871111111111111,72.26,96.0
0.03871666666666666,72.26,96.0
0.03872222222222222,72.26,96.0
0.03872777777777778,72.26,96.0
0.038733333333333335,72.26,96.0
0.03873888888888889,72.26,96.0
0.03874444444444444,72.26,96.0
0.03875,72.26,96.0
0.03875555555555556,72.26,96.0
0.03876111111111111,72.26,96.0
0.038766666666666665,72.26,96.0
0.03877222222222223,72.26,96.0
0.03877777777777778,72.26,96.0
0.038783333333333336,72.26,96.0
0.03878888888888889,72.26,96.0
0.038794444444444444,72.26,96.0
0.0388,72.26,96.0
0.03880555555555555,72.26,96.0
0.03881111111111111,72.26,96.0
0.038816666666666666,72.26,96.0
0.038822222222222216,72.26,96.0
0.03882777777777778,72.26,96.0
0.03883333333333334,72.26,96.0
0.03883888888888889,72.26,96.0
0.038844444444444445,72.26,96.0
0.03885,72.26,96.0
0.03885555555555555,72.26,96.0
0.03886111111111111,72.26,96.0
0.03886666666666666,72.26,96.0
0.038872222222222225,72.26,96.0
0.03887777777777778,72.26,96.0
0.03888333333333333,72.26,96.0
0.03888888888888889,72.26,96.0
0.03889444444444445,72.26,96.0
0.0389,72.26,96.0
0.038905555555555554,72.26,96.0
0.03891111111111111,72.26,96.0
0.03891666666666666,72.26,96.0
0.038922222222222226,72.26,96.0
0.038927777777777776,72.26,96.0
0.038933333333333334,72.26,96.0
0.03893888888888889,72.25,96.0
0.03894444444444444,72.25,96.0
0.03895,72.25,96.0
0.038955555555555556,72.25,96.0
0.038961111111111106,72.25,96.0
0.03896666666666667,72.25,96.0
0.03897222222222223,72.25,96.0
0.03897777777777778,72.25,96.0
0.038983333333333335,72.25,96.0
0.03898888888888889,72.25,96.0
0.03899444444444444,72.25,96.0
0.039,72.25,96.0
0.03900555555555555,72.25,96.0
0.03901111111111111,72.25,96.0
0.03901666666666667,72.25,96.0
0.03902222222222222,72.25,96.0
0.03902777777777778,72.25,96.0
0.03903333333333334,72.25,96.0
0.03903888888888889,72.25,96.0
0.039044444444444444,72.25,96.0
0.03905,72.25,96.0
0.03905555555555555,72.25,96.0
0.03906111111111111,72.25,96.0
0.039066666666666666,72.25,96.0
0.03907222222222222,72.25,96.0
0.03907777777777778,72.25,96.0
0.03908333333333333,72.25,96.0
0.03908888888888889,72.25,96.0
0.039094444444444446,72.25,96.0
0.039099999999999996,72.25,96.0
0.03910555555555555,72.25,96.0
0.03911111111111112,72.25,96.0
0.03911666666666667,72.25,96.0
0.039122222222222225,72.25,96.0
0.03912777777777778,72.25,96.0
0.03913333333333333,72.25,96.0
0.03913888888888889,72.25,96.0
0.03914444444444444,72.25,96.0
0.03915,72.25,96.0
0.039155555555555555,72.25,96.0
0.039161111111111105,72.25,96.0
0.03916666666666667,72.25,96.0
0.039172222222222226,72.27,96.0
0.03917777777777778,72.27,96.0
0.039183333333333334,72.27,96.0
0.03918888888888889,72.27,96.0
0.03919444444444444,72.27,96.0
0.0392,72.27,96.0
0.03920555555555555,72.27,96.0
0.03921111111111111,72.27,96.0
0.03921666666666667,72.27,96.0
0.03922222222222222,72.27,96.0
0.03922777777777778,72.27,96.0
0.039233333333333335,72.27,96.0
0.039238888888888886,72.27,96.0
0.03924444444444444,72.27,96.0
0.03925,72.27,96.0
0.03925555555555555,72.27,96.0
0.039261111111111115,72.27,96.0
0.03926666666666667,72.27,96.0
0.03927222222222222,72.27,96.0
0.03927777777777778,72.27,96.0
0.03928333333333333,72.27,96.0
0.03928888888888889,72.27,96.0
0.039294444444444444,72.27,96.0
0.039299999999999995,72.27,96.0
0.03930555555555556,72.27,96.0
0.039311111111111116,72.27,96.0
0.039316666666666666,72.27,96.0
0.039322222222222224,72.27,96.0
0.03932777777777778,72.27,96.0
0.03933333333333333,72.27,96.0
0.03933888888888889,72.27,96.0
0.03934444444444444,72.27,96.0
0.039349999999999996,72.27,96.0
0.03935555555555556,72.27,96.0
0.03936111111111111,72.27,96.0
0.03936666666666667,72.27,96.0
0.039372222222222225,72.27,96.0
0.039377777777777775,72.27,96.0
0.03938333333333333,72.27,96.0
0.03938888888888889,72.27,96.0
0.03939444444444444,72.27,96.0
0.0394,72.27,96.0
0.03940555555555556,72.29,96.0
0.03941111111111111,72.29,96.0
0.03941666666666667,72.29,96.0
0.03942222222222222,72.29,96.0
0.03942777777777778,72.29,96.0
0.039433333333333334,72.29,96.0
0.039438888888888884,72.29,96.0
0.03944444444444444,72.29,96.0
0.039450000000000006,72.29,96.0
0.039455555555555556,72.29,96.0
0.039461111111111113,72.29,96.0
0.03946666666666667,72.29,96.0
0.03947222222222222,72.29,96.0
0.03947777777777778,72.29,96.0
0.03948333333333333,72.29,96.0
0.039488888888888886,72.29,96.0
0.03949444444444444,72.29,96.0
0.03949999999999999,72.29,96.0
0.03950555555555556,72.29,96.0
0.039511111111111115,72.29,96.0
0.039516666666666665,72.29,96.0
0.03952222222222222,72.29,96.0
0.03952777777777778,72.29,96.0
0.03953333333333333,72.29,96.0
0.03953888888888889,72.29,96.0
0.03954444444444445,72.29,96.0
0.03955,72.29,96.0
0.03955555555555556,72.29,96.0
0.03956111111111111,72.29,96.0
0.03956666666666667,72.29,96.0
0.039572222222222224,72.29,96.0
0.039577777777777774,72.29,96.0
0.03958333333333333,72.29,96.0
0.03958888888888889,72.29,96.0
0.03959444444444444,72.29,96.0
0.0396,72.29,96.0
0.03960555555555556,72.29,96.0
0.03961111111111111,72.29,96.0
0.03961666666666667,72.29,96.0
0.03962222222222222,72.29,96.0
0.039627777777777776,72.29,96.0
0.03963333333333333,72.29,96.0
0.03963888888888888,72.27,96.0
0.03964444444444445,72.27,96.0
0.039650000000000005,72.27,96.0
0.039655555555555555,72.27,96.0
0.03966111111111111,72.27,96.0
0.03966666666666667,72.27,96.0
0.03967222222222222,72.27,96.0
0.03967777777777778,72.27,96.0
0.039683333333333334,72.27,96.0
0.039688888888888885,72.27,96.0
0.03969444444444445,72.27,96.0
0.0397,72.27,96.0
0.039705555555555556,72.27,96.0
0.039711111111111114,72.27,96.0
0.039716666666666664,72.27,96.0
0.03972222222222222,72.27,96.0
0.03972777777777778,72.27,96.0
0.03973333333333333,72.27,96.0
0.039738888888888886,72.27,96.0
0.03974444444444445,72.27,96.0
0.03975,72.27,96.0
0.03975555555555556,72.27,96.0
0.03976111111111111,72.27,96.0
0.039766666666666665,72.27,96.0
0.03977222222222222,72.27,96.0
0.03977777777777777,72.27,96.0
0.03978333333333333,72.27,96.0
0.039788888888888894,72.27,96.0
0.039794444444444445,72.27,96.0
0.0398,72.27,96.0
0.03980555555555556,72.27,96.0
0.03981111111111111,72.27,96.0
0.03981666666666667,72.27,96.0
0.039822222222222224,72.27,96.0
0.039827777777777774,72.27,96.0
0.03983333333333333,72.27,96.0
0.03983888888888888,72.27,96.0
0.039844444444444446,72.27,96.0
0.039850000000000003,72.27,96.0
0.039855555555555554,72.27,96.0
0.03986111111111111,72.27,96.0
0.03986666666666667,72.27,96.0
0.03987222222222222,72.25,96.0
0.039877777777777776,72.25,96.0
0.03988333333333334,72.25,96.0
0.03988888888888889,72.25,96.0
0.03989444444444445,72.25,96.0
0.0399,72.25,96.0
0.039905555555555555,72.25,96.0
0.03991111111111111,72.25,96.0
0.03991666666666666,72.25,96.0
0.03992222222222222,72.25,96.0
0.03992777777777778,72.25,96.0
0.03993333333333333,72.25,96.0
0.03993888888888889,72.25,96.0
0.03994444444444445,72.25,96.0
0.03995,72.25,96.0
0.03995555555555556,72.25,96.0
0.039961111111111114,72.25,96.0
0.039966666666666664,72.25,96.0
0.03997222222222222,72.25,96.0
0.03997777777777777,72.25,96.0
0.039983333333333336,72.25,96.0
0.03998888888888889,72.25,96.0
0.039994444444444444,72.25,96.0
0.04,72.25,96.0
0.04000555555555556,72.25,96.0
0.04001111111111111,72.25,96.0
0.040016666666666666,72.25,96.0
0.04002222222222222,72.25,96.0
0.04002777777777777,72.25,96.0
0.04003333333333334,72.25,96.0
0.04003888888888889,72.25,96.0
0.040044444444444445,72.25,96.0
0.04005,72.25,96.0
0.04005555555555555,72.25,96.0
0.04006111111111111,72.25,96.0
0.04006666666666667,72.25,96.0
0.04007222222222222,72.25,96.0
0.040077777777777775,72.25,96.0
0.04008333333333334,72.25,96.0
0.04008888888888889,72.25,96.0
0.040094444444444446,72.25,96.0
0.040100000000000004,72.25,96.0
0.040105555555555554,72.26,96.0
0.04011111111111111,72.26,96.0
0.04011666666666666,72.26,96.0
0.04012222222222222,72.26,96.0
0.04012777777777778,72.26,96.0
0.04013333333333333,72.26,96.0
0.04013888888888889,72.26,96.0
0.04014444444444445,72.26,96.0
0.04015,72.26,96.0
0.040155555555555555,72.26,96.0
0.04016111111111111,72.26,96.0
0.04016666666666666,72.26,96.0
0.04017222222222222,72.26,96.0
0.04017777777777777,72.26,96.0
0.040183333333333335,72.26,96.0
0.04018888888888889,72.26,96.0
0.04019444444444444,72.26,96.0
0.0402,72.26,96.0
0.04020555555555556,72.26,96.0
0.04021111111111111,72.26,96.0
0.040216666666666664,72.26,96.0
0.04022222222222223,72.26,96.0
0.04022777777777778,72.26,96.0
0.040233333333333336,72.26,96.0
0.040238888888888893,72.26,96.0
0.040244444444444444,72.26,96.0
0.04025,72.26,96.0
0.04025555555555555,72.26,96.0
0.04026111111111111,72.26,96.0
0.040266666666666666,72.26,96.0
0.040272222222222216,72.26,96.0
0.04027777777777778,72.26,96.0
0.04028333333333334,72.26,96.0
0.04028888888888889,72.26,96.0
0.040294444444444445,72.26,96.0
0.0403,72.26,96.0
0.04030555555555555,72.26,96.0
0.04031111111111111,72.26,96.0
0.04031666666666666,72.26,96.0
0.040322222222222225,72.26,96.0
0.04032777777777778,72.26,96.0
0.04033333333333333,72.26,96.0
0.04033888888888889,72.29,96.0
0.04034444444444445,72.29,96.0
0.04035,72.29,96.0
0.040355555555555554,72.29,96.0
0.04036111111111111,72.29,96.0
0.04036666666666666,72.29,96.0
0.040372222222222226,72.29,96.0
0.04037777777777778,72.29,96.0
0.040383333333333334,72.29,96.0
0.04038888888888889,72.29,96.0
0.04039444444444444,72.29,96.0
0.0404,72.29,96.0
0.040405555555555556,72.29,96.0
0.040411111111111106,72.29,96.0
0.04041666666666666,72.29,96.0
0.04042222222222223,72.29,96.0
0.04042777777777778,72.29,96.0
0.040433333333333335,72.29,96.0
0.04043888888888889,72.29,96.0
0.04044444444444444,72.29,96.0
0.04045,72.29,96.0
0.04045555555555555,72.29,96.0
0.04046111111111111,72.29,96.0
0.04046666666666667,72.29,96.0
0.04047222222222222,72.29,96.0
0.04047777777777778,72.29,96.0
0.040483333333333336,72.29,96.0
0.04048888888888889,72.29,96.0
0.040494444444444444,72.29,96.0
0.0405,72.29,96.0
0.04050555555555555,72.29,96.0
0.04051111111111111,72.29,96.0
0.04051666666666667,72.29,96.0
0.04052222222222222,72.29,96.0
0.04052777777777778,72.29,96.0
0.04053333333333333,72.29,96.0
0.04053888888888889,72.29,96.0
0.040544444444444445,72.29,96.0
0.040549999999999996,72.29,96.0
0.04055555555555555,72.29,96.0
0.04056111111111112,72.29,96.0
0.04056666666666667,72.29,96.0
0.040572222222222225,72.29,96.0
0.04057777777777778,72.29,96.0
0.04058333333333333,72.29,96.0
0.04058888888888889,72.29,96.0
0.04059444444444444,72.29,96.0
0.0406,72.29,96.0
0.040605555555555554,72.29,96.0
0.040611111111111105,72.29,96.0
0.04061666666666667,72.29,96.0
0.040622222222222226,72.29,96.0
0.04062777777777778,72.29,96.0
0.040633333333333334,72.29,96.0
0.04063888888888889,72.29,96.0
0.04064444444444444,72.29,96.0
0.04065,72.29,96.0
0.040655555555555556,72.29,96.0
0.04066111111111111,72.29,96.0
0.04066666666666667,72.29,96.0
0.04067222222222222,72.29,96.0
0.04067777777777778,72.29,96.0
0.040683333333333335,72.29,96.0
0.040688888888888886,72.29,96.0
0.04069444444444444,72.29,96.0
0.0407,72.29,96.0
0.04070555555555555,72.29,96.0
0.040711111111111115,72.29,96.0
0.04071666666666667,72.29,96.0
0.04072222222222222,72.29,96.0
0.04072777777777778,72.29,96.0
0.04073333333333333,72.29,96.0
0.04073888888888889,72.29,96.0
0.040744444444444444,72.29,96.0
0.040749999999999995,72.29,96.0
0.04075555555555555,72.29,96.0
0.040761111111111116,72.29,96.0
0.040766666666666666,72.29,96.0
0.040772222222222224,72.29,96.0
0.04077777777777778,72.29,96.0
0.04078333333333333,72.29,96.0
0.04078888888888889,72.29,96.0
0.040794444444444446,72.29,96.0
0.040799999999999996,72.29,96.0
0.04080555555555556,72.26,96.0
0.04081111111111111,72.26,96.0
0.04081666666666667,72.26,96.0
0.040822222222222225,72.26,96.0
0.040827777777777775,72.26,96.0
0.04083333333333333,72.26,96.0
0.04083888888888889,72.26,96.0
0.04084444444444444,72.26,96.0
0.04085,72.26,96.0
0.04085555555555556,72.26,96.0
0.04086111111111111,72.26,96.0
0.04086666666666667,72.26,96.0
0.04087222222222222,72.26,96.0
0.04087777777777778,72.26,96.0
0.040883333333333334,72.26,96.0
0.040888888888888884,72.26,96.0
0.04089444444444444,72.26,96.0
0.040900000000000006,72.26,96.0
0.040905555555555556,72.26,96.0
0.04091111111111111,72.26,96.0
0.04091666666666667,72.26,96.0
0.04092222222222222,72.26,96.0
0.04092777777777778,72.26,96.0
0.040933333333333335,72.26,96.0
0.040938888888888886,72.26,96.0
0.04094444444444444,72.26,96.0
0.04094999999999999,72.26,96.0
0.04095555555555556,72.26,96.0
0.040961111111111115,72.26,96.0
0.040966666666666665,72.26,96.0
0.04097222222222222,72.26,96.0
0.04097777777777778,72.26,96.0
0.04098333333333333,72.26,96.0
0.04098888888888889,72.26,96.0
0.040994444444444444,72.26,96.0
0.041,72.26,96.0
0.04100555555555556,72.26,96.0
0.04101111111111111,72.26,96.0
0.04101666666666667,72.26,96.0
0.041022222222222224,72.26,96.0
0.041027777777777774,72.26,96.0
0.04103333333333333,72.26,96.0
0.04103888888888889,72.25,96.0
0.04104444444444444,72.25,96.0
0.04105,72.25,96.0
0.04105555555555556,72.25,96.0
0.04106111111111111,72.25,96.0
0.04106666666666667,72.25,96.0
0.041072222222222225,72.25,96.0
0.041077777777777776,72.25,96.0
0.04108333333333333,72.25,96.0
0.04108888888888888,72.25,96.0
0.04109444444444444,72.25,96.0
0.041100000000000005,72.25,96.0
0.041105555555555555,72.25,96.0
0.04111111111111111,72.25,96.0
0.04111666666666667,72.25,96.0
0.04112222222222222,72.25,96.0
0.04112777777777778,72.25,96.0
0.041133333333333334,72.25,96.0
0.041138888888888885,72.25,96.0
0.04114444444444445,72.25,96.0
0.04115,72.25,96.0
0.041155555555555556,72.25,96.0
0.041161111111111114,72.25,96.0
0.041166666666666664,72.25,96.0
0.04117222222222222,72.25,96.0
0.04117777777777778,72.25,96.0
0.04118333333333333,72.25,96.0
0.041188888888888886,72.25,96.0
0.04119444444444445,72.25,96.0
0.0412,72.25,96.0
0.04120555555555556,72.25,96.0
0.041211111111111115,72.25,96.0
0.041216666666666665,72.25,96.0
0.04122222222222222,72.25,96.0
0.04122777777777777,72.25,96.0
0.04123333333333333,72.25,96.0
0.041238888888888894,72.25,96.0
0.041244444444444445,72.25,96.0
0.04125,72.25,96.0
0.04125555555555556,72.25,96.0
0.04126111111111111,72.25,96.0
0.04126666666666667,72.25,96.0
0.041272222222222224,72.27,96.0
0.041277777777777774,72.27,96.0
0.04128333333333333,72.27,96.0
0.04128888888888888,72.27,96.0
0.041294444444444446,72.27,96.0
0.0413,72.27,96.0
0.041305555555555554,72.27,96.0
0.04131111111111111,72.27,96.0
0.04131666666666667,72.27,96.0
0.04132222222222222,72.27,96.0
0.041327777777777776,72.27,96.0
0.04133333333333333,72.27,96.0
0.04133888888888889,72.27,96.0
0.04134444444444445,72.27,96.0
0.041350000000000005,72.27,96.0
0.041355555555555555,72.27,96.0
0.04136111111111111,72.27,96.0
0.04136666666666666,72.27,96.0
0.04137222222222222,72.27,96.0
0.04137777777777778,72.27,96.0
0.04138333333333333,72.27,96.0
0.04138888888888889,72.27,96.0
0.04139444444444445,72.27,96.0
0.0414,72.27,96.0
0.04140555555555556,72.27,96.0
0.041411111111111114,72.27,96.0
0.041416666666666664,72.27,96.0
0.04142222222222222,72.27,96.0
0.04142777777777777,72.27,96.0
0.04143333333333333,72.27,96.0
0.04143888888888889,72.27,96.0
0.041444444444444443,72.27,96.0
0.04145,72.27,96.0
0.04145555555555556,72.27,96.0
0.04146111111111111,72.27,96.0
0.041466666666666666,72.27,96.0
0.04147222222222222,72.27,96.0
0.04147777777777777,72.27,96.0
0.04148333333333334,72.27,96.0
0.041488888888888895,72.27,96.0
0.041494444444444445,72.27,96.0
0.0415,72.27,96.0
0.04150555555555555,72.29,96.0
0.04151111111111111,72.29,96.0
0.04151666666666667,72.29,96.0
0.04152222222222222,72.29,96.0
0.041527777777777775,72.29,96.0
0.04153333333333334,72.29,96.0
0.04153888888888889,72.29,96.0
0.041544444444444446,72.29,96.0
0.041550000000000004,72.29,96.0
0.041555555555555554,72.29,96.0
0.04156111111111111,72.29,96.0
0.04156666666666666,72.29,96.0
0.04157222222222222,72.29,96.0
0.04157777777777778,72.29,96.0
0.04158333333333333,72.29,96.0
0.04158888888888889,72.29,96.0
0.04159444444444445,72.29,96.0
0.0416,72.29,96.0
0.041605555555555555,72.29,96.0
0.04161111111111111,72.29,96.0
0.04161666666666666,72.29,96.0
0.04162222222222222,72.29,96.0
0.041627777777777784,72.29,96.0
0.041633333333333335,72.29,96.0
0.04163888888888889,72.29,96.0
0.04164444444444444,72.29,96.0
0.04165,72.29,96.0
0.04165555555555556,72.29,96.0
0.04166111111111111,72.29,96.0
0.041666666666666664,72.29,96.0
0.04167222222222222,72.29,96.0
0.04167777777777778,72.29,96.0
0.041683333333333336,72.29,96.0
0.04168888888888889,72.29,96.0
0.041694444444444444,72.29,96.0
0.0417,72.29,96.0
0.04170555555555555,72.29,96.0
0.04171111111111111,72.29,96.0
0.041716666666666666,72.29,96.0
0.041722222222222216,72.29,96.0
0.04172777777777778,72.29,96.0
0.04173333333333334,72.29,96.0
0.04173888888888889,72.27,96.0
0.041744444444444445,72.27,96.0
0.04175,72.27,96.0
0.04175555555555555,72.27,96.0
0.04176111111111111,72.27,96.0
0.04176666666666667,72.27,96.0
0.04177222222222222,72.27,96.0
0.04177777777777778,72.27,96.0
0.04178333333333333,72.27,96.0
0.04178888888888889,72.27,96.0
0.04179444444444445,72.27,96.0
0.0418,72.27,96.0
0.041805555555555554,72.27,96.0
0.04181111111111111,72.27,96.0
0.04181666666666666,72.27,96.0
0.041822222222222226,72.27,96.0
0.04182777777777778,72.27,96.0
0.041833333333333333,72.27,96.0
0.04183888888888889,72.27,96.0
0.04184444444444444,72.27,96.0
0.04185,72.27,96.0
0.041855555555555556,72.27,96.0
0.041861111111111106,72.27,96.0
0.04186666666666666,72.27,96.0
0.04187222222222223,72.27,96.0
0.04187777777777778,72.27,96.0
0.041883333333333335,72.27,96.0
0.04188888888888889,72.27,96.0
0.04189444444444444,72.27,96.0
0.0419,72.27,96.0
0.04190555555555556,72.27,96.0
0.04191111111111111,72.27,96.0
0.04191666666666667,72.27,96.0
0.04192222222222222,72.27,96.0
0.04192777777777778,72.27,96.0
0.041933333333333336,72.27,96.0
0.04193888888888889,72.27,96.0
0.041944444444444444,72.27,96.0
0.04195,72.27,96.0
0.04195555555555555,72.27,96.0
0.04196111111111111,72.27,96.0
0.04196666666666667,72.27,96.0
0.04197222222222222,72.26,95.9
0.04197777777777778,72.26,95.9
0.04198333333333333,72.26,95.9
0.04198888888888889,72.26,95.9
0.041994444444444445,72.26,95.9
0.041999999999999996,72.26,95.9
0.04200555555555555,72.26,95.9
0.04201111111111111,72.26,95.9
0.04201666666666667,72.26,95.9
0.042022222222222225,72.26,95.9
0.04202777777777778,72.26,95.9
0.04203333333333333,72.26,95.9
0.04203888888888889,72.26,95.9
0.04204444444444445,72.26,95.9
0.04205,72.26,95.9
0.042055555555555554,72.26,95.9
0.042061111111111105,72.26,95.9
0.04206666666666667,72.26,95.9
0.042072222222222226,72.26,95.9
0.042077777777777776,72.26,95.9
0.042083333333333334,72.26,95.9
0.04208888888888889,72.26,95.9
0.04209444444444444,72.26,95.9
0.0421,72.26,95.9
0.042105555555555556,72.26,95.9
0.042111111111111106,72.26,95.9
0.04211666666666667,72.26,95.9
0.04212222222222222,72.26,95.9
0.04212777777777778,72.26,95.9
0.042133333333333335,72.26,95.9
0.042138888888888885,72.26,95.9
0.04214444444444444,72.26,95.9
0.04215,72.26,95.9
0.04215555555555555,72.26,95.9
0.042161111111111114,72.26,95.9
0.04216666666666667,72.26,95.9
0.04217222222222222,72.26,95.9
0.04217777777777778,72.26,95.9
0.04218333333333334,72.26,95.9
0.04218888888888889,72.26,95.9
0.042194444444444444,72.26,95.9
0.042199999999999994,72.26,95.9
0.04220555555555555,72.26,95.9
0.042211111111111116,72.26,95.9
0.042216666666666666,72.26,95.9
0.042222222222222223,72.26,95.9
0.04222777777777778,72.26,95.9
0.04223333333333333,72.26,95.9
0.04223888888888889,72.26,95.9
0.042244444444444446,72.26,95.9
0.042249999999999996,72.26,95.9
0.04225555555555556,72.26,95.9
0.04226111111111111,72.26,95.9
0.04226666666666667,72.26,95.9
0.042272222222222225,72.26,95.9
0.042277777777777775,72.26,95.9
0.04228333333333333,72.26,95.9
0.04228888888888889,72.26,95.9
0.04229444444444444,72.26,95.9
0.0423,72.26,95.9
0.04230555555555556,72.26,95.9
0.04231111111111111,72.26,95.9
0.04231666666666667,72.26,95.9
0.042322222222222226,72.26,95.9
0.04232777777777778,72.26,95.9
0.042333333333333334,72.26,95.9
0.042338888888888884,72.26,95.9
0.04234444444444444,72.26,95.9
0.04235,72.26,95.9
0.042355555555555556,72.26,95.9
0.04236111111111111,72.26,95.9
0.04236666666666667,72.26,95.9
0.04237222222222222,72.26,95.9
0.04237777777777778,72.26,95.9
0.042383333333333335,72.26,95.9
0.042388888888888886,72.26,95.9
0.04239444444444444,72.26,95.9
0.04239999999999999,72.26,95.9
0.04240555555555556,72.26,95.9
0.042411111111111115,72.26,95.9
0.042416666666666665,72.26,95.9
0.04242222222222222,72.26,95.9
0.04242777777777778,72.26,95.9
0.04243333333333333,72.26,95.9
0.04243888888888889,72.29,95.9
0.042444444444444444,72.29,95.9
0.042449999999999995,72.29,95.9
0.04245555555555556,72.29,95.9
0.042461111111111116,72.29,95.9
0.042466666666666666,72.29,95.9
0.042472222222222224,72.29,95.9
0.042477777777777774,72.29,95.9
0.04248333333333333,72.29,95.9
0.04248888888888889,72.29,95.9
0.04249444444444444,72.29,95.9
0.0425,72.29,95.9
0.04250555555555556,72.29,95.9
0.04251111111111111,72.29,95.9
0.04251666666666667,72.29,95.9
0.042522222222222225,72.29,95.9
0.042527777777777775,72.29,95.9
0.04253333333333333,72.29,95.9
0.04253888888888888,72.29,95.9
0.04254444444444444,72.29,95.9
0.042550000000000004,72.29,95.9
0.042555555555555555,72.29,95.9
0.04256111111111111,72.29,95.9
0.04256666666666667,72.29,95.9
0.04257222222222222,72.29,95.9
0.04257777777777778,72.29,95.9
0.042583333333333334,72.29,95.9
0.042588888888888884,72.29,95.9
0.04259444444444445,72.29,95.9
0.042600000000000006,72.29,95.9
0.042605555555555556,72.29,95.9
0.042611111111111113,72.29,95.9
0.042616666666666664,72.29,95.9
0.04262222222222222,72.29,95.9
0.04262777777777778,72.29,95.9
0.04263333333333333,72.29,95.9
0.042638888888888886,72.29,95.9
0.04264444444444445,72.29,95.9
0.04265,72.29,95.9
0.04265555555555556,72.29,95.9
0.042661111111111115,72.29,95.9
0.042666666666666665,72.29,95.9
0.04267222222222222,72.29,95.9
0.04267777777777777,72.29,95.9
0.04268333333333333,72.29,95.9
0.04268888888888889,72.29,95.9
0.042694444444444445,72.29,95.9
0.0427,72.29,95.9
0.04270555555555556,72.29,95.9
0.04271111111111111,72.29,95.9
0.04271666666666667,72.29,95.9
0.042722222222222224,72.29,95.9
0.042727777777777774,72.29,95.9
0.04273333333333333,72.29,95.9
0.042738888888888896,72.29,95.9
0.042744444444444446,72.29,95.9
0.04275,72.29,95.9
0.042755555555555554,72.29,95.9
0.04276111111111111,72.29,95.9
0.04276666666666667,72.29,95.9
0.04277222222222222,72.29,95.9
0.042777777777777776,72.29,95.9
0.04278333333333333,72.29,95.9
0.04278888888888888,72.29,95.9
0.04279444444444445,72.29,95.9
0.042800000000000005,72.29,95.9
0.042805555555555555,72.29,95.9
0.04281111111111111,72.29,95.9
0.04281666666666666,72.29,95.9
0.04282222222222222,72.29,95.9
0.04282777777777778,72.29,95.9
0.04283333333333333,72.29,95.9
0.04283888888888889,72.29,95.9
0.04284444444444445,72.29,95.9
0.04285,72.29,95.9
0.042855555555555556,72.29,95.9
0.042861111111111114,72.29,95.9
0.042866666666666664,72.29,95.9
0.04287222222222222,72.29,95.9
0.04287777777777778,72.29,95.9
0.04288333333333333,72.29,95.9
0.04288888888888889,72.29,95.9
0.04289444444444444,72.29,95.9
0.0429,72.29,95.9
0.04290555555555556,72.27,95.9
0.04291111111111111,72.27,95.9
0.042916666666666665,72.27,95.9
0.04292222222222222,72.27,95.9
0.04292777777777777,72.27,95.9
0.04293333333333334,72.27,95.9
0.042938888888888894,72.27,95.9
0.042944444444444445,72.27,95.9
0.04295,72.27,95.9
0.04295555555555555,72.27,95.9
0.04296111111111111,72.27,95.9
0.04296666666666667,72.27,95.9
0.04297222222222222,72.27,95.9
0.042977777777777774,72.27,95.9
0.04298333333333334,72.27,95.9
0.04298888888888889,72.27,95.9
0.042994444444444446,72.27,95.9
0.043000000000000003,72.27,95.9
0.043005555555555554,72.27,95.9
0.04301111111111111,72.27,95.9
0.04301666666666667,72.27,95.9
0.04302222222222222,72.27,95.9
0.043027777777777776,72.27,95.9
0.04303333333333333,72.27,95.9
0.04303888888888889,72.27,95.9
0.04304444444444445,72.27,95.9
0.04305,72.27,95.9
0.043055555555555555,72.27,95.9
0.04306111111111111,72.27,95.9
0.04306666666666666,72.27,95.9
0.04307222222222222,72.27,95.9
0.043077777777777784,72.27,95.9
0.043083333333333335,72.27,95.9
0.04308888888888889,72.27,95.9
0.04309444444444444,72.27,95.9
0.0431,72.27,95.9
0.04310555555555556,72.27,95.9
0.04311111111111111,72.27,95.9
0.043116666666666664,72.27,95.9
0.04312222222222222,72.27,95.9
0.04312777777777777,72.27,95.9
0.043133333333333336,72.27,95.9
0.04313888888888889,72.26,95.9
0.043144444444444444,72.26,95.9
0.04315,72.26,95.9
0.04315555555555556,72.26,95.9
0.04316111111111111,72.26,95.9
0.043166666666666666,72.26,95.9
0.043172222222222216,72.26,95.9
0.04317777777777778,72.26,95.9
0.04318333333333334,72.26,95.9
0.04318888888888889,72.26,95.9
0.043194444444444445,72.26,95.9
0.0432,72.26,95.9
0.04320555555555555,72.26,95.9
0.04321111111111111,72.26,95.9
0.04321666666666667,72.26,95.9
0.04322222222222222,72.26,95.9
0.04322777777777778,72.26,95.9
0.04323333333333333,72.26,95.9
0.04323888888888889,72.26,95.9
0.043244444444444446,72.26,95.9
0.04325,72.26,95.9
0.043255555555555554,72.26,95.9
0.04326111111111111,72.26,95.9
0.04326666666666666,72.26,95.9
0.043272222222222226,72.26,95.9
0.04327777777777778,72.26,95.9
0.04328333333333333,72.26,95.9
0.04328888888888889,72.26,95.9
0.04329444444444445,72.26,95.9
0.0433,72.26,95.9
0.043305555555555555,72.26,95.9
0.043311111111111106,72.26,95.9
0.04331666666666666,72.26,95.9
0.04332222222222223,72.26,95.9
0.04332777777777778,72.26,95.9
0.043333333333333335,72.26,95.9
0.04333888888888889,72.26,95.9
0.04334444444444444,72.26,95.9
0.04335,72.26,95.9
0.04335555555555556,72.26,95.9
0.04336111111111111,72.26,95.9
0.043366666666666664,72.26,95.9
0.04337222222222222,72.29,95.9
0.04337777777777778,72.29,95.9
0.043383333333333336,72.29,95.9
0.04338888888888889,72.29,95.9
0.043394444444444444,72.29,95.9
0.0434,72.29,95.9
0.04340555555555555,72.29,95.9
0.04341111111111111,72.29,95.9
0.04341666666666667,72.29,95.9
0.04342222222222222,72.29,95.9
0.04342777777777778,72.29,95.9
0.04343333333333334,72.29,95.9
0.04343888888888889,72.29,95.9
0.043444444444444445,72.29,95.9
0.043449999999999996,72.29,95.9
0.04345555555555555,72.29,95.9
0.04346111111111111,72.29,95.9
0.04346666666666666,72.29,95.9
0.043472222222222225,72.29,95.9
0.04347777777777778,72.29,95.9
0.04348333333333333,72.29,95.9
0.04348888888888889,72.29,95.9
0.04349444444444445,72.29,95.9
0.0435,72.29,95.9
0.043505555555555554,72.29,95.9
0.043511111111111105,72.29,95.9
0.04351666666666667,72.29,95.9
0.043522222222222226,72.29,95.9
0.043527777777777776,72.29,95.9
0.043533333333333334,72.29,95.9
0.04353888888888889,72.29,95.9
0.04354444444444444,72.29,95.9
0.04355,72.29,95.9
0.043555555555555556,72.29,95.9
0.043561111111111106,72.29,95.9
0.04356666666666667,72.29,95.9
0.04357222222222223,72.29,95.9
0.04357777777777778,72.29,95.9
0.043583333333333335,72.29,95.9
0.043588888888888885,72.29,95.9
0.04359444444444444,72.29,95.9
0.0436,72.29,95.9
0.04360555555555555,72.3,95.9
0.043611111111111114,72.3,95.9
0.04361666666666667,72.3,95.9
0.04362222222222222,72.3,95.9
0.04362777777777778,72.3,95.9
0.043633333333333336,72.3,95.9
0.04363888888888889,72.3,95.9
0.043644444444444444,72.3,95.9
0.043649999999999994,72.3,95.9
0.04365555555555555,72.3,95.9
0.043661111111111116,72.3,95.9
0.043666666666666666,72.3,95.9
0.04367222222222222,72.3,95.9
0.04367777777777778,72.3,95.9
0.04368333333333333,72.3,95.9
0.04368888888888889,72.3,95.9
0.043694444444444445,72.3,95.9
0.043699999999999996,72.3,95.9
0.04370555555555555,72.3,95.9
0.04371111111111112,72.3,95.9
0.04371666666666667,72.3,95.9
0.043722222222222225,72.3,95.9
0.043727777777777775,72.3,95.9
0.04373333333333333,72.3,95.9
0.04373888888888889,72.3,95.9
0.04374444444444444,72.3,95.9
0.04375,72.3,95.9
0.04375555555555556,72.3,95.9
0.04376111111111111,72.3,95.9
0.04376666666666667,72.3,95.9
0.043772222222222226,72.3,95.9
0.04377777777777778,72.3,95.9
0.043783333333333334,72.3,95.9
0.043788888888888884,72.3,95.9
0.04379444444444444,72.3,95.9
0.0438,72.3,95.9
0.04380555555555555,72.3,95.9
0.04381111111111111,72.3,95.9
0.04381666666666667,72.3,95.9
0.04382222222222222,72.3,95.9
0.04382777777777778,72.3,95.9
0.043833333333333335,72.3,95.9
0.043838888888888886,72.28,95.9
0.04384444444444444,72.28,95.9
0.04385000000000001,72.28,95.9
0.04385555555555556,72.28,95.9
0.043861111111111115,72.28,95.9
0.043866666666666665,72.28,95.9
0.04387222222222222,72.28,95.9
0.04387777777777778,72.28,95.9
0.04388333333333333,72.28,95.9
0.04388888888888889,72.28,95.9
0.043894444444444444,72.28,95.9
0.043899999999999995,72.28,95.9
0.04390555555555556,72.28,95.9
0.043911111111111116,72.28,95.9
0.043916666666666666,72.28,95.9
0.043922222222222224,72.28,95.9
0.043927777777777774,72.28,95.9
0.04393333333333333,72.28,95.9
0.04393888888888889,72.28,95.9
0.04394444444444444,72.28,95.9
0.04395,72.28,95.9
0.04395555555555556,72.28,95.9
0.04396111111111111,72.28,95.9
0.04396666666666667,72.28,95.9
0.043972222222222225,72.28,95.9
0.043977777777777775,72.28,95.9
0.04398333333333333,72.28,95.9
0.04398888888888889,72.28,95.9
0.04399444444444444,72.28,95.9
0.044000000000000004,72.28,95.9
0.044005555555555555,72.28,95.9
0.04401111111111111,72.28,95.9
0.04401666666666667,72.28,95.9
0.04402222222222222,72.28,95.9
0.04402777777777778,72.28,95.9
0.044033333333333334,72.28,95.9
0.044038888888888884,72.28,95.9
0.04404444444444444,72.28,95.9
0.044050000000000006,72.28,95.9
0.044055555555555556,72.28,95.9
0.04406111111111111,72.28,95.9
0.044066666666666664,72.28,95.9
0.04407222222222222,72.26,95.9
0.04407777777777778,72.26,95.9
0.04408333333333333,72.26,95.9
0.044088888888888886,72.26,95.9
0.04409444444444445,72.26,95.9
0.0441,72.26,95.9
0.04410555555555556,72.26,95.9
0.044111111111111115,72.26,95.9
0.044116666666666665,72.26,95.9
0.04412222222222222,72.26,95.9
0.04412777777777778,72.26,95.9
0.04413333333333333,72.26,95.9
0.04413888888888889,72.26,95.9
0.04414444444444444,72.26,95.9
0.04415,72.26,95.9
0.04415555555555556,72.26,95.9
0.04416111111111111,72.26,95.9
0.04416666666666667,72.26,95.9
0.044172222222222224,72.26,95.9
0.044177777777777774,72.26,95.9
0.04418333333333333,72.26,95.9
0.044188888888888896,72.26,95.9
0.044194444444444446,72.26,95.9
0.0442,72.26,95.9
0.044205555555555553,72.26,95.9
0.04421111111111111,72.26,95.9
0.04421666666666667,72.26,95.9
0.04422222222222222,72.26,95.9
0.044227777777777776,72.26,95.9
0.04423333333333333,72.26,95.9
0.04423888888888888,72.26,95.9
0.04424444444444445,72.26,95.9
0.044250000000000005,72.26,95.9
0.044255555555555555,72.26,95.9
0.04426111111111111,72.26,95.9
0.04426666666666667,72.26,95.9
0.04427222222222222,72.26,95.9
0.04427777777777778,72.26,95.9
0.04428333333333333,72.26,95.9
0.04428888888888889,72.26,95.9
0.04429444444444445,72.26,95.9
0.0443,72.26,95.9
0.044305555555555556,72.27,95.9
0.044311111111111114,72.27,95.9
0.044316666666666664,72.27,95.9
0.04432222222222222,72.27,95.9
0.04432777777777778,72.27,95.9
0.04433333333333333,72.27,95.9
0.04433888888888889,72.27,95.9
0.04434444444444444,72.27,95.9
0.04435,72.27,95.9
0.04435555555555556,72.27,95.9
0.04436111111111111,72.27,95.9
0.044366666666666665,72.27,95.9
0.04437222222222222,72.27,95.9
0.04437777777777777,72.27,95.9
0.04438333333333333,72.27,95.9
0.044388888888888894,72.27,95.9
0.044394444444444445,72.27,95.9
0.0444,72.27,95.9
0.04440555555555556,72.27,95.9
0.04441111111111111,72.27,95.9
0.04441666666666667,72.27,95.9
0.04442222222222222,72.27,95.9
0.044427777777777774,72.27,95.9
0.04443333333333334,72.27,95.9
0.04443888888888889,72.27,95.9
0.044444444444444446,72.27,95.9
0.04445,72.27,95.9
0.044455555555555554,72.27,95.9
0.04446111111111111,72.27,95.9
0.04446666666666667,72.27,95.9
0.04447222222222222,72.27,95.9
0.044477777777777776,72.27,95.9
0.044483333333333326,72.27,95.9
0.04448888888888889,72.27,95.9
0.04449444444444445,72.27,95.9
0.0445,72.27,95.9
0.044505555555555555,72.27,95.9
0.04451111111111111,72.27,95.9
0.04451666666666666,72.27,95.9
0.04452222222222222,72.27,95.9
0.044527777777777784,72.27,95.9
0.044533333333333334,72.27,95.9
0.04453888888888889,72.3,95.9
0.04454444444444445,72.3,95.9
0.04455,72.3,95.9
0.04455555555555556,72.3,95.9
0.04456111111111111,72.3,95.9
0.044566666666666664,72.3,95.9
0.04457222222222222,72.3,95.9
0.04457777777777777,72.3,95.9
0.044583333333333336,72.3,95.9
0.04458888888888889,72.3,95.9
0.044594444444444443,72.3,95.9
0.0446,72.3,95.9
0.04460555555555556,72.3,95.9
0.04461111111111111,72.3,95.9
0.044616666666666666,72.3,95.9
0.044622222222222216,72.3,95.9
0.04462777777777778,72.3,95.9
0.04463333333333334,72.3,95.9
0.04463888888888889,72.3,95.9
0.044644444444444445,72.3,95.9
0.04465,72.3,95.9
0.04465555555555555,72.3,95.9
0.04466111111111111,72.3,95.9
0.04466666666666667,72.3,95.9
0.04467222222222222,72.3,95.9
0.04467777777777778,72.3,95.9
0.04468333333333334,72.3,95.9
0.04468888888888889,72.3,95.9
0.044694444444444446,72.3,95.9
0.0447,72.3,95.9
0.044705555555555554,72.3,95.9
0.04471111111111111,72.3,95.9
0.04471666666666666,72.3,95.9
0.04472222222222222,72.3,95.9
0.04472777777777778,72.3,95.9
0.04473333333333333,72.3,95.9
0.04473888888888889,72.3,95.9
0.04474444444444445,72.3,95.9
0.04475,72.3,95.9
0.044755555555555555,72.3,95.9
0.044761111111111106,72.3,95.9
0.04476666666666666,72.3,95.9
0.04477222222222223,72.3,95.9
0.04477777777777778,72.3,95.9
0.044783333333333335,72.3,95.9
0.04478888888888889,72.3,95.9
0.04479444444444444,72.3,95.9
0.0448,72.3,95.9
0.04480555555555556,72.3,95.9
0.04481111111111111,72.3,95.9
0.044816666666666664,72.3,95.9
0.04482222222222223,72.3,95.9
0.04482777777777778,72.3,95.9
0.044833333333333336,72.3,95.9
0.044838888888888886,72.3,95.9
0.044844444444444444,72.3,95.9
0.04485,72.3,95.9
0.04485555555555555,72.3,95.9
0.04486111111111111,72.3,95.9
0.04486666666666667,72.3,95.9
0.04487222222222222,72.3,95.9
0.04487777777777778,72.3,95.9
0.04488333333333334,72.3,95.9
0.04488888888888889,72.3,95.9
0.044894444444444445,72.3,95.9
0.044899999999999995,72.3,95.9
0.04490555555555555,72.3,95.9
0.04491111111111111,72.3,95.9
0.04491666666666666,72.3,95.9
0.044922222222222224,72.3,95.9
0.04492777777777778,72.3,95.9
0.04493333333333333,72.3,95.9
0.04493888888888889,72.3,95.9
0.04494444444444445,72.3,95.9
0.04495,72.3,95.9
0.044955555555555554,72.3,95.9
0.04496111111111112,72.3,95.9
0.04496666666666667,72.3,95.9
0.044972222222222226,72.3,95.9
0.044977777777777776,72.3,95.9
0.044983333333333334,72.3,95.9
0.04498888888888889,72.3,95.9
0.04499444444444444,72.3,95.9
0.045,72.3,95.9
0.045005555555555556,72.27,95.9
0.045011111111111106,72.27,95.9
0.04501666666666667,72.27,95.9
0.04502222222222223,72.27,95.9
0.04502777777777778,72.27,95.9
0.045033333333333335,72.27,95.9
0.045038888888888885,72.27,95.9
0.04504444444444444,72.27,95.9
0.04505,72.27,95.9
0.04505555555555555,72.27,95.9
0.04506111111111111,72.27,95.9
0.04506666666666667,72.27,95.9
0.04507222222222222,72.27,95.9
0.04507777777777778,72.27,95.9
0.045083333333333336,72.27,95.9
0.04508888888888889,72.27,95.9
0.045094444444444444,72.27,95.9
0.0451,72.27,95.9
0.04510555555555555,72.27,95.9
0.045111111111111116,72.27,95.9
0.045116666666666666,72.27,95.9
0.04512222222222222,72.27,95.9
0.04512777777777778,72.27,95.9
0.04513333333333333,72.27,95.9
0.04513888888888889,72.27,95.9
0.045144444444444445,72.27,95.9
0.045149999999999996,72.27,95.9
0.04515555555555555,72.27,95.9
0.04516111111111112,72.27,95.9
0.04516666666666667,72.27,95.9
0.045172222222222225,72.27,95.9
0.045177777777777775,72.27,95.9
0.04518333333333333,72.27,95.9
0.04518888888888889,72.27,95.9
0.04519444444444444,72.27,95.9
0.0452,72.27,95.9
0.04520555555555556,72.27,95.9
0.04521111111111111,72.27,95.9
0.04521666666666667,72.27,95.9
0.045222222222222226,72.27,95.9
0.045227777777777776,72.27,95.9
0.045233333333333334,72.27,95.9
0.04523888888888889,72.27,95.9
0.04524444444444444,72.27,95.9
0.04525,72.27,95.9
0.04525555555555555,72.27,95.9
0.04526111111111111,72.27,95.9
0.04526666666666667,72.27,95.9
0.04527222222222222,72.27,95.9
0.04527777777777778,72.27,95.9
0.045283333333333335,72.27,95.9
0.045288888888888885,72.27,95.9
0.04529444444444444,72.27,95.9
0.04530000000000001,72.27,95.9
0.04530555555555556,72.27,95.9
0.045311111111111115,72.27,95.9
0.045316666666666665,72.27,95.9
0.04532222222222222,72.27,95.9
0.04532777777777778,72.27,95.9
0.04533333333333333,72.27,95.9
0.04533888888888889,72.27,95.9
0.045344444444444444,72.27,95.9
0.045349999999999994,72.27,95.9
0.04535555555555556,72.27,95.9
0.045361111111111116,72.27,95.9
0.045366666666666666,72.27,95.9
0.045372222222222224,72.27,95.9
0.04537777777777778,72.27,95.9
0.04538333333333333,72.27,95.9
0.04538888888888889,72.27,95.9
0.04539444444444444,72.27,95.9
0.045399999999999996,72.27,95.9
0.04540555555555556,72.27,95.9
0.04541111111111111,72.27,95.9
0.04541666666666667,72.27,95.9
0.045422222222222225,72.27,95.9
0.045427777777777775,72.27,95.9
0.04543333333333333,72.27,95.9
0.04543888888888889,72.27,95.9
0.04544444444444444,72.27,95.9
0.045450000000000004,72.27,95.9
0.045455555555555555,72.27,95.9
0.04546111111111111,72.27,95.9
0.04546666666666667,72.27,95.9
0.04547222222222222,72.29,95.9
0.04547777777777778,72.29,95.9
0.045483333333333334,72.29,95.9
0.045488888888888884,72.29,95.9
0.04549444444444444,72.29,95.9
0.045500000000000006,72.29,95.9
0.045505555555555556,72.29,95.9
0.04551111111111111,72.29,95.9
0.04551666666666667,72.29,95.9
0.04552222222222222,72.29,95.9
0.04552777777777778,72.29,95.9
0.04553333333333333,72.29,95.9
0.045538888888888886,72.29,95.9
0.04554444444444445,72.29,95.9
0.04555,72.29,95.9
0.04555555555555556,72.29,95.9
0.045561111111111115,72.29,95.9
0.045566666666666665,72.29,95.9
0.04557222222222222,72.29,95.9
0.04557777777777778,72.29,95.9
0.04558333333333333,72.29,95.9
0.04558888888888889,72.29,95.9
0.04559444444444444,72.29,95.9
0.0456,72.29,95.9
0.04560555555555556,72.29,95.9
0.04561111111111111,72.29,95.9
0.045616666666666666,72.29,95.9
0.045622222222222224,72.29,95.9
0.045627777777777774,72.29,95.9
0.04563333333333333,72.29,95.9
0.045638888888888896,72.29,95.9
0.045644444444444446,72.29,95.9
0.04565,72.29,95.9
0.04565555555555556,72.29,95.9
0.04566111111111111,72.29,95.9
0.04566666666666667,72.29,95.9
0.04567222222222222,72.29,95.9
0.045677777777777775,72.29,95.9
0.04568333333333333,72.29,95.9
0.04568888888888888,72.29,95.9
0.04569444444444445,72.29,95.9
0.045700000000000005,72.29,95.9
0.045705555555555555,72.31,95.9
0.04571111111111111,72.31,95.9
0.04571666666666667,72.31,95.9
0.04572222222222222,72.31,95.9
0.04572777777777778,72.31,95.9
0.04573333333333333,72.31,95.9
0.045738888888888884,72.31,95.9
0.04574444444444445,72.31,95.9
0.04575,72.31,95.9
0.045755555555555556,72.31,95.9
0.045761111111111114,72.31,95.9
0.045766666666666664,72.31,95.9
0.04577222222222222,72.31,95.9
0.04577777777777778,72.31,95.9
0.04578333333333333,72.31,95.9
0.04578888888888889,72.31,95.9
0.04579444444444445,72.31,95.9
0.0458,72.31,95.9
0.04580555555555556,72.31,95.9
0.04581111111111111,72.31,95.9
0.045816666666666665,72.31,95.9
0.04582222222222222,72.31,95.9
0.04582777777777777,72.31,95.9
0.04583333333333333,72.31,95.9
0.045838888888888894,72.31,95.9
0.045844444444444445,72.31,95.9
0.04585,72.31,95.9
0.04585555555555556,72.31,95.9
0.04586111111111111,72.31,95.9
0.04586666666666667,72.31,95.9
0.04587222222222222,72.31,95.9
0.045877777777777774,72.31,95.9
0.04588333333333334,72.31,95.9
0.04588888888888889,72.31,95.9
0.045894444444444446,72.31,95.9
0.0459,72.31,95.9
0.045905555555555554,72.31,95.9
0.04591111111111111,72.31,95.9
0.04591666666666667,72.31,95.9
0.04592222222222222,72.31,95.9
0.045927777777777776,72.31,95.9
0.04593333333333334,72.31,95.9
0.04593888888888889,72.28,95.9
0.04594444444444445,72.28,95.9
0.04595,72.28,95.9
0.045955555555555555,72.28,95.9
0.04596111111111111,72.28,95.9
0.04596666666666666,72.28,95.9
0.04597222222222222,72.28,95.9
0.045977777777777784,72.28,95.9
0.045983333333333334,72.28,95.9
0.04598888888888889,72.28,95.9
0.04599444444444445,72.28,95.9
0.046,72.28,95.9
0.046005555555555556,72.28,95.9
0.04601111111111111,72.28,95.9
0.046016666666666664,72.28,95.9
0.04602222222222222,72.28,95.9
0.04602777777777777,72.28,95.9
0.046033333333333336,72.28,95.9
0.04603888888888889,72.28,95.9
0.04604444444444444,72.28,95.9
0.04605,72.28,95.9
0.04605555555555556,72.28,95.9
0.04606111111111111,72.28,95.9
0.046066666666666665,72.28,95.9
0.04607222222222222,72.28,95.9
0.04607777777777777,72.28,95.9
0.04608333333333334,72.28,95.9
0.04608888888888889,72.28,95.9
0.046094444444444445,72.28,95.9
0.0461,72.28,95.9
0.04610555555555555,72.28,95.9
0.04611111111111111,72.28,95.9
0.04611666666666667,72.28,95.9
0.04612222222222222,72.28,95.9
0.04612777777777778,72.28,95.9
0.04613333333333334,72.28,95.9
0.04613888888888889,72.28,95.9
0.046144444444444446,72.28,95.9
0.04615,72.28,95.9
0.046155555555555554,72.28,95.9
0.04616111111111111,72.28,95.9
0.04616666666666666,72.28,95.9
0.04617222222222222,72.27,95.9
0.04617777777777778,72.27,95.9
0.04618333333333333,72.27,95.9
0.04618888888888889,72.27,95.9
0.04619444444444445,72.27,95.9
0.0462,72.27,95.9
0.046205555555555555,72.27,95.9
0.04621111111111111,72.27,95.9
0.04621666666666666,72.27,95.9
0.04622222222222223,72.27,95.9
0.04622777777777778,72.27,95.9
0.046233333333333335,72.27,95.9
0.04623888888888889,72.27,95.9
0.04624444444444444,72.27,95.9
0.04625,72.27,95.9
0.04625555555555556,72.27,95.9
0.04626111111111111,72.27,95.9
0.046266666666666664,72.27,95.9
0.04627222222222223,72.27,95.9
0.04627777777777778,72.27,95.9
0.046283333333333336,72.27,95.9
0.046288888888888886,72.27,95.9
0.046294444444444444,72.27,95.9
0.0463,72.27,95.9
0.04630555555555555,72.27,95.9
0.04631111111111111,72.27,95.9
0.04631666666666667,72.27,95.9
0.04632222222222222,72.27,95.9
0.04632777777777778,72.27,95.9
0.04633333333333334,72.27,95.9
0.04633888888888889,72.27,95.9
0.046344444444444445,72.27,95.9
0.04635,72.27,95.9
0.04635555555555555,72.27,95.9
0.04636111111111111,72.27,95.9
0.04636666666666666,72.27,95.9
0.046372222222222224,72.27,95.9
0.04637777777777778,72.27,95.9
0.04638333333333333,72.27,95.9
0.04638888888888889,72.27,95.9
0.046394444444444446,72.27,95.9
0.0464,72.27,95.9
0.046405555555555554,72.28,95.9
0.04641111111111111,72.28,95.9
0.04641666666666666,72.28,95.9
0.046422222222222226,72.28,95.9
0.046427777777777776,72.28,95.9
0.04643333333333333,72.28,95.9
0.04643888888888889,72.28,95.9
0.04644444444444444,72.28,95.9
0.04645,72.28,95.9
0.046455555555555555,72.28,95.9
0.046461111111111106,72.28,95.9
0.04646666666666667,72.28,95.9
0.04647222222222223,72.28,95.9
0.04647777777777778,72.28,95.9
0.046483333333333335,72.28,95.9
0.04648888888888889,72.28,95.9
0.04649444444444444,72.28,95.9
0.0465,72.28,95.9
0.04650555555555555,72.28,95.9
0.04651111111111111,72.28,95.9
0.04651666666666667,72.28,95.9
0.04652222222222222,72.28,95.9
0.04652777777777778,72.28,95.9
0.046533333333333336,72.28,95.9
0.04653888888888889,72.28,95.9
0.046544444444444444,72.28,95.9
0.04655,72.28,95.9
0.04655555555555555,72.28,95.9
0.046561111111111116,72.28,95.9
0.046566666666666666,72.28,95.9
0.04657222222222222,72.28,95.9
0.04657777777777778,72.28,95.9
0.04658333333333333,72.28,95.9
0.04658888888888889,72.28,95.9
0.046594444444444445,72.28,95.9
0.046599999999999996,72.28,95.9
0.04660555555555555,72.28,95.9
0.04661111111111112,72.28,95.9
0.04661666666666667,72.28,95.9
0.046622222222222225,72.28,95.9
0.04662777777777778,72.28,95.9
0.04663333333333333,72.28,95.9
0.04663888888888889,72.31,95.9
0.04664444444444444,72.31,95.9
0.04665,72.31,95.9
0.04665555555555556,72.31,95.9
0.04666111111111111,72.31,95.9
0.04666666666666667,72.31,95.9
0.046672222222222226,72.31,95.9
0.046677777777777776,72.31,95.9
0.046683333333333334,72.31,95.9
0.04668888888888889,72.31,95.9
0.04669444444444444,72.31,95.9
0.0467,72.31,95.9
0.04670555555555555,72.31,95.9
0.04671111111111111,72.31,95.9
0.04671666666666667,72.31,95.9
0.04672222222222222,72.31,95.9
0.04672777777777778,72.31,95.9
0.046733333333333335,72.31,95.9
0.046738888888888885,72.31,95.9
0.04674444444444444,72.31,95.9
0.04675,72.31,95.9
0.04675555555555555,72.31,95.9
0.046761111111111114,72.31,95.9
0.04676666666666667,72.31,95.9
0.04677222222222222,72.31,95.9
0.04677777777777778,72.31,95.9
0.04678333333333333,72.31,95.9
0.04678888888888889,72.31,95.9
0.046794444444444444,72.31,95.9
0.046799999999999994,72.31,95.9
0.04680555555555556,72.31,95.9
0.046811111111111116,72.31,95.9
0.046816666666666666,72.31,95.9
0.04682222222222222,72.31,95.9
0.04682777777777778,72.31,95.9
0.04683333333333333,72.31,95.9
0.04683888888888889,72.31,95.9
0.04684444444444444,72.31,95.9
0.046849999999999996,72.31,95.9
0.04685555555555556,72.31,95.9
0.04686111111111111,72.31,95.9
0.04686666666666667,72.31,95.9
0.046872222222222225,72.3,95.9
0.046877777777777775,72.3,95.9
0.04688333333333333,72.3,95.9
0.04688888888888889,72.3,95.9
0.04689444444444444,72.3,95.9
0.046900000000000004,72.3,95.9
0.04690555555555556,72.3,95.9
0.04691111111111111,72.3,95.9
0.04691666666666667,72.3,95.9
0.04692222222222222,72.3,95.9
0.04692777777777778,72.3,95.9
0.046933333333333334,72.3,95.9
0.046938888888888884,72.3,95.9
0.04694444444444444,72.3,95.9
0.046950000000000006,72.3,95.9
0.046955555555555556,72.3,95.9
0.04696111111111111,72.3,95.9
0.04696666666666667,72.3,95.9
0.04697222222222222,72.3,95.9
0.04697777777777778,72.3,95.9
0.04698333333333333,72.3,95.9
0.046988888888888886,72.3,95.9
0.04699444444444445,72.3,95.9
0.047,72.3,95.9
0.04700555555555556,72.3,95.9
0.047011111111111115,72.3,95.9
0.047016666666666665,72.3,95.9
0.04702222222222222,72.3,95.9
0.04702777777777778,72.3,95.9
0.04703333333333333,72.3,95.9
0.04703888888888889,72.3,95.9
0.04704444444444445,72.3,95.9
0.04705,72.3,95.9
0.04705555555555556,72.3,95.9
0.04706111111111111,72.3,95.9
0.047066666666666666,72.3,95.9
0.047072222222222224,72.3,95.9
0.047077777777777774,72.3,95.9
0.04708333333333333,72.3,95.9
0.04708888888888889,72.3,95.9
0.04709444444444444,72.3,95.9
0.0471,72.3,95.9
0.04710555555555556,72.27,95.9
0.04711111111111111,72.27,95.9
0.04711666666666667,72.27,95.9
0.04712222222222222,72.27,95.9
0.047127777777777775,72.27,95.9
0.04713333333333333,72.27,95.9
0.04713888888888888,72.27,95.9
0.04714444444444445,72.27,95.9
0.047150000000000004,72.27,95.9
0.047155555555555555,72.27,95.9
0.04716111111111111,72.27,95.9
0.04716666666666667,72.27,95.9
0.04717222222222222,72.27,95.9
0.04717777777777778,72.27,95.9
0.047183333333333334,72.27,95.9
0.047188888888888884,72.27,95.9
0.04719444444444445,72.27,95.9
0.0472,72.27,95.9
0.047205555555555556,72.27,95.9
0.04721111111111111,72.27,95.9
0.047216666666666664,72.27,95.9
0.04722222222222222,72.27,95.9
0.04722777777777778,72.27,95.9
0.04723333333333333,72.27,95.9
0.04723888888888889,72.27,95.9
0.04724444444444445,72.27,95.9
0.04725,72.27,95.9
0.04725555555555556,72.27,95.9
0.04726111111111111,72.27,95.9
0.047266666666666665,72.27,95.9
0.04727222222222222,72.27,95.9
0.04727777777777777,72.27,95.9
0.04728333333333333,72.27,95.9
0.047288888888888894,72.27,95.9
0.047294444444444445,72.27,95.9
0.0473,72.27,95.9
0.04730555555555556,72.27,95.9
0.04731111111111111,72.27,95.9
0.04731666666666667,72.27,95.9
0.047322222222222224,72.27,95.9
0.047327777777777774,72.27,95.9
0.04733333333333334,72.27,95.9
0.04733888888888889,72.27,95.9
0.047344444444444446,72.27,95.9
0.04735,72.27,95.9
0.047355555555555554,72.27,95.9
0.04736111111111111,72.27,95.9
0.04736666666666667,72.27,95.9
0.04737222222222222,72.27,95.9
0.047377777777777776,72.27,95.9
0.04738333333333334,72.27,95.9
0.04738888888888889,72.27,95.9
0.04739444444444445,72.27,95.9
0.0474,72.27,95.9
0.047405555555555555,72.27,95.9
0.04741111111111111,72.27,95.9
0.04741666666666666,72.27,95.9
0.04742222222222222,72.27,95.9
0.04742777777777778,72.27,95.9
0.04743333333333333,72.27,95.9
0.04743888888888889,72.27,95.9
0.04744444444444445,72.27,95.9
0.04745,72.27,95.9
0.047455555555555556,72.27,95.9
0.047461111111111114,72.27,95.9
0.047466666666666664,72.27,95.9
0.04747222222222222,72.27,95.9
0.04747777777777777,72.27,95.9
0.047483333333333336,72.27,95.9
0.04748888888888889,72.27,95.9
0.04749444444444444,72.27,95.9
0.0475,72.27,95.9
0.04750555555555556,72.27,95.9
0.04751111111111111,72.27,95.9
0.047516666666666665,72.27,95.9
0.04752222222222222,72.27,95.9
0.04752777777777777,72.27,95.9
0.04753333333333334,72.27,95.9
0.04753888888888889,72.27,95.9
0.047544444444444445,72.27,95.9
0.04755,72.27,95.9
0.04755555555555555,72.27,95.9
0.04756111111111111,72.27,95.9
0.04756666666666667,72.27,95.9
0.04757222222222222,72.3,95.9
0.04757777777777778,72.3,95.9
0.04758333333333334,72.3,95.9
0.04758888888888889,72.3,95.9
0.047594444444444446,72.3,95.9
0.0476,72.3,95.9
0.047605555555555554,72.3,95.9
0.04761111111111111,72.3,95.9
0.04761666666666666,72.3,95.9
0.04762222222222222,72.3,95.9
0.04762777777777778,72.3,95.9
0.04763333333333333,72.3,95.9
0.04763888888888889,72.3,95.9
0.04764444444444445,72.3,95.9
0.04765,72.3,95.9
0.047655555555555555,72.3,95.9
0.04766111111111111,72.3,95.9
0.04766666666666666,72.3,95.9
0.04767222222222223,72.3,95.9
0.04767777777777778,72.3,95.9
0.047683333333333335,72.3,95.9
0.04768888888888889,72.3,95.9
0.04769444444444444,72.3,95.9
0.0477,72.3,95.9
0.04770555555555556,72.3,95.9
0.04771111111111111,72.3,95.9
0.047716666666666664,72.3,95.9
0.04772222222222223,72.3,95.9
0.04772777777777778,72.3,95.9
0.047733333333333336,72.3,95.9
0.04773888888888889,72.3,95.9
0.047744444444444444,72.3,95.9
0.04775,72.3,95.9
0.04775555555555555,72.3,95.9
0.04776111111111111,72.3,95.9
0.047766666666666666,72.3,95.9
0.047772222222222216,72.3,95.9
0.04777777777777778,72.3,95.9
0.04778333333333334,72.3,95.9
0.04778888888888889,72.3,95.9
0.047794444444444445,72.3,95.9
0.0478,72.3,95.9
0.04780555555555555,72.31,95.9
0.04781111111111111,72.31,95.9
0.04781666666666666,72.31,95.9
0.047822222222222224,72.31,95.9
0.04782777777777778,72.31,95.9
0.04783333333333333,72.31,95.9
0.04783888888888889,72.31,95.9
0.047844444444444446,72.31,95.9
0.04785,72.31,95.9
0.047855555555555554,72.31,95.9
0.04786111111111111,72.31,95.9
0.04786666666666666,72.31,95.9
0.047872222222222226,72.31,95.9
0.04787777777777778,72.31,95.9
0.04788333333333333,72.31,95.9
0.04788888888888889,72.31,95.9
0.04789444444444444,72.31,95.9
0.0479,72.31,95.9
0.047905555555555555,72.31,95.9
0.047911111111111106,72.31,95.9
0.04791666666666667,72.31,95.9
0.04792222222222223,72.31,95.9
0.04792777777777778,72.31,95.9
0.047933333333333335,72.31,95.9
0.04793888888888889,72.31,95.9
0.04794444444444444,72.31,95.9
0.04795,72.31,95.9
0.04795555555555555,72.31,95.9
0.04796111111111111,72.31,95.9
0.04796666666666667,72.31,95.9
0.04797222222222222,72.31,95.9
0.04797777777777778,72.31,95.9
0.047983333333333336,72.31,95.9
0.047988888888888886,72.31,95.9
0.047994444444444444,72.31,95.9
0.048,72.31,95.9
0.04800555555555555,72.31,95.9
0.048011111111111116,72.31,95.9
0.04801666666666667,72.31,95.9
0.04802222222222222,72.31,95.9
0.04802777777777778,72.31,95.9
0.04803333333333333,72.31,95.9
0.04803888888888889,72.28,95.9
0.048044444444444445,72.28,95.9
0.048049999999999995,72.28,95.9
0.04805555555555555,72.28,95.9
0.04806111111111112,72.28,95.9
0.04806666666666667,72.28,95.9
0.048072222222222225,72.28,95.9
0.04807777777777778,72.28,95.9
0.04808333333333333,72.28,95.9
0.04808888888888889,72.28,95.9
0.04809444444444444,72.28,95.9
0.0481,72.28,95.9
0.048105555555555554,72.28,95.9
0.048111111111111104,72.28,95.9
0.04811666666666667,72.28,95.9
0.048122222222222226,72.28,95.9
0.048127777777777776,72.28,95.9
0.048133333333333334,72.28,95.9
0.04813888888888889,72.28,95.9
0.04814444444444444,72.28,95.9
0.04815,72.28,95.9
0.04815555555555556,72.28,95.9
0.04816111111111111,72.28,95.9
0.04816666666666667,72.28,95.9
0.04817222222222222,72.28,95.9
0.04817777777777778,72.28,95.9
0.048183333333333335,72.28,95.9
0.048188888888888885,72.28,95.9
0.04819444444444444,72.28,95.9
0.0482,72.28,95.9
0.04820555555555555,72.28,95.9
0.048211111111111114,72.28,95.9
0.04821666666666667,72.28,95.9
0.04822222222222222,72.28,95.9
0.04822777777777778,72.28,95.9
0.04823333333333333,72.28,95.9
0.04823888888888889,72.28,95.9
0.048244444444444444,72.28,95.9
0.048249999999999994,72.28,95.9
0.04825555555555556,72.28,95.9
0.048261111111111116,72.28,95.9
0.048266666666666666,72.28,95.9
0.04827222222222222,72.27,95.9
0.04827777777777778,72.27,95.9
0.04828333333333333,72.27,95.9
0.04828888888888889,72.27,95.9
0.048294444444444445,72.27,95.9
0.048299999999999996,72.27,95.9
0.04830555555555556,72.27,95.9
0.04831111111111111,72.27,95.9
0.04831666666666667,72.27,95.9
0.048322222222222225,72.27,95.9
0.048327777777777775,72.27,95.9
0.04833333333333333,72.27,95.9
0.04833888888888889,72.27,95.9
0.04834444444444444,72.27,95.9
0.048350000000000004,72.27,95.9
0.04835555555555556,72.27,95.9
0.04836111111111111,72.27,95.9
0.04836666666666667,72.27,95.9
0.04837222222222222,72.27,95.9
0.048377777777777776,72.27,95.9
0.048383333333333334,72.27,95.9
0.048388888888888884,72.27,95.9
0.04839444444444444,72.27,95.9
0.048400000000000006,72.27,95.9
0.048405555555555556,72.27,95.9
0.04841111111111111,72.27,95.9
0.04841666666666667,72.27,95.9
0.04842222222222222,72.27,95.9
0.04842777777777778,72.27,95.9
0.048433333333333335,72.27,95.9
0.048438888888888885,72.27,95.9
0.04844444444444444,72.27,95.9
0.04844999999999999,72.27,95.9
0.04845555555555556,72.27,95.9
0.048461111111111115,72.27,95.9
0.048466666666666665,72.27,95.9
0.04847222222222222,72.27,95.9
0.04847777777777778,72.27,95.9
0.04848333333333333,72.27,95.9
0.04848888888888889,72.27,95.9
0.04849444444444445,72.27,95.9
0.0485,72.27,95.9
0.04850555555555556,72.29,95.9
0.04851111111111111,72.29,95.9
0.048516666666666666,72.29,95.9
0.048522222222222224,72.29,95.9
0.048527777777777774,72.29,95.9
0.04853333333333333,72.29,95.9
0.04853888888888889,72.29,95.9
0.04854444444444444,72.29,95.9
0.04855,72.29,95.9
0.04855555555555556,72.29,95.9
0.04856111111111111,72.29,95.9
0.04856666666666667,72.29,95.9
0.048572222222222225,72.29,95.9
0.048577777777777775,72.29,95.9
0.04858333333333333,72.29,95.9
0.04858888888888888,72.29,95.9
0.04859444444444445,72.29,95.9
0.048600000000000004,72.29,95.9
0.048605555555555555,72.29,95.9
0.04861111111111111,72.29,95.9
0.04861666666666667,72.29,95.9
0.04862222222222222,72.29,95.9
0.04862777777777778,72.29,95.9
0.048633333333333334,72.29,95.9
0.048638888888888884,72.29,95.9
0.04864444444444445,72.29,95.9
0.04865,72.29,95.9
0.048655555555555556,72.29,95.9
0.04866111111111111,72.29,95.9
0.048666666666666664,72.29,95.9
0.04867222222222222,72.29,95.9
0.04867777777777778,72.29,95.9
0.04868333333333333,72.29,95.9
0.04868888888888889,72.29,95.9
0.04869444444444445,72.29,95.9
0.0487,72.29,95.9
0.04870555555555556,72.29,95.9
0.048711111111111115,72.29,95.9
0.048716666666666665,72.29,95.9
0.04872222222222222,72.29,95.9
0.04872777777777777,72.29,95.9
0.04873333333333333,72.29,95.9
0.048738888888888894,72.31,95.9
0.048744444444444444,72.31,95.9
0.04875,72.31,95.9
0.04875555555555556,72.31,95.9
0.04876111111111111,72.31,95.9
0.048766666666666666,72.31,95.9
0.048772222222222224,72.31,95.9
0.048777777777777774,72.31,95.9
0.04878333333333333,72.31,95.9
0.04878888888888888,72.31,95.9
0.048794444444444446,72.31,95.9
0.0488,72.31,95.9
0.04880555555555555,72.31,95.9
0.04881111111111111,72.31,95.9
0.04881666666666667,72.31,95.9
0.04882222222222222,72.31,95.9
0.048827777777777776,72.31,95.9
0.04883333333333334,72.31,95.9
0.04883888888888889,72.31,95.9
0.04884444444444445,72.31,95.9
0.048850000000000005,72.31,95.9
0.048855555555555555,72.31,95.9
0.04886111111111111,72.31,95.9
0.04886666666666666,72.31,95.9
0.04887222222222222,72.31,95.9
0.04887777777777778,72.31,95.9
0.04888333333333333,72.31,95.9
0.04888888888888889,72.31,95.9
0.04889444444444445,72.31,95.9
0.0489,72.31,95.9
0.048905555555555556,72.31,95.9
0.048911111111111114,72.31,95.9
0.048916666666666664,72.31,95.9
0.04892222222222222,72.31,95.9
0.04892777777777777,72.31,95.9
0.048933333333333336,72.31,95.9
0.04893888888888889,72.31,95.9
0.04894444444444444,72.31,95.9
0.04895,72.31,95.9
0.04895555555555556,72.31,95.9
0.04896111111111111,72.31,95.9
0.048966666666666665,72.31,95.9
0.04897222222222222,72.3,95.9
0.04897777777777777,72.3,95.9
0.04898333333333334,72.3,95.9
0.048988888888888894,72.3,95.9
0.048994444444444445,72.3,95.9
0.049,72.3,95.9
0.04900555555555555,72.3,95.9
0.04901111111111111,72.3,95.9
0.04901666666666667,72.3,95.9
0.04902222222222222,72.3,95.9
0.04902777777777778,72.3,95.9
0.04903333333333334,72.3,95.9
0.04903888888888889,72.3,95.9
0.049044444444444446,72.3,95.9
0.04905,72.3,95.9
0.049055555555555554,72.3,95.9
0.04906111111111111,72.3,95.9
0.04906666666666666,72.3,95.9
0.04907222222222222,72.3,95.9
0.04907777777777778,72.3,95.9
0.04908333333333333,72.3,95.9
0.04908888888888889,72.3,95.9
0.04909444444444445,72.3,95.9
0.0491,72.3,95.9
0.049105555555555555,72.3,95.9
0.04911111111111111,72.3,95.9
0.04911666666666666,72.3,95.9
0.04912222222222222,72.3,95.9
0.049127777777777784,72.3,95.9
0.049133333333333334,72.3,95.9
0.04913888888888889,72.3,95.9
0.04914444444444444,72.3,95.9
0.04915,72.3,95.9
0.049155555555555557,72.3,95.9
0.04916111111111111,72.3,95.9
0.049166666666666664,72.3,95.9
0.04917222222222223,72.3,95.9
0.04917777777777778,72.3,95.9
0.049183333333333336,72.3,95.9
0.04918888888888889,72.3,95.9
0.04919444444444444,72.3,95.9
0.0492,72.3,95.9
0.04920555555555555,72.27,95.9
0.04921111111111111,72.27,95.9
0.049216666666666666,72.27,95.9
0.049222222222222216,72.27,95.9
0.04922777777777778,72.27,95.9
0.04923333333333334,72.27,95.9
0.04923888888888889,72.27,95.9
0.049244444444444445,72.27,95.9
0.04925,72.27,95.9
0.04925555555555555,72.27,95.9
0.04926111111111111,72.27,95.9
0.049266666666666674,72.27,95.9
0.049272222222222224,72.27,95.9
0.04927777777777778,72.27,95.9
0.04928333333333333,72.27,95.9
0.04928888888888889,72.27,95.9
0.049294444444444446,72.27,95.9
0.0493,72.27,95.9
0.049305555555555554,72.27,95.9
0.04931111111111111,72.27,95.9
0.04931666666666666,72.27,95.9
0.049322222222222226,72.27,95.9
0.04932777777777778,72.27,95.9
0.04933333333333333,72.27,95.9
0.04933888888888889,72.27,95.9
0.04934444444444444,72.27,95.9
0.04935,72.27,95.9
0.049355555555555555,72.27,95.9
0.049361111111111106,72.27,95.9
0.04936666666666667,72.27,95.9
0.04937222222222223,72.27,95.9
0.04937777777777778,72.27,95.9
0.049383333333333335,72.27,95.9
0.04938888888888889,72.27,95.9
0.04939444444444444,72.27,95.9
0.0494,72.27,95.9
0.04940555555555556,72.27,95.9
0.04941111111111111,72.27,95.9
0.04941666666666667,72.27,95.9
0.04942222222222222,72.27,95.9
0.04942777777777778,72.27,95.9
0.049433333333333336,72.27,95.9
0.049438888888888886,72.28,95.9
0.049444444444444444,72.28,95.9
0.04945,72.28,95.9
0.04945555555555555,72.28,95.9
0.04946111111111111,72.28,95.9
0.04946666666666667,72.28,95.9
0.04947222222222222,72.28,95.9
0.04947777777777778,72.28,95.9
0.04948333333333333,72.28,95.9
0.04948888888888889,72.28,95.9
0.049494444444444445,72.28,95.9
0.049499999999999995,72.28,95.9
0.04950555555555555,72.28,95.9
0.04951111111111112,72.28,95.9
0.04951666666666667,72.28,95.9
0.049522222222222224,72.28,95.9
0.04952777777777778,72.28,95.9
0.04953333333333333,72.28,95.9
0.04953888888888889,72.28,95.9
0.049544444444444447,72.28,95.9
0.04955,72.28,95.9
0.049555555555555554,72.28,95.9
0.049561111111111104,72.28,95.9
0.04956666666666667,72.28,95.9
0.049572222222222226,72.28,95.9
0.049577777777777776,72.28,95.9
0.04958333333333333,72.28,95.9
0.04958888888888889,72.28,95.9
0.04959444444444444,72.28,95.9
0.0496,72.28,95.9
0.04960555555555556,72.28,95.9
0.04961111111111111,72.28,95.9
0.04961666666666667,72.28,95.9
0.04962222222222222,72.28,95.9
0.04962777777777778,72.28,95.9
0.049633333333333335,72.28,95.9
0.049638888888888885,72.28,95.9
0.04964444444444444,72.28,95.9
0.04965,72.28,95.9
0.04965555555555555,72.28,95.9
0.049661111111111114,72.28,95.9
0.04966666666666667,72.28,95.9
0.04967222222222222,72.3,95.9
0.04967777777777778,72.3,95.9
0.049683333333333336,72.3,95.9
0.04968888888888889,72.3,95.9
0.049694444444444444,72.3,95.9
0.049699999999999994,72.3,95.9
0.04970555555555556,72.3,95.9
0.049711111111111116,72.3,95.9
0.049716666666666666,72.3,95.9
0.04972222222222222,72.3,95.9
0.04972777777777778,72.3,95.9
0.04973333333333333,72.3,95.9
0.04973888888888889,72.3,95.9
0.049744444444444445,72.3,95.9
0.049749999999999996,72.3,95.9
0.04975555555555556,72.3,95.9
0.04976111111111111,72.3,95.9
0.04976666666666667,72.3,95.9
0.049772222222222225,72.3,95.9
0.049777777777777775,72.3,95.9
0.04978333333333333,72.3,95.9
0.04978888888888889,72.3,95.9
0.04979444444444444,72.3,95.9
0.0498,72.3,95.9
0.04980555555555556,72.3,95.9
0.04981111111111111,72.3,95.9
0.04981666666666667,72.3,95.9
0.049822222222222226,72.3,95.9
0.049827777777777776,72.3,95.9
0.049833333333333334,72.3,95.9
0.049838888888888884,72.3,95.9
0.04984444444444444,72.3,95.9
0.049850000000000005,72.3,95.9
0.049855555555555556,72.3,95.9
0.04986111111111111,72.3,95.9
0.04986666666666667,72.3,95.9
0.04987222222222222,72.3,95.9
0.04987777777777778,72.3,95.9
0.049883333333333335,72.3,95.9
0.049888888888888885,72.3,95.9
0.04989444444444444,72.3,95.9
0.04989999999999999,72.3,95.9
0.04990555555555556,72.31,95.9
0.049911111111111114,72.31,95.9
0.049916666666666665,72.31,95.9
0.04992222222222222,72.31,95.9
0.04992777777777778,72.31,95.9
0.04993333333333333,72.31,95.9
0.04993888888888889,72.31,95.9
0.04994444444444445,72.31,95.9
0.04995,72.31,95.9
0.04995555555555556,72.31,95.9
0.049961111111111116,72.31,95.9
0.049966666666666666,72.31,95.9
0.04997222222222222,72.31,95.9
0.049977777777777774,72.31,95.9
0.04998333333333333,72.31,95.9
0.04998888888888889,72.31,95.9
0.04999444444444444,72.31,95.9
0.05,72.31,95.9
0.05000555555555556,72.31,95.9
0.05001111111111111,72.31,95.9
0.05001666666666667,72.31,95.9
0.050022222222222225,72.31,95.9
0.050027777777777775,72.31,95.9
0.05003333333333333,72.31,95.9
0.05003888888888888,72.31,95.9
0.05004444444444445,72.31,95.9
0.050050000000000004,72.31,95.9
0.050055555555555555,72.31,95.9
0.05006111111111111,72.31,95.9
0.05006666666666667,72.31,95.9
0.05007222222222222,72.31,95.9
0.05007777777777778,72.31,95.9
0.050083333333333334,72.31,95.9
0.050088888888888884,72.31,95.9
0.05009444444444445,72.31,95.9
0.050100000000000006,72.31,95.9
0.050105555555555556,72.31,95.9
0.05011111111111111,72.31,95.9
0.050116666666666664,72.31,95.9
0.05012222222222222,72.31,95.9
0.05012777777777778,72.31,95.9
0.05013333333333333,72.31,95.9
0.050138888888888886,72.28,95.9
0.05014444444444445,72.28,95.9
0.05015,72.28,95.9
0.05015555555555556,72.28,95.9
0.050161111111111115,72.28,95.9
0.050166666666666665,72.28,95.9
0.05017222222222222,72.28,95.9
0.05017777777777777,72.28,95.9
0.05018333333333333,72.28,95.9
0.050188888888888894,72.28,95.9
0.050194444444444444,72.28,95.9
0.0502,72.28,95.9
0.05020555555555556,72.28,95.9
0.05021111111111111,72.28,95.9
0.050216666666666666,72.28,95.9
0.050222222222222224,72.28,95.9
0.050227777777777774,72.28,95.9
0.05023333333333333,72.28,95.9
0.050238888888888895,72.28,95.9
0.050244444444444446,72.28,95.9
0.05025,72.28,95.9
0.05025555555555555,72.28,95.9
0.05026111111111111,72.28,95.9
0.05026666666666667,72.28,95.9
0.05027222222222222,72.28,95.9
0.050277777777777775,72.28,95.9
0.05028333333333334,72.28,95.9
0.05028888888888889,72.28,95.9
0.05029444444444445,72.28,95.9
0.050300000000000004,72.28,95.9
0.050305555555555555,72.28,95.9
0.05031111111111111,72.28,95.9
0.05031666666666666,72.28,95.9
0.05032222222222222,72.28,95.9
0.05032777777777778,72.28,95.9
0.05033333333333333,72.28,95.9
0.05033888888888889,72.28,95.9
0.05034444444444445,72.28,95.9
0.05035,72.28,95.9
0.050355555555555556,72.28,95.9
0.05036111111111111,72.28,95.9
0.050366666666666664,72.28,95.9
0.05037222222222222,72.27,95.9
0.05037777777777778,72.27,95.9
0.050383333333333336,72.27,95.9
0.05038888888888889,72.27,95.9
0.05039444444444444,72.27,95.9
0.0504,72.27,95.9
0.05040555555555556,72.27,95.9
0.05041111111111111,72.27,95.9
0.050416666666666665,72.27,95.9
0.05042222222222222,72.27,95.9
0.05042777777777777,72.27,95.9
0.05043333333333334,72.27,95.9
0.050438888888888894,72.27,95.9
0.050444444444444445,72.27,95.9
0.05045,72.27,95.9
0.05045555555555555,72.27,95.9
0.05046111111111111,72.27,95.9
0.05046666666666667,72.27,95.9
0.05047222222222222,72.27,95.9
0.050477777777777774,72.27,95.9
0.05048333333333334,72.27,95.9
0.05048888888888889,72.27,95.9
0.050494444444444446,72.27,95.9
0.0505,72.27,95.9
0.050505555555555554,72.27,95.9
0.05051111111111111,72.27,95.9
0.05051666666666667,72.27,95.9
0.05052222222222222,72.27,95.9
0.05052777777777778,72.27,95.9
0.05053333333333333,72.27,95.9
0.05053888888888889,72.27,95.9
0.05054444444444445,72.27,95.9
0.05055,72.27,95.9
0.050555555555555555,72.27,95.9
0.05056111111111111,72.27,95.9
0.05056666666666666,72.27,95.9
0.05057222222222222,72.27,95.9
0.050577777777777784,72.27,95.9
0.050583333333333334,72.27,95.9
0.05058888888888889,72.27,95.9
0.05059444444444444,72.27,95.9
0.0506,72.27,95.9
0.050605555555555556,72.29,95.9
0.05061111111111111,72.29,95.9
0.050616666666666664,72.29,95.9
0.05062222222222223,72.29,95.9
0.05062777777777778,72.29,95.9
0.050633333333333336,72.29,95.9
0.05063888888888889,72.29,95.9
0.05064444444444444,72.29,95.9
0.05065,72.29,95.9
0.05065555555555556,72.29,95.9
0.05066111111111111,72.29,95.9
0.050666666666666665,72.29,95.9
0.050672222222222216,72.29,95.9
0.05067777777777778,72.29,95.9
0.05068333333333334,72.29,95.9
0.05068888888888889,72.29,95.9
0.050694444444444445,72.29,95.9
0.0507,72.29,95.9
0.05070555555555555,72.29,95.9
0.05071111111111111,72.29,95.9
0.05071666666666667,72.29,95.9
0.050722222222222224,72.29,95.9
0.05072777777777778,72.29,95.9
0.05073333333333333,72.29,95.9
0.05073888888888889,72.29,95.9
0.050744444444444446,72.29,95.9
0.050749999999999997,72.29,95.9
0.050755555555555554,72.29,95.9
0.05076111111111111,72.29,95.9
0.05076666666666666,72.29,95.9
0.050772222222222226,72.29,95.9
0.05077777777777778,72.29,95.9
0.05078333333333333,72.29,95.9
0.05078888888888889,72.29,95.9
0.05079444444444445,72.29,95.9
0.0508,72.29,95.9
0.050805555555555555,72.29,95.9
0.050811111111111106,72.29,95.9
0.05081666666666666,72.29,95.9
0.05082222222222223,72.29,95.9
0.05082777777777778,72.29,95.9
0.050833333333333335,72.29,95.9
0.05083888888888889,72.31,95.9
0.05084444444444444,72.31,95.9
0.05085,72.31,95.9
0.05085555555555556,72.31,95.9
0.05086111111111111,72.31,95.9
0.05086666666666667,72.31,95.9
0.05087222222222222,72.31,95.9
0.05087777777777778,72.31,95.9
0.050883333333333336,72.31,95.9
0.050888888888888886,72.31,95.9
0.050894444444444444,72.31,95.9
0.0509,72.31,95.9
0.05090555555555555,72.31,95.9
0.05091111111111111,72.31,95.9
0.05091666666666667,72.31,95.9
0.05092222222222222,72.31,95.9
0.05092777777777778,72.31,95.9
0.05093333333333334,72.31,95.9
0.05093888888888889,72.31,95.9
0.050944444444444445,72.31,95.9
0.050949999999999995,72.31,95.9
0.05095555555555555,72.31,95.9
0.05096111111111112,72.31,95.9
0.05096666666666667,72.31,95.9
0.050972222222222224,72.31,95.9
0.05097777777777778,72.31,95.9
0.05098333333333333,72.31,95.9
0.05098888888888889,72.31,95.9
0.050994444444444446,72.31,95.9
0.051,72.31,95.9
0.051005555555555554,72.31,95.9
0.051011111111111104,72.31,95.9
0.05101666666666667,72.31,95.9
0.051022222222222226,72.31,95.9
0.051027777777777776,72.31,95.9
0.05103333333333333,72.31,95.9
0.05103888888888889,72.31,95.9
0.05104444444444444,72.31,95.9
0.05105,72.31,95.9
0.051055555555555555,72.31,95.9
0.05106111111111111,72.31,95.9
0.05106666666666667,72.31,95.9
0.05107222222222223,72.3,95.9
0.05107777777777778,72.3,95.9
0.051083333333333335,72.3,95.9
0.051088888888888885,72.3,95.9
0.05109444444444444,72.3,95.9
0.0511,72.3,95.9
0.05110555555555555,72.3,95.9
0.051111111111111114,72.3,95.9
0.05111666666666667,72.3,95.9
0.05112222222222222,72.3,95.9
0.05112777777777778,72.3,95.9
0.051133333333333336,72.3,95.9
0.051138888888888887,72.3,95.9
0.051144444444444444,72.3,95.9
0.051149999999999994,72.3,95.9
0.05115555555555555,72.3,95.9
0.051161111111111116,72.3,95.9
0.051166666666666666,72.3,95.9
0.05117222222222222,72.3,95.9
0.05117777777777778,72.3,95.9
0.05118333333333333,72.3,95.9
0.05118888888888889,72.3,95.9
0.051194444444444445,72.3,95.9
0.051199999999999996,72.3,95.9
0.05120555555555556,72.3,95.9
0.05121111111111112,72.3,95.9
0.05121666666666667,72.3,95.9
0.051222222222222225,72.3,95.9
0.051227777777777775,72.3,95.9
0.05123333333333333,72.3,95.9
0.05123888888888889,72.3,95.9
0.05124444444444444,72.3,95.9
0.05125,72.3,95.9
0.05125555555555556,72.3,95.9
0.05126111111111111,72.3,95.9
0.05126666666666667,72.3,95.9
0.051272222222222226,72.3,95.9
0.051277777777777776,72.3,95.9
0.051283333333333334,72.3,95.9
0.051288888888888884,72.3,95.9
0.05129444444444444,72.3,95.9
0.051300000000000005,72.3,95.9
0.051305555555555556,72.27,95.9
0.05131111111111111,72.27,95.9
0.05131666666666667,72.27,95.9
0.05132222222222222,72.27,95.9
0.05132777777777778,72.27,95.9
0.051333333333333335,72.27,95.9
0.051338888888888885,72.27,95.9
0.05134444444444444,72.27,95.9
0.05135000000000001,72.27,95.9
0.05135555555555556,72.27,95.9
0.051361111111111114,72.27,95.9
0.051366666666666665,72.27,95.9
0.05137222222222222,72.27,95.9
0.05137777777777778,72.27,95.9
0.05138333333333333,72.27,95.9
0.05138888888888889,72.27,95.9
0.051394444444444444,72.27,95.9
0.0514,72.27,95.9
0.05140555555555556,72.27,95.9
0.051411111111111116,72.27,95.9
0.051416666666666666,72.27,95.9
0.05142222222222222,72.27,95.9
0.051427777777777774,72.27,95.9
0.05143333333333333,72.27,95.9
0.05143888888888889,72.27,95.9
0.05144444444444444,72.27,95.9
0.05145,72.27,95.9
0.05145555555555556,72.27,95.9
0.05146111111111111,72.27,95.9
0.05146666666666667,72.27,95.9
0.051472222222222225,72.27,95.9
0.051477777777777775,72.27,95.9
0.05148333333333333,72.27,95.9
0.05148888888888889,72.27,95.9
0.05149444444444444,72.27,95.9
0.051500000000000004,72.27,95.9
0.051505555555555554,72.27,95.9
0.05151111111111111,72.27,95.9
0.05151666666666667,72.27,95.9
0.05152222222222222,72.27,95.9
0.051527777777777777,72.27,95.9
0.051533333333333334,72.27,95.9
0.051538888888888884,72.28,95.9
0.05154444444444445,72.28,95.9
0.051550000000000006,72.28,95.9
0.051555555555555556,72.28,95.9
0.05156111111111111,72.28,95.9
0.05156666666666666,72.28,95.9
0.05157222222222222,72.28,95.9
0.05157777777777778,72.28,95.9
0.05158333333333333,72.28,95.9
0.051588888888888886,72.28,95.9
0.05159444444444445,72.28,95.9
0.0516,72.28,95.9
0.05160555555555556,72.28,95.9
0.051611111111111115,72.28,95.9
0.051616666666666665,72.28,95.9
0.05162222222222222,72.28,95.9
0.05162777777777778,72.28,95.9
0.05163333333333333,72.28,95.9
0.051638888888888894,72.28,95.9
0.051644444444444444,72.28,95.9
0.05165,72.28,95.9
0.05165555555555556,72.28,95.9
0.05166111111111111,72.28,95.9
0.051666666666666666,72.28,95.9
0.051672222222222224,72.28,95.9
0.051677777777777774,72.28,95.9
0.05168333333333333,72.28,95.9
0.051688888888888895,72.28,95.9
0.051694444444444446,72.28,95.9
0.0517,72.28,95.9
0.05170555555555555,72.28,95.9
0.05171111111111111,72.28,95.9
0.05171666666666667,72.28,95.9
0.05172222222222222,72.28,95.9
0.051727777777777775,72.28,95.9
0.05173333333333333,72.28,95.9
0.05173888888888889,72.28,95.9
0.05174444444444445,72.28,95.9
0.051750000000000004,72.28,95.9
0.051755555555555555,72.28,95.9
0.05176111111111111,72.28,95.9
0.05176666666666667,72.28,95.9
0.05177222222222222,72.31,95.9
0.05177777777777778,72.31,95.9
0.05178333333333333,72.31,95.9
0.05178888888888889,72.31,95.9
0.05179444444444445,72.31,95.9
0.0518,72.31,95.9
0.051805555555555556,72.31,95.9
0.05181111111111111,72.31,95.9
0.051816666666666664,72.31,95.9
0.05182222222222222,72.31,95.9
0.05182777777777778,72.31,95.9
0.05183333333333333,72.31,95.9
0.05183888888888889,72.31,95.9
0.05184444444444444,72.31,95.9
0.05185,72.31,95.9
0.05185555555555556,72.31,95.9
0.05186111111111111,72.31,95.9
0.051866666666666665,72.31,95.9
0.05187222222222222,72.31,95.9
0.05187777777777777,72.31,95.9
0.05188333333333334,72.31,95.9
0.051888888888888894,72.31,95.9
0.051894444444444444,72.31,95.9
0.0519,72.31,95.9
0.05190555555555556,72.31,95.9
0.05191111111111111,72.31,95.9
0.051916666666666667,72.31,95.9
0.05192222222222222,72.31,95.9
0.051927777777777774,72.31,95.9
0.05193333333333334,72.31,95.9
0.05193888888888889,72.31,95.9
0.051944444444444446,72.31,95.9
0.05195,72.31,95.9
0.05195555555555555,72.31,95.9
0.05196111111111111,72.31,95.9
0.05196666666666667,72.31,95.9
0.05197222222222222,72.31,95.9
0.05197777777777778,72.31,95.9
0.05198333333333333,72.31,95.9
0.05198888888888889,72.31,95.9
0.05199444444444445,72.31,95.9
0.052,72.31,95.9
0.052005555555555555,72.31,95.9
0.05201111111111111,72.31,95.9
0.05201666666666666,72.31,95.9
0.05202222222222222,72.31,95.9
0.052027777777777784,72.31,95.9
0.052033333333333334,72.31,95.9
0.05203888888888889,72.31,95.9
0.05204444444444445,72.31,95.9
0.05205,72.31,95.9
0.052055555555555556,72.31,95.9
0.05206111111111111,72.31,95.9
0.052066666666666664,72.31,95.9
0.05207222222222222,72.31,95.9
0.05207777777777778,72.31,95.9
0.052083333333333336,72.31,95.9
0.05208888888888889,72.31,95.9
0.05209444444444444,72.31,95.9
0.0521,72.31,95.9
0.05210555555555556,72.31,95.9
0.05211111111111111,72.31,95.9
0.052116666666666665,72.31,95.9
0.052122222222222216,72.31,95.9
0.05212777777777778,72.31,95.9
0.05213333333333334,72.31,95.9
0.05213888888888889,72.31,95.9
0.052144444444444445,72.31,95.9
0.05215,72.31,95.9
0.05215555555555555,72.31,95.9
0.05216111111111111,72.31,95.9
0.05216666666666667,72.31,95.9
0.05217222222222222,72.31,95.9
0.05217777777777778,72.31,95.9
0.05218333333333334,72.31,95.9
0.05218888888888889,72.31,95.9
0.052194444444444446,72.31,95.9
0.052199999999999996,72.31,95.9
0.052205555555555554,72.31,95.9
0.05221111111111111,72.31,95.9
0.05221666666666666,72.31,95.9
0.052222222222222225,72.31,95.9
0.05222777777777778,72.31,95.9
0.05223333333333333,72.31,95.9
0.05223888888888889,72.28,95.9
0.05224444444444445,72.28,95.9
0.05225,72.28,95.9
0.052255555555555555,72.28,95.9
0.052261111111111105,72.28,95.9
0.05226666666666666,72.28,95.9
0.05227222222222223,72.28,95.9
0.05227777777777778,72.28,95.9
0.052283333333333334,72.28,95.9
0.05228888888888889,72.28,95.9
0.05229444444444444,72.28,95.9
0.0523,72.28,95.9
0.052305555555555557,72.28,95.9
0.05231111111111111,72.28,95.9
0.05231666666666667,72.28,95.9
0.05232222222222223,72.28,95.9
0.05232777777777778,72.28,95.9
0.052333333333333336,72.28,95.9
0.052338888888888886,72.28,95.9
0.05234444444444444,72.28,95.9
0.05235,72.28,95.9
0.05235555555555555,72.28,95.9
0.05236111111111111,72.28,95.9
0.05236666666666667,72.28,95.9
0.05237222222222222,72.28,95.9
0.05237777777777778,72.28,95.9
0.05238333333333334,72.28,95.9
0.05238888888888889,72.28,95.9
0.052394444444444445,72.28,95.9
0.052399999999999995,72.28,95.9
0.05240555555555555,72.28,95.9
0.05241111111111111,72.28,95.9
0.05241666666666667,72.28,95.9
0.052422222222222224,72.28,95.9
0.05242777777777778,72.28,95.9
0.05243333333333333,72.28,95.9
0.05243888888888889,72.28,95.9
0.052444444444444446,72.28,95.9
0.05245,72.28,95.9
0.052455555555555554,72.28,95.9
0.05246111111111112,72.28,95.9
0.05246666666666667,72.28,95.9
0.052472222222222226,72.27,95.9
0.052477777777777776,72.27,95.9
0.05248333333333333,72.27,95.9
0.05248888888888889,72.27,95.9
0.05249444444444444,72.27,95.9
0.0525,72.27,95.9
0.052505555555555555,72.27,95.9
0.052511111111111106,72.27,95.9
0.05251666666666667,72.27,95.9
0.05252222222222223,72.27,95.9
0.05252777777777778,72.27,95.9
0.052533333333333335,72.27,95.9
0.052538888888888885,72.27,95.9
0.05254444444444444,72.27,95.9
0.05255,72.27,95.9
0.05255555555555555,72.27,95.9
0.052561111111111114,72.27,95.9
0.05256666666666667,72.27,95.9
0.05257222222222222,72.27,95.9
0.05257777777777778,72.27,95.9
0.052583333333333336,72.27,95.9
0.052588888888888886,72.27,95.9
0.052594444444444444,72.27,95.9
0.0526,72.27,95.9
0.05260555555555555,72.27,95.9
0.052611111111111115,72.27,95.9
0.052616666666666666,72.27,95.9
0.05262222222222222,72.27,95.9
0.05262777777777778,72.27,95.9
0.05263333333333333,72.27,95.9
0.05263888888888889,72.27,95.9
0.052644444444444445,72.27,95.9
0.052649999999999995,72.27,95.9
0.05265555555555556,72.27,95.9
0.05266111111111112,72.27,95.9
0.05266666666666667,72.27,95.9
0.052672222222222224,72.27,95.9
0.052677777777777775,72.27,95.9
0.05268333333333333,72.27,95.9
0.05268888888888889,72.27,95.9
0.05269444444444444,72.27,95.9
0.0527,72.27,95.9
0.05270555555555556,72.29,95.9
0.05271111111111111,72.29,95.9
0.05271666666666667,72.29,95.9
0.052722222222222226,72.29,95.9
0.052727777777777776,72.29,95.9
0.05273333333333333,72.29,95.9
0.05273888888888889,72.29,95.9
0.05274444444444444,72.29,95.9
0.05275,72.29,95.9
0.052755555555555556,72.29,95.9
0.05276111111111111,72.29,95.9
0.05276666666666667,72.29,95.9
0.05277222222222222,72.29,95.9
0.05277777777777778,72.29,95.9
0.052783333333333335,72.29,95.9
0.052788888888888885,72.29,95.9
0.05279444444444444,72.29,95.9
0.05280000000000001,72.29,95.9
0.05280555555555556,72.29,95.9
0.052811111111111114,72.29,95.9
0.052816666666666665,72.29,95.9
0.05282222222222222,72.29,95.9
0.05282777777777778,72.29,95.9
0.05283333333333333,72.29,95.9
0.05283888888888889,72.29,95.9
0.052844444444444444,72.29,95.9
0.052849999999999994,72.29,95.9
0.05285555555555556,72.29,95.9
0.052861111111111116,72.29,95.9
0.052866666666666666,72.29,95.9
0.05287222222222222,72.29,95.9
0.05287777777777778,72.29,95.9
0.05288333333333333,72.29,95.9
0.05288888888888889,72.29,95.9
0.05289444444444444,72.29,95.9
0.0529,72.29,95.9
0.05290555555555556,72.29,95.9
0.05291111111111111,72.29,95.9
0.05291666666666667,72.29,95.9
0.052922222222222225,72.29,95.9
0.052927777777777775,72.29,95.9
0.05293333333333333,72.29,95.9
0.05293888888888889,72.32,95.9
0.05294444444444444,72.32,95.9
0.052950000000000004,72.32,95.9
0.052955555555555554,72.32,95.9
0.05296111111111111,72.32,95.9
0.05296666666666667,72.32,95.9
0.05297222222222222,72.32,95.9
0.052977777777777776,72.32,95.9
0.052983333333333334,72.32,95.9
0.052988888888888884,72.32,95.9
0.05299444444444445,72.32,95.9
0.053000000000000005,72.32,95.9
0.053005555555555556,72.32,95.9
0.05301111111111111,72.32,95.9
0.05301666666666667,72.32,95.9
0.05302222222222222,72.32,95.9
0.05302777777777778,72.32,95.9
0.05303333333333333,72.32,95.9
0.053038888888888885,72.32,95.9
0.05304444444444445,72.32,95.9
0.05305,72.32,95.9
0.05305555555555556,72.32,95.9
0.053061111111111114,72.32,95.9
0.053066666666666665,72.32,95.9
0.05307222222222222,72.32,95.9
0.05307777777777778,72.32,95.9
0.05308333333333333,72.32,95.9
0.05308888888888889,72.32,95.9
0.053094444444444444,72.32,95.9
0.0531,72.32,95.9
0.05310555555555556,72.32,95.9
0.05311111111111111,72.32,95.9
0.053116666666666666,72.32,95.9
0.05312222222222222,72.32,95.9
0.053127777777777774,72.32,95.9
0.05313333333333333,72.32,95.9
0.053138888888888895,72.32,95.9
0.053144444444444446,72.32,95.9
0.05315,72.32,95.9
0.05315555555555556,72.32,95.9
0.05316111111111111,72.32,95.9
0.05316666666666667,72.32,95.9
0.05317222222222222,72.29,95.9
0.053177777777777775,72.29,95.9
0.05318333333333333,72.29,95.9
0.05318888888888888,72.29,95.9
0.05319444444444445,72.29,95.9
0.053200000000000004,72.29,95.9
0.053205555555555555,72.29,95.9
0.05321111111111111,72.29,95.9
0.05321666666666667,72.29,95.9
0.05322222222222222,72.29,95.9
0.05322777777777778,72.29,95.9
0.05323333333333333,72.29,95.9
0.05323888888888889,72.29,95.9
0.05324444444444445,72.29,95.9
0.05325,72.29,95.9
0.053255555555555556,72.29,95.9
0.05326111111111111,72.29,95.9
0.053266666666666664,72.29,95.9
0.05327222222222222,72.29,95.9
0.05327777777777778,72.29,95.9
0.05328333333333333,72.29,95.9
0.05328888888888889,72.29,95.9
0.05329444444444445,72.29,95.9
0.0533,72.29,95.9
0.05330555555555556,72.29,95.9
0.05331111111111111,72.29,95.9
0.053316666666666665,72.29,95.9
0.05332222222222222,72.29,95.9
0.05332777777777777,72.29,95.9
0.05333333333333334,72.29,95.9
0.053338888888888894,72.29,95.9
0.053344444444444444,72.29,95.9
0.05335,72.29,95.9
0.05335555555555556,72.29,95.9
0.05336111111111111,72.29,95.9
0.053366666666666666,72.29,95.9
0.05337222222222222,72.29,95.9
0.053377777777777774,72.29,95.9
0.05338333333333334,72.29,95.9
0.05338888888888889,72.29,95.9
0.053394444444444446,72.29,95.9
0.0534,72.29,95.9
0.05340555555555555,72.27,95.9
0.05341111111111111,72.27,95.9
0.05341666666666667,72.27,95.9
0.05342222222222222,72.27,95.9
0.053427777777777775,72.27,95.9
0.05343333333333334,72.27,95.9
0.05343888888888889,72.27,95.9
0.05344444444444445,72.27,95.9
0.05345,72.27,95.9
0.053455555555555555,72.27,95.9
0.05346111111111111,72.27,95.9
0.05346666666666666,72.27,95.9
0.05347222222222222,72.27,95.9
0.053477777777777784,72.27,95.9
0.053483333333333334,72.27,95.9
0.05348888888888889,72.27,95.9
0.05349444444444445,72.27,95.9
0.0535,72.27,95.9
0.053505555555555556,72.27,95.9
0.053511111111111107,72.27,95.9
0.053516666666666664,72.27,95.9
0.05352222222222222,72.27,95.9
0.05352777777777777,72.27,95.9
0.053533333333333336,72.27,95.9
0.05353888888888889,72.27,95.9
0.05354444444444444,72.27,95.9
0.05355,72.27,95.9
0.05355555555555556,72.27,95.9
0.05356111111111111,72.27,95.9
0.053566666666666665,72.27,95.9
0.05357222222222223,72.27,95.9
0.05357777777777778,72.27,95.9
0.05358333333333334,72.27,95.9
0.05358888888888889,72.27,95.9
0.053594444444444445,72.27,95.9
0.0536,72.27,95.9
0.05360555555555555,72.27,95.9
0.05361111111111111,72.27,95.9
0.05361666666666667,72.27,95.9
0.05362222222222222,72.27,95.9
0.05362777777777778,72.27,95.9
0.05363333333333334,72.27,95.9
0.05363888888888889,72.28,95.9
0.053644444444444446,72.28,95.9
0.053649999999999996,72.28,95.9
0.053655555555555554,72.28,95.9
0.05366111111111111,72.28,95.9
0.05366666666666666,72.28,95.9
0.053672222222222225,72.28,95.9
0.05367777777777778,72.28,95.9
0.05368333333333333,72.28,95.9
0.05368888888888889,72.28,95.9
0.05369444444444445,72.28,95.9
0.0537,72.28,95.9
0.053705555555555555,72.28,95.9
0.05371111111111111,72.28,95.9
0.05371666666666666,72.28,95.9
0.05372222222222223,72.28,95.9
0.05372777777777778,72.28,95.9
0.053733333333333334,72.28,95.9
0.05373888888888889,72.28,95.9
0.05374444444444444,72.28,95.9
0.05375,72.28,95.9
0.053755555555555556,72.28,95.9
0.05376111111111111,72.28,95.9
0.053766666666666664,72.28,95.9
0.05377222222222223,72.28,95.9
0.05377777777777778,72.28,95.9
0.053783333333333336,72.28,95.9
0.053788888888888886,72.28,95.9
0.05379444444444444,72.28,95.9
0.0538,72.28,95.9
0.05380555555555555,72.28,95.9
0.05381111111111111,72.28,95.9
0.05381666666666667,72.28,95.9
0.05382222222222222,72.28,95.9
0.05382777777777778,72.28,95.9
0.05383333333333334,72.28,95.9
0.05383888888888889,72.28,95.9
0.053844444444444445,72.28,95.9
0.05385,72.28,95.9
0.05385555555555555,72.28,95.9
0.05386111111111111,72.28,95.9
0.05386666666666666,72.28,95.9
0.053872222222222224,72.31,95.9
0.05387777777777778,72.31,95.9
0.05388333333333333,72.31,95.9
0.05388888888888889,72.31,95.9
0.053894444444444446,72.31,95.9
0.053899999999999997,72.31,95.9
0.053905555555555554,72.31,95.9
0.05391111111111112,72.31,95.9
0.05391666666666667,72.31,95.9
0.053922222222222226,72.31,95.9
0.053927777777777776,72.31,95.9
0.05393333333333333,72.31,95.9
0.05393888888888889,72.31,95.9
0.05394444444444444,72.31,95.9
0.05395,72.31,95.9
0.053955555555555555,72.31,95.9
0.053961111111111106,72.31,95.9
0.05396666666666667,72.31,95.9
0.05397222222222223,72.31,95.9
0.05397777777777778,72.31,95.9
0.053983333333333335,72.31,95.9
0.05398888888888889,72.31,95.9
0.05399444444444444,72.31,95.9
0.054,72.31,95.9
0.05400555555555555,72.31,95.9
0.054011111111111114,72.31,95.9
0.05401666666666667,72.31,95.9
0.05402222222222222,72.31,95.9
0.05402777777777778,72.31,95.9
0.054033333333333336,72.31,95.9
0.054038888888888886,72.31,95.9
0.054044444444444444,72.31,95.9
0.05405,72.31,95.9
0.05405555555555555,72.31,95.9
0.054061111111111115,72.31,95.9
0.054066666666666666,72.31,95.9
0.05407222222222222,72.31,95.9
0.05407777777777778,72.31,95.9
0.05408333333333333,72.31,95.9
0.05408888888888889,72.31,95.9
0.054094444444444445,72.31,95.9
0.054099999999999995,72.31,95.9
0.05410555555555555,72.3,95.9
0.05411111111111112,72.3,95.9
0.05411666666666667,72.3,95.9
0.054122222222222224,72.3,95.9
0.05412777777777778,72.3,95.9
0.05413333333333333,72.3,95.9
0.05413888888888889,72.3,95.9
0.05414444444444444,72.3,95.9
0.05415,72.3,95.9
0.05415555555555556,72.3,95.9
0.05416111111111111,72.3,95.9
0.05416666666666667,72.3,95.9
0.054172222222222226,72.3,95.9
0.054177777777777776,72.3,95.9
0.05418333333333333,72.3,95.9
0.05418888888888889,72.3,95.9
0.05419444444444444,72.3,95.9
0.0542,72.3,95.9
0.05420555555555555,72.3,95.9
0.05421111111111111,72.3,95.9
0.05421666666666667,72.3,95.9
0.05422222222222222,72.3,95.9
0.05422777777777778,72.3,95.9
0.054233333333333335,72.3,95.9
0.054238888888888885,72.3,95.9
0.05424444444444444,72.3,95.9
0.05425000000000001,72.3,95.9
0.05425555555555556,72.3,95.9
0.054261111111111114,72.3,95.9
0.05426666666666667,72.3,95.9
0.05427222222222222,72.3,95.9
0.05427777777777778,72.3,95.9
0.05428333333333333,72.3,95.9
0.054288888888888887,72.3,95.9
0.054294444444444444,72.3,95.9
0.054299999999999994,72.3,95.9
0.05430555555555556,72.3,95.9
0.054311111111111116,72.3,95.9
0.054316666666666666,72.3,95.9
0.05432222222222222,72.3,95.9
0.05432777777777778,72.3,95.9
0.05433333333333333,72.3,95.9
0.05433888888888889,72.28,95.9
0.05434444444444444,72.28,95.9
0.05435,72.28,95.9
0.05435555555555556,72.28,95.9
0.05436111111111111,72.28,95.9
0.05436666666666667,72.28,95.9
0.054372222222222225,72.28,95.9
0.054377777777777775,72.28,95.9
0.05438333333333333,72.28,95.9
0.05438888888888889,72.28,95.9
0.05439444444444444,72.28,95.9
0.054400000000000004,72.28,95.9
0.05440555555555556,72.28,95.9
0.05441111111111111,72.28,95.9
0.05441666666666667,72.28,95.9
0.05442222222222222,72.28,95.9
0.054427777777777776,72.28,95.9
0.054433333333333334,72.28,95.9
0.054438888888888884,72.28,95.9
0.05444444444444444,72.28,95.9
0.054450000000000005,72.28,95.9
0.054455555555555556,72.28,95.9
0.05446111111111111,72.28,95.9
0.05446666666666667,72.28,95.9
0.05447222222222222,72.28,95.9
0.05447777777777778,72.28,95.9
0.05448333333333333,72.28,95.9
0.054488888888888885,72.28,95.9
0.05449444444444445,72.28,95.9
0.0545,72.28,95.9
0.05450555555555556,72.28,95.9
0.054511111111111114,72.28,95.9
0.054516666666666665,72.28,95.9
0.05452222222222222,72.28,95.9
0.05452777777777778,72.28,95.9
0.05453333333333333,72.28,95.9
0.05453888888888889,72.28,95.9
0.05454444444444445,72.28,95.9
0.05455,72.28,95.9
0.05455555555555556,72.28,95.9
0.05456111111111111,72.28,95.9
0.054566666666666666,72.28,95.9
0.05457222222222222,72.27,95.9
0.054577777777777774,72.27,95.9
0.05458333333333333,72.27,95.9
0.054588888888888895,72.27,95.9
0.054594444444444445,72.27,95.9
0.0546,72.27,95.9
0.05460555555555556,72.27,95.9
0.05461111111111111,72.27,95.9
0.05461666666666667,72.27,95.9
0.05462222222222222,72.27,95.9
0.054627777777777775,72.27,95.9
0.05463333333333333,72.27,95.9
0.05463888888888888,72.27,95.9
0.05464444444444445,72.27,95.9
0.054650000000000004,72.27,95.9
0.054655555555555554,72.27,95.9
0.05466111111111111,72.27,95.9
0.05466666666666667,72.27,95.9
0.05467222222222222,72.27,95.9
0.05467777777777778,72.27,95.9
0.054683333333333334,72.27,95.9
0.05468888888888889,72.27,95.9
0.05469444444444445,72.27,95.9
0.0547,72.27,95.9
0.054705555555555556,72.27,95.9
0.05471111111111111,72.27,95.9
0.05471666666666666,72.27,95.9
0.05472222222222222,72.27,95.9
0.05472777777777778,72.27,95.9
0.05473333333333333,72.27,95.9
0.05473888888888889,72.27,95.9
0.05474444444444445,72.27,95.9
0.05475,72.27,95.9
0.05475555555555556,72.27,95.9
0.05476111111111111,72.27,95.9
0.054766666666666665,72.27,95.9
0.05477222222222222,72.27,95.9
0.05477777777777777,72.27,95.9
0.05478333333333333,72.27,95.9
0.054788888888888894,72.27,95.9
0.054794444444444444,72.27,95.9
0.0548,72.27,95.9
0.05480555555555556,72.29,95.9
0.05481111111111111,72.29,95.9
0.054816666666666666,72.29,95.9
0.054822222222222224,72.29,95.9
0.054827777777777774,72.29,95.9
0.05483333333333334,72.29,95.9
0.05483888888888889,72.29,95.9
0.054844444444444446,72.29,95.9
0.05485,72.29,95.9
0.05485555555555555,72.29,95.9
0.05486111111111111,72.29,95.9
0.05486666666666667,72.29,95.9
0.05487222222222222,72.29,95.9
0.054877777777777775,72.29,95.9
0.05488333333333334,72.29,95.9
0.05488888888888889,72.29,95.9
0.05489444444444445,72.29,95.9
0.0549,72.29,95.9
0.054905555555555555,72.29,95.9
0.05491111111111111,72.29,95.9
0.05491666666666666,72.29,95.9
0.05492222222222222,72.29,95.9
0.054927777777777784,72.29,95.9
0.054933333333333334,72.29,95.9
0.05493888888888889,72.29,95.9
0.05494444444444445,72.29,95.9
0.05495,72.29,95.9
0.054955555555555556,72.29,95.9
0.05496111111111111,72.29,95.9
0.054966666666666664,72.29,95.9
0.05497222222222222,72.29,95.9
0.05497777777777777,72.29,95.9
0.054983333333333335,72.29,95.9
0.05498888888888889,72.29,95.9
0.05499444444444444,72.29,95.9
0.055,72.29,95.9
0.05500555555555556,72.29,95.9
0.05501111111111111,72.29,95.9
0.055016666666666665,72.29,95.9
0.05502222222222222,72.29,95.9
0.05502777777777778,72.29,95.9
0.05503333333333334,72.29,95.9
0.05503888888888889,72.31,95.9
0.055044444444444444,72.31,95.9
0.05505,72.31,95.9
0.05505555555555555,72.31,95.9
0.05506111111111111,72.31,95.9
0.05506666666666667,72.31,95.9
0.05507222222222222,72.31,95.9
0.05507777777777778,72.31,95.9
0.05508333333333334,72.31,95.9
0.05508888888888889,72.31,95.9
0.055094444444444446,72.31,95.9
0.0551,72.31,95.9
0.05510555555555555,72.31,95.9
0.05511111111111111,72.31,95.9
0.05511666666666666,72.31,95.9
0.05512222222222222,72.31,95.9
0.05512777777777778,72.31,95.9
0.05513333333333333,72.31,95.9
0.05513888888888889,72.31,95.9
0.05514444444444445,72.31,95.9
0.05515,72.31,95.9
0.055155555555555555,72.31,95.9
0.05516111111111111,72.31,95.9
0.05516666666666666,72.31,95.9
0.05517222222222223,72.31,95.9
0.05517777777777778,72.31,95.9
0.055183333333333334,72.31,95.9
0.05518888888888889,72.31,95.9
0.05519444444444444,72.31,95.9
0.0552,72.31,95.9
0.055205555555555556,72.31,95.9
0.05521111111111111,72.31,95.9
0.055216666666666664,72.31,95.9
0.05522222222222223,72.31,95.9
0.05522777777777778,72.31,95.9
0.055233333333333336,72.31,95.9
0.05523888888888889,72.31,95.9
0.05524444444444444,72.31,95.9
0.05525,72.31,95.9
0.05525555555555555,72.31,95.9
0.05526111111111111,72.31,95.9
0.05526666666666667,72.31,95.9
0.05527222222222222,72.28,95.9
0.05527777777777778,72.28,95.9
0.05528333333333334,72.28,95.9
0.05528888888888889,72.28,95.9
0.055294444444444445,72.28,95.9
0.0553,72.28,95.9
0.05530555555555555,72.28,95.9
0.05531111111111111,72.28,95.9
0.05531666666666666,72.28,95.9
0.055322222222222224,72.28,95.9
0.05532777777777778,72.28,95.9
0.05533333333333333,72.28,95.9
0.05533888888888889,72.28,95.9
0.055344444444444446,72.28,95.9
0.055349999999999996,72.28,95.9
0.055355555555555554,72.28,95.9
0.05536111111111111,72.28,95.9
0.05536666666666667,72.28,95.9
0.055372222222222225,72.28,95.9
0.05537777777777778,72.28,95.9
0.05538333333333333,72.28,95.9
0.05538888888888889,72.28,95.9
0.05539444444444444,72.28,95.9
0.0554,72.28,95.9
0.055405555555555555,72.28,95.9
0.055411111111111105,72.28,95.9
0.05541666666666667,72.28,95.9
0.05542222222222223,72.28,95.9
0.05542777777777778,72.28,95.9
0.055433333333333334,72.28,95.9
0.05543888888888889,72.28,95.9
0.05544444444444444,72.28,95.9
0.05545,72.28,95.9
0.05545555555555555,72.28,95.9
0.05546111111111111,72.28,95.9
0.05546666666666667,72.28,95.9
0.05547222222222222,72.28,95.9
0.05547777777777778,72.28,95.9
0.055483333333333336,72.28,95.9
0.055488888888888886,72.28,95.9
0.05549444444444444,72.28,95.9
0.0555,72.28,95.9
0.05550555555555555,72.26,95.9
0.055511111111111115,72.26,95.9
0.05551666666666667,72.26,95.9
0.05552222222222222,72.26,95.9
0.05552777777777778,72.26,95.9
0.05553333333333333,72.26,95.9
0.05553888888888889,72.26,95.9
0.055544444444444445,72.26,95.9
0.055549999999999995,72.26,95.9
0.05555555555555555,72.26,95.9
0.05556111111111112,72.26,95.9
0.05556666666666667,72.26,95.9
0.055572222222222224,72.26,95.9
0.05557777777777778,72.26,95.9
0.05558333333333333,72.26,95.9
0.05558888888888889,72.26,95.9
0.05559444444444444,72.26,95.9
0.0556,72.26,95.9
0.05560555555555556,72.26,95.9
0.05561111111111111,72.26,95.9
0.05561666666666667,72.26,95.9
0.055622222222222226,72.26,95.9
0.055627777777777776,72.26,95.9
0.05563333333333333,72.26,95.9
0.05563888888888889,72.26,95.9
0.05564444444444444,72.26,95.9
0.05565,72.26,95.9
0.05565555555555556,72.26,95.9
0.05566111111111111,72.26,95.9
0.05566666666666667,72.26,95.9
0.05567222222222222,72.26,95.9
0.05567777777777778,72.26,95.9
0.055683333333333335,72.26,95.9
0.055688888888888885,72.26,95.9
0.05569444444444444,72.26,95.9
0.0557,72.26,95.9
0.05570555555555556,72.26,95.9
0.055711111111111114,72.26,95.9
0.05571666666666667,72.26,95.9
0.05572222222222222,72.26,95.9
0.05572777777777778,72.26,95.9
0.05573333333333333,72.26,95.9
0.055738888888888886,72.27,95.9
0.055744444444444444,72.27,95.9
0.055749999999999994,72.27,95.9
0.05575555555555556,72.27,95.9
0.055761111111111115,72.27,95.9
0.055766666666666666,72.27,95.9
0.05577222222222222,72.27,95.9
0.05577777777777778,72.27,95.9
0.05578333333333333,72.27,95.9
0.05578888888888889,72.27,95.9
0.055794444444444445,72.27,95.9
0.055799999999999995,72.27,95.9
0.05580555555555556,72.27,95.9
0.05581111111111111,72.27,95.9
0.05581666666666667,72.27,95.9
0.055822222222222224,72.27,95.9
0.055827777777777775,72.27,95.9
0.05583333333333333,72.27,95.9
0.05583888888888889,72.27,95.9
0.05584444444444444,72.27,95.9
0.055850000000000004,72.27,95.9
0.05585555555555556,72.27,95.9
0.05586111111111111,72.27,95.9
0.05586666666666667,72.27,95.9
0.05587222222222222,72.27,95.9
0.055877777777777776,72.27,95.9
0.055883333333333333,72.27,95.9
0.055888888888888884,72.27,95.9
0.05589444444444444,72.27,95.9
0.055900000000000005,72.27,95.9
0.055905555555555556,72.27,95.9
0.05591111111111111,72.27,95.9
0.05591666666666667,72.27,95.9
0.05592222222222222,72.27,95.9
0.05592777777777778,72.27,95.9
0.055933333333333335,72.27,95.9
0.055938888888888885,72.27,95.9
0.05594444444444445,72.27,95.9
0.05595,72.27,95.9
0.05595555555555556,72.27,95.9
0.055961111111111114,72.27,95.9
0.055966666666666665,72.27,95.9
0.05597222222222222,72.3,95.9
0.05597777777777778,72.3,95.9
0.05598333333333333,72.3,95.9
0.05598888888888889,72.3,95.9
0.05599444444444445,72.3,95.9
0.056,72.3,95.9
0.05600555555555556,72.3,95.9
0.05601111111111111,72.3,95.9
0.056016666666666666,72.3,95.9
0.05602222222222222,72.3,95.9
0.056027777777777774,72.3,95.9
0.05603333333333333,72.3,95.9
0.05603888888888889,72.3,95.9
0.056044444444444445,72.3,95.9
0.05605,72.3,95.9
0.05605555555555556,72.3,95.9
0.05606111111111111,72.3,95.9
0.05606666666666667,72.3,95.9
0.056072222222222225,72.3,95.9
0.056077777777777775,72.3,95.9
0.05608333333333333,72.3,95.9
0.05608888888888888,72.3,95.9
0.05609444444444445,72.3,95.9
0.056100000000000004,72.3,95.9
0.056105555555555554,72.3,95.9
0.05611111111111111,72.3,95.9
0.05611666666666667,72.3,95.9
0.05612222222222222,72.3,95.9
0.056127777777777776,72.3,95.9
0.056133333333333334,72.3,95.9
0.056138888888888884,72.3,95.9
0.05614444444444445,72.3,95.9
0.05615,72.3,95.9
0.056155555555555556,72.3,95.9
0.05616111111111111,72.3,95.9
0.05616666666666666,72.3,95.9
0.05617222222222222,72.3,95.9
0.05617777777777778,72.3,95.9
0.05618333333333333,72.3,95.9
0.05618888888888889,72.3,95.9
0.05619444444444445,72.3,95.9
0.0562,72.3,95.9
0.05620555555555556,72.29,95.9
0.056211111111111114,72.29,95.9
0.056216666666666665,72.29,95.9
0.05622222222222222,72.29,95.9
0.05622777777777777,72.29,95.9
0.05623333333333333,72.29,95.9
0.056238888888888894,72.29,95.9
0.056244444444444444,72.29,95.9
0.05625,72.29,95.9
0.05625555555555556,72.29,95.9
0.05626111111111111,72.29,95.9
0.056266666666666666,72.29,95.9
0.056272222222222223,72.29,95.9
0.056277777777777774,72.29,95.9
0.05628333333333334,72.29,95.9
0.05628888888888889,72.29,95.9
0.056294444444444446,72.29,95.9
0.0563,72.29,95.9
0.05630555555555555,72.29,95.9
0.05631111111111111,72.29,95.9
0.05631666666666667,72.29,95.9
0.05632222222222222,72.29,95.9
0.056327777777777775,72.29,95.9
0.05633333333333334,72.29,95.9
0.05633888888888889,72.29,95.9
0.05634444444444445,72.29,95.9
0.056350000000000004,72.29,95.9
0.056355555555555555,72.29,95.9
0.05636111111111111,72.29,95.9
0.05636666666666666,72.29,95.9
0.05637222222222222,72.29,95.9
0.05637777777777778,72.29,95.9
0.056383333333333334,72.29,95.9
0.05638888888888889,72.29,95.9
0.05639444444444445,72.29,95.9
0.0564,72.29,95.9
0.056405555555555556,72.29,95.9
0.05641111111111111,72.29,95.9
0.056416666666666664,72.29,95.9
0.05642222222222222,72.29,95.9
0.05642777777777777,72.29,95.9
0.056433333333333335,72.29,95.9
0.05643888888888889,72.26,95.9
0.05644444444444444,72.26,95.9
0.05645,72.26,95.9
0.05645555555555556,72.26,95.9
0.05646111111111111,72.26,95.9
0.056466666666666665,72.26,95.9
0.05647222222222222,72.26,95.9
0.05647777777777777,72.26,95.9
0.05648333333333334,72.26,95.9
0.056488888888888894,72.26,95.9
0.056494444444444444,72.26,95.9
0.0565,72.26,95.9
0.05650555555555555,72.26,95.9
0.05651111111111111,72.26,95.9
0.056516666666666666,72.26,95.9
0.05652222222222222,72.26,95.9
0.05652777777777778,72.26,95.9
0.05653333333333334,72.26,95.9
0.05653888888888889,72.26,95.9
0.056544444444444446,72.26,95.9
0.05655,72.26,95.9
0.05655555555555555,72.26,95.9
0.05656111111111111,72.26,95.9
0.05656666666666666,72.26,95.9
0.05657222222222222,72.26,95.9
0.05657777777777778,72.26,95.9
0.05658333333333333,72.26,95.9
0.05658888888888889,72.26,95.9
0.05659444444444445,72.26,95.9
0.0566,72.26,95.9
0.056605555555555555,72.26,95.9
0.05661111111111111,72.26,95.9
0.05661666666666666,72.26,95.9
0.05662222222222223,72.26,95.9
0.056627777777777784,72.26,95.9
0.056633333333333334,72.26,95.9
0.05663888888888889,72.26,95.9
0.05664444444444444,72.26,95.9
0.05665,72.26,95.9
0.056655555555555556,72.26,95.9
0.05666111111111111,72.26,95.9
0.056666666666666664,72.26,95.9
0.05667222222222223,72.26,95.9
0.05667777777777778,72.26,95.9
0.056683333333333336,72.26,95.9
0.05668888888888889,72.26,95.9
0.05669444444444444,72.26,95.9
0.0567,72.26,95.9
0.05670555555555555,72.26,95.9
0.05671111111111111,72.26,95.9
0.056716666666666665,72.26,95.9
0.05672222222222222,72.26,95.9
0.05672777777777778,72.26,95.9
0.05673333333333334,72.26,95.9
0.05673888888888889,72.26,95.9
0.056744444444444445,72.26,95.9
0.05675,72.26,95.9
0.05675555555555555,72.26,95.9
0.05676111111111111,72.26,95.9
0.056766666666666674,72.26,95.9
0.056772222222222224,72.26,95.9
0.05677777777777778,72.26,95.9
0.05678333333333333,72.26,95.9
0.05678888888888889,72.26,95.9
0.056794444444444446,72.26,95.9
0.056799999999999996,72.26,95.9
0.056805555555555554,72.26,95.9
0.05681111111111111,72.26,95.9
0.05681666666666666,72.26,95.9
0.056822222222222225,72.26,95.9
0.05682777777777778,72.26,95.9
0.05683333333333333,72.26,95.9
0.05683888888888889,72.26,95.9
0.05684444444444444,72.26,95.9
0.05685,72.26,95.9
0.056855555555555555,72.26,95.9
0.056861111111111105,72.26,95.9
0.05686666666666667,72.26,95.9
0.05687222222222223,72.26,95.9
0.05687777777777778,72.26,95.9
0.056883333333333334,72.26,95.9
0.05688888888888889,72.26,95.9
0.05689444444444444,72.26,95.9
0.0569,72.26,95.9
0.056905555555555556,72.28,96.0
0.05691111111111111,72.28,96.0
0.05691666666666667,72.28,96.0
0.05692222222222222,72.28,96.0
0.05692777777777778,72.28,96.0
0.056933333333333336,72.28,96.0
0.056938888888888886,72.28,96.0
0.05694444444444444,72.28,96.0
0.05695,72.28,96.0
0.05695555555555555,72.28,96.0
0.056961111111111115,72.28,96.0
0.05696666666666667,72.28,96.0
0.05697222222222222,72.28,96.0
0.05697777777777778,72.28,96.0
0.05698333333333333,72.28,96.0
0.05698888888888889,72.28,96.0
0.056994444444444445,72.28,96.0
0.056999999999999995,72.28,96.0
0.05700555555555555,72.28,96.0
0.05701111111111112,72.28,96.0
0.05701666666666667,72.28,96.0
0.057022222222222224,72.28,96.0
0.05702777777777778,72.28,96.0
0.05703333333333333,72.28,96.0
0.05703888888888889,72.28,96.0
0.057044444444444446,72.28,96.0
0.05705,72.28,96.0
0.057055555555555554,72.28,96.0
0.05706111111111111,72.28,96.0
0.05706666666666667,72.28,96.0
0.057072222222222226,72.28,96.0
0.057077777777777776,72.28,96.0
0.05708333333333333,72.28,96.0
0.05708888888888889,72.28,96.0
0.05709444444444444,72.28,96.0
0.0571,72.28,96.0
0.05710555555555556,72.28,96.0
0.05711111111111111,72.28,96.0
0.05711666666666667,72.28,96.0
0.05712222222222222,72.28,96.0
0.05712777777777778,72.28,96.0
0.057133333333333335,72.28,96.0
0.057138888888888885,72.3,96.0
0.05714444444444444,72.3,96.0
0.05715,72.3,96.0
0.05715555555555555,72.3,96.0
0.057161111111111114,72.3,96.0
0.05716666666666667,72.3,96.0
0.05717222222222222,72.3,96.0
0.05717777777777778,72.3,96.0
0.057183333333333336,72.3,96.0
0.057188888888888886,72.3,96.0
0.057194444444444444,72.3,96.0
0.057199999999999994,72.3,96.0
0.05720555555555556,72.3,96.0
0.057211111111111115,72.3,96.0
0.057216666666666666,72.3,96.0
0.05722222222222222,72.3,96.0
0.05722777777777778,72.3,96.0
0.05723333333333333,72.3,96.0
0.05723888888888889,72.3,96.0
0.057244444444444445,72.3,96.0
0.057249999999999995,72.3,96.0
0.05725555555555556,72.3,96.0
0.05726111111111111,72.3,96.0
0.05726666666666667,72.3,96.0
0.057272222222222224,72.3,96.0
0.057277777777777775,72.3,96.0
0.05728333333333333,72.3,96.0
0.05728888888888889,72.3,96.0
0.05729444444444444,72.3,96.0
0.057300000000000004,72.3,96.0
0.05730555555555556,72.3,96.0
0.05731111111111111,72.3,96.0
0.05731666666666667,72.3,96.0
0.057322222222222226,72.3,96.0
0.057327777777777776,72.3,96.0
0.05733333333333333,72.3,96.0
0.057338888888888884,72.3,96.0
0.05734444444444444,72.3,96.0
0.057350000000000005,72.3,96.0
0.057355555555555555,72.3,96.0
0.05736111111111111,72.3,96.0
0.05736666666666667,72.3,96.0
0.05737222222222222,72.27,96.0
0.05737777777777778,72.27,96.0
0.057383333333333335,72.27,96.0
0.057388888888888885,72.27,96.0
0.05739444444444444,72.27,96.0
0.0574,72.27,96.0
0.05740555555555556,72.27,96.0
0.057411111111111114,72.27,96.0
0.057416666666666664,72.27,96.0
0.05742222222222222,72.27,96.0
0.05742777777777778,72.27,96.0
0.05743333333333333,72.27,96.0
0.05743888888888889,72.27,96.0
0.05744444444444445,72.27,96.0
0.05745,72.27,96.0
0.05745555555555556,72.27,96.0
0.057461111111111116,72.27,96.0
0.057466666666666666,72.27,96.0
0.05747222222222222,72.27,96.0
0.057477777777777773,72.27,96.0
0.05748333333333333,72.27,96.0
0.05748888888888889,72.27,96.0
0.05749444444444444,72.27,96.0
0.0575,72.27,96.0
0.05750555555555556,72.27,96.0
0.05751111111111111,72.27,96.0
0.05751666666666667,72.27,96.0
0.057522222222222225,72.27,96.0
0.057527777777777775,72.27,96.0
0.05753333333333333,72.27,96.0
0.05753888888888888,72.27,96.0
0.05754444444444445,72.27,96.0
0.057550000000000004,72.27,96.0
0.057555555555555554,72.27,96.0
0.05756111111111111,72.27,96.0
0.05756666666666667,72.27,96.0
0.05757222222222222,72.27,96.0
0.057577777777777776,72.27,96.0
0.057583333333333334,72.27,96.0
0.057588888888888884,72.27,96.0
0.05759444444444445,72.27,96.0
0.057600000000000005,72.27,96.0
0.057605555555555556,72.25,96.0
0.05761111111111111,72.25,96.0
0.05761666666666666,72.25,96.0
0.05762222222222222,72.25,96.0
0.05762777777777778,72.25,96.0
0.05763333333333333,72.25,96.0
0.05763888888888889,72.25,96.0
0.05764444444444445,72.25,96.0
0.05765,72.25,96.0
0.05765555555555556,72.25,96.0
0.057661111111111114,72.25,96.0
0.057666666666666665,72.25,96.0
0.05767222222222222,72.25,96.0
0.05767777777777777,72.25,96.0
0.05768333333333333,72.25,96.0
0.057688888888888894,72.25,96.0
0.057694444444444444,72.25,96.0
0.0577,72.25,96.0
0.05770555555555556,72.25,96.0
0.05771111111111111,72.25,96.0
0.057716666666666666,72.25,96.0
0.05772222222222222,72.25,96.0
0.057727777777777774,72.25,96.0
0.05773333333333333,72.25,96.0
0.057738888888888895,72.25,96.0
0.057744444444444445,72.25,96.0
0.05775,72.25,96.0
0.05775555555555555,72.25,96.0
0.05776111111111111,72.25,96.0
0.05776666666666667,72.25,96.0
0.05777222222222222,72.25,96.0
0.057777777777777775,72.25,96.0
0.05778333333333334,72.25,96.0
0.05778888888888889,72.25,96.0
0.05779444444444445,72.25,96.0
0.057800000000000004,72.25,96.0
0.057805555555555554,72.25,96.0
0.05781111111111111,72.25,96.0
0.05781666666666666,72.25,96.0
0.05782222222222222,72.25,96.0
0.05782777777777778,72.25,96.0
0.05783333333333333,72.25,96.0
0.05783888888888889,72.26,96.0
0.05784444444444445,72.26,96.0
0.05785,72.26,96.0
0.057855555555555556,72.26,96.0
0.05786111111111111,72.26,96.0
0.057866666666666663,72.26,96.0
0.05787222222222222,72.26,96.0
0.057877777777777785,72.26,96.0
0.057883333333333335,72.26,96.0
0.05788888888888889,72.26,96.0
0.05789444444444444,72.26,96.0
0.0579,72.26,96.0
0.05790555555555556,72.26,96.0
0.05791111111111111,72.26,96.0
0.057916666666666665,72.26,96.0
0.05792222222222222,72.26,96.0
0.05792777777777777,72.26,96.0
0.05793333333333334,72.26,96.0
0.057938888888888894,72.26,96.0
0.057944444444444444,72.26,96.0
0.05795,72.26,96.0
0.05795555555555555,72.26,96.0
0.05796111111111111,72.26,96.0
0.057966666666666666,72.26,96.0
0.05797222222222222,72.26,96.0
0.05797777777777778,72.26,96.0
0.05798333333333334,72.26,96.0
0.05798888888888889,72.26,96.0
0.057994444444444446,72.26,96.0
0.058,72.26,96.0
0.05800555555555555,72.26,96.0
0.05801111111111111,72.26,96.0
0.05801666666666667,72.26,96.0
0.05802222222222222,72.26,96.0
0.05802777777777778,72.26,96.0
0.05803333333333333,72.26,96.0
0.05803888888888889,72.26,96.0
0.05804444444444445,72.26,96.0
0.05805,72.26,96.0
0.058055555555555555,72.26,96.0
0.05806111111111111,72.26,96.0
0.05806666666666666,72.26,96.0
0.05807222222222222,72.29,96.0
0.058077777777777784,72.29,96.0
0.058083333333333334,72.29,96.0
0.05808888888888889,72.29,96.0
0.05809444444444444,72.29,96.0
0.0581,72.29,96.0
0.058105555555555556,72.29,96.0
0.058111111111111106,72.29,96.0
0.058116666666666664,72.29,96.0
0.05812222222222223,72.29,96.0
0.05812777777777778,72.29,96.0
0.058133333333333335,72.29,96.0
0.05813888888888889,72.29,96.0
0.05814444444444444,72.29,96.0
0.05815,72.29,96.0
0.05815555555555556,72.29,96.0
0.05816111111111111,72.29,96.0
0.058166666666666665,72.29,96.0
0.058172222222222215,72.29,96.0
0.05817777777777778,72.29,96.0
0.05818333333333334,72.29,96.0
0.05818888888888889,72.29,96.0
0.058194444444444444,72.29,96.0
0.0582,72.29,96.0
0.05820555555555555,72.29,96.0
0.05821111111111111,72.29,96.0
0.058216666666666674,72.29,96.0
0.058222222222222224,72.29,96.0
0.05822777777777778,72.29,96.0
0.05823333333333333,72.29,96.0
0.05823888888888889,72.29,96.0
0.058244444444444446,72.29,96.0
0.058249999999999996,72.29,96.0
0.058255555555555553,72.29,96.0
0.05826111111111111,72.29,96.0
0.05826666666666666,72.29,96.0
0.058272222222222225,72.29,96.0
0.05827777777777778,72.29,96.0
0.05828333333333333,72.29,96.0
0.05828888888888889,72.29,96.0
0.05829444444444445,72.29,96.0
0.0583,72.29,96.0
0.058305555555555555,72.28,96.0
0.058311111111111105,72.28,96.0
0.05831666666666667,72.28,96.0
0.05832222222222223,72.28,96.0
0.05832777777777778,72.28,96.0
0.058333333333333334,72.28,96.0
0.05833888888888889,72.28,96.0
0.05834444444444444,72.28,96.0
0.05835,72.28,96.0
0.058355555555555556,72.28,96.0
0.05836111111111111,72.28,96.0
0.05836666666666667,72.28,96.0
0.05837222222222222,72.28,96.0
0.05837777777777778,72.28,96.0
0.058383333333333336,72.28,96.0
0.058388888888888886,72.28,96.0
0.05839444444444444,72.28,96.0
0.0584,72.28,96.0
0.05840555555555555,72.28,96.0
0.05841111111111111,72.28,96.0
0.05841666666666667,72.28,96.0
0.05842222222222222,72.28,96.0
0.05842777777777778,72.28,96.0
0.05843333333333334,72.28,96.0
0.05843888888888889,72.28,96.0
0.058444444444444445,72.28,96.0
0.058449999999999995,72.28,96.0
0.05845555555555555,72.28,96.0
0.058461111111111116,72.28,96.0
0.05846666666666667,72.28,96.0
0.058472222222222224,72.28,96.0
0.05847777777777778,72.28,96.0
0.05848333333333333,72.28,96.0
0.05848888888888889,72.28,96.0
0.058494444444444446,72.28,96.0
0.058499999999999996,72.28,96.0
0.058505555555555554,72.28,96.0
0.058511111111111104,72.28,96.0
0.05851666666666667,72.28,96.0
0.058522222222222225,72.28,96.0
0.058527777777777776,72.28,96.0
0.05853333333333333,72.28,96.0
0.05853888888888889,72.26,96.0
0.05854444444444444,72.26,96.0
0.05855,72.26,96.0
0.05855555555555556,72.26,96.0
0.05856111111111111,72.26,96.0
0.05856666666666667,72.26,96.0
0.05857222222222223,72.26,96.0
0.05857777777777778,72.26,96.0
0.058583333333333334,72.26,96.0
0.058588888888888885,72.26,96.0
0.05859444444444444,72.26,96.0
0.0586,72.26,96.0
0.05860555555555555,72.26,96.0
0.058611111111111114,72.26,96.0
0.05861666666666667,72.26,96.0
0.05862222222222222,72.26,96.0
0.05862777777777778,72.26,96.0
0.058633333333333336,72.26,96.0
0.058638888888888886,72.26,96.0
0.058644444444444443,72.26,96.0
0.058649999999999994,72.26,96.0
0.05865555555555556,72.26,96.0
0.058661111111111115,72.26,96.0
0.058666666666666666,72.26,96.0
0.05867222222222222,72.26,96.0
0.05867777777777778,72.26,96.0
0.05868333333333333,72.26,96.0
0.05868888888888889,72.26,96.0
0.058694444444444445,72.26,96.0
0.058699999999999995,72.26,96.0
0.05870555555555556,72.26,96.0
0.05871111111111112,72.26,96.0
0.05871666666666667,72.26,96.0
0.058722222222222224,72.26,96.0
0.058727777777777775,72.26,96.0
0.05873333333333333,72.26,96.0
0.05873888888888889,72.26,96.0
0.05874444444444444,72.26,96.0
0.05875,72.26,96.0
0.05875555555555556,72.26,96.0
0.05876111111111111,72.26,96.0
0.05876666666666667,72.26,96.0
0.058772222222222226,72.25,96.0
0.058777777777777776,72.25,96.0
0.05878333333333333,72.25,96.0
0.058788888888888884,72.25,96.0
0.05879444444444444,72.25,96.0
0.058800000000000005,72.25,96.0
0.058805555555555555,72.25,96.0
0.05881111111111111,72.25,96.0
0.05881666666666667,72.25,96.0
0.05882222222222222,72.25,96.0
0.05882777777777778,72.25,96.0
0.058833333333333335,72.25,96.0
0.058838888888888885,72.25,96.0
0.05884444444444444,72.25,96.0
0.058850000000000006,72.25,96.0
0.05885555555555556,72.25,96.0
0.058861111111111114,72.25,96.0
0.058866666666666664,72.25,96.0
0.05887222222222222,72.25,96.0
0.05887777777777778,72.25,96.0
0.05888333333333333,72.25,96.0
0.058888888888888886,72.25,96.0
0.05889444444444445,72.25,96.0
0.0589,72.25,96.0
0.05890555555555556,72.25,96.0
0.058911111111111115,72.25,96.0
0.058916666666666666,72.25,96.0
0.05892222222222222,72.25,96.0
0.05892777777777777,72.25,96.0
0.05893333333333333,72.25,96.0
0.05893888888888889,72.25,96.0
0.05894444444444444,72.25,96.0
0.05895,72.25,96.0
0.05895555555555556,72.25,96.0
0.05896111111111111,72.25,96.0
0.05896666666666667,72.25,96.0
0.058972222222222224,72.25,96.0
0.058977777777777775,72.25,96.0
0.05898333333333333,72.25,96.0
0.05898888888888889,72.25,96.0
0.05899444444444445,72.25,96.0
0.059000000000000004,72.25,96.0
0.059005555555555554,72.27,96.0
0.05901111111111111,72.27,96.0
0.05901666666666667,72.27,96.0
0.05902222222222222,72.27,96.0
0.059027777777777776,72.27,96.0
0.059033333333333333,72.27,96.0
0.059038888888888884,72.27,96.0
0.05904444444444445,72.27,96.0
0.059050000000000005,72.27,96.0
0.059055555555555556,72.27,96.0
0.05906111111111111,72.27,96.0
0.05906666666666666,72.27,96.0
0.05907222222222222,72.27,96.0
0.05907777777777778,72.27,96.0
0.05908333333333333,72.27,96.0
0.059088888888888885,72.27,96.0
0.05909444444444445,72.27,96.0
0.0591,72.27,96.0
0.05910555555555556,72.27,96.0
0.059111111111111114,72.27,96.0
0.059116666666666665,72.27,96.0
0.05912222222222222,72.27,96.0
0.05912777777777778,72.27,96.0
0.05913333333333333,72.27,96.0
0.059138888888888894,72.27,96.0
0.059144444444444444,72.27,96.0
0.05915,72.27,96.0
0.05915555555555556,72.27,96.0
0.05916111111111111,72.27,96.0
0.059166666666666666,72.27,96.0
0.05917222222222222,72.27,96.0
0.059177777777777774,72.27,96.0
0.05918333333333333,72.27,96.0
0.059188888888888895,72.27,96.0
0.059194444444444445,72.27,96.0
0.0592,72.27,96.0
0.05920555555555555,72.27,96.0
0.05921111111111111,72.27,96.0
0.05921666666666667,72.27,96.0
0.05922222222222222,72.27,96.0
0.059227777777777775,72.27,96.0
0.05923333333333334,72.27,96.0
0.05923888888888889,72.29,96.0
0.05924444444444445,72.29,96.0
0.059250000000000004,72.29,96.0
0.059255555555555554,72.29,96.0
0.05926111111111111,72.29,96.0
0.05926666666666667,72.29,96.0
0.05927222222222222,72.29,96.0
0.059277777777777776,72.29,96.0
0.05928333333333333,72.29,96.0
0.05928888888888889,72.29,96.0
0.05929444444444445,72.29,96.0
0.0593,72.29,96.0
0.059305555555555556,72.29,96.0
0.05931111111111111,72.29,96.0
0.05931666666666666,72.29,96.0
0.05932222222222222,72.29,96.0
0.05932777777777778,72.29,96.0
0.059333333333333335,72.29,96.0
0.05933888888888889,72.29,96.0
0.05934444444444444,72.29,96.0
0.05935,72.29,96.0
0.05935555555555556,72.29,96.0
0.05936111111111111,72.29,96.0
0.059366666666666665,72.29,96.0
0.05937222222222222,72.29,96.0
0.05937777777777777,72.29,96.0
0.05938333333333334,72.29,96.0
0.059388888888888894,72.29,96.0
0.059394444444444444,72.29,96.0
0.0594,72.29,96.0
0.05940555555555556,72.29,96.0
0.05941111111111111,72.29,96.0
0.059416666666666666,72.29,96.0
0.05942222222222222,72.29,96.0
0.059427777777777774,72.29,96.0
0.05943333333333334,72.29,96.0
0.05943888888888889,72.29,96.0
0.059444444444444446,72.29,96.0
0.05945,72.29,96.0
0.05945555555555555,72.29,96.0
0.05946111111111111,72.29,96.0
0.05946666666666667,72.29,96.0
0.05947222222222222,72.26,96.0
0.05947777777777778,72.26,96.0
0.05948333333333333,72.26,96.0
0.05948888888888889,72.26,96.0
0.05949444444444445,72.26,96.0
0.0595,72.26,96.0
0.059505555555555555,72.26,96.0
0.05951111111111111,72.26,96.0
0.05951666666666666,72.26,96.0
0.05952222222222222,72.26,96.0
0.059527777777777784,72.26,96.0
0.059533333333333334,72.26,96.0
0.05953888888888889,72.26,96.0
0.05954444444444445,72.26,96.0
0.05955,72.26,96.0
0.059555555555555556,72.26,96.0
0.059561111111111106,72.26,96.0
0.059566666666666664,72.26,96.0
0.05957222222222223,72.26,96.0
0.05957777777777778,72.26,96.0
0.059583333333333335,72.26,96.0
0.05958888888888889,72.26,96.0
0.05959444444444444,72.26,96.0
0.0596,72.26,96.0
0.05960555555555556,72.26,96.0
0.05961111111111111,72.26,96.0
0.059616666666666665,72.26,96.0
0.059622222222222215,72.26,96.0
0.05962777777777778,72.26,96.0
0.05963333333333334,72.26,96.0
0.05963888888888889,72.26,96.0
0.059644444444444444,72.26,96.0
0.05965,72.26,96.0
0.05965555555555555,72.26,96.0
0.05966111111111111,72.26,96.0
0.059666666666666666,72.26,96.0
0.059672222222222224,72.26,96.0
0.05967777777777778,72.26,96.0
0.05968333333333334,72.26,96.0
0.05968888888888889,72.26,96.0
0.059694444444444446,72.26,96.0
0.059699999999999996,72.26,96.0
0.05970555555555555,72.25,96.0
0.05971111111111111,72.25,96.0
0.05971666666666666,72.25,96.0
0.059722222222222225,72.25,96.0
0.05972777777777778,72.25,96.0
0.05973333333333333,72.25,96.0
0.05973888888888889,72.25,96.0
0.05974444444444445,72.25,96.0
0.05975,72.25,96.0
0.059755555555555555,72.25,96.0
0.059761111111111105,72.25,96.0
0.05976666666666666,72.25,96.0
0.05977222222222223,72.25,96.0
0.05977777777777778,72.25,96.0
0.059783333333333334,72.25,96.0
0.05978888888888889,72.25,96.0
0.05979444444444444,72.25,96.0
0.0598,72.25,96.0
0.059805555555555556,72.25,96.0
0.05981111111111111,72.25,96.0
0.05981666666666667,72.25,96.0
0.05982222222222223,72.25,96.0
0.05982777777777778,72.25,96.0
0.059833333333333336,72.25,96.0
0.059838888888888886,72.25,96.0
0.05984444444444444,72.25,96.0
0.05985,72.25,96.0
0.05985555555555555,72.25,96.0
0.05986111111111111,72.25,96.0
0.05986666666666667,72.25,96.0
0.05987222222222222,72.25,96.0
0.05987777777777778,72.25,96.0
0.05988333333333334,72.25,96.0
0.05988888888888889,72.25,96.0
0.059894444444444445,72.25,96.0
0.059899999999999995,72.25,96.0
0.05990555555555555,72.25,96.0
0.059911111111111116,72.25,96.0
0.05991666666666667,72.25,96.0
0.059922222222222224,72.25,96.0
0.05992777777777778,72.25,96.0
0.05993333333333333,72.25,96.0
0.05993888888888889,72.26,96.0
0.059944444444444446,72.26,96.0
0.059949999999999996,72.26,96.0
0.059955555555555554,72.26,96.0
0.05996111111111112,72.26,96.0
0.05996666666666667,72.26,96.0
0.059972222222222225,72.26,96.0
0.059977777777777776,72.26,96.0
0.05998333333333333,72.26,96.0
0.05998888888888889,72.26,96.0
0.05999444444444444,72.26,96.0
0.06,72.26,96.0
0.060005555555555555,72.26,96.0
0.06001111111111111,72.26,96.0
0.06001666666666667,72.26,96.0
0.06002222222222223,72.26,96.0
0.06002777777777778,72.26,96.0
0.060033333333333334,72.26,96.0
0.060038888888888885,72.26,96.0
0.06004444444444444,72.26,96.0
0.06005,72.26,96.0
0.06005555555555555,72.26,96.0
0.060061111111111114,72.26,96.0
0.06006666666666667,72.26,96.0
0.06007222222222222,72.26,96.0
0.06007777777777778,72.26,96.0
0.060083333333333336,72.26,96.0
0.060088888888888886,72.26,96.0
0.06009444444444444,72.26,96.0
0.0601,72.26,96.0
0.06010555555555555,72.26,96.0
0.060111111111111115,72.26,96.0
0.060116666666666665,72.26,96.0
0.06012222222222222,72.26,96.0
0.06012777777777778,72.26,96.0
0.06013333333333333,72.26,96.0
0.06013888888888889,72.26,96.0
0.060144444444444445,72.26,96.0
0.060149999999999995,72.26,96.0
0.06015555555555556,72.26,96.0
0.06016111111111112,72.26,96.0
0.06016666666666667,72.26,96.0
0.060172222222222224,72.28,96.0
0.060177777777777774,72.28,96.0
0.06018333333333333,72.28,96.0
0.06018888888888889,72.28,96.0
0.06019444444444444,72.28,96.0
0.0602,72.28,96.0
0.06020555555555556,72.28,96.0
0.06021111111111111,72.28,96.0
0.06021666666666667,72.28,96.0
0.060222222222222226,72.28,96.0
0.060227777777777776,72.28,96.0
0.06023333333333333,72.28,96.0
0.06023888888888889,72.28,96.0
0.06024444444444444,72.28,96.0
0.060250000000000005,72.28,96.0
0.060255555555555555,72.28,96.0
0.06026111111111111,72.28,96.0
0.06026666666666667,72.28,96.0
0.06027222222222222,72.28,96.0
0.06027777777777778,72.28,96.0
0.060283333333333335,72.28,96.0
0.060288888888888885,72.28,96.0
0.06029444444444444,72.28,96.0
0.060300000000000006,72.28,96.0
0.06030555555555556,72.28,96.0
0.060311111111111114,72.28,96.0
0.060316666666666664,72.28,96.0
0.06032222222222222,72.28,96.0
0.06032777777777778,72.28,96.0
0.06033333333333333,72.28,96.0
0.060338888888888886,72.28,96.0
0.060344444444444444,72.28,96.0
0.06035,72.28,96.0
0.06035555555555556,72.28,96.0
0.060361111111111115,72.28,96.0
0.060366666666666666,72.28,96.0
0.06037222222222222,72.28,96.0
0.06037777777777778,72.28,96.0
0.06038333333333333,72.28,96.0
0.06038888888888889,72.28,96.0
0.06039444444444444,72.28,96.0
0.0604,72.28,96.0
0.06040555555555556,72.27,96.0
0.06041111111111111,72.27,96.0
0.06041666666666667,72.27,96.0
0.060422222222222224,72.27,96.0
0.060427777777777775,72.27,96.0
0.06043333333333333,72.27,96.0
0.06043888888888889,72.27,96.0
0.06044444444444444,72.27,96.0
0.060450000000000004,72.27,96.0
0.060455555555555554,72.27,96.0
0.06046111111111111,72.27,96.0
0.06046666666666667,72.27,96.0
0.06047222222222222,72.27,96.0
0.060477777777777776,72.27,96.0
0.06048333333333333,72.27,96.0
0.060488888888888884,72.27,96.0
0.06049444444444445,72.27,96.0
0.060500000000000005,72.27,96.0
0.060505555555555555,72.27,96.0
0.06051111111111111,72.27,96.0
0.06051666666666667,72.27,96.0
0.06052222222222222,72.27,96.0
0.06052777777777778,72.27,96.0
0.06053333333333333,72.27,96.0
0.060538888888888885,72.27,96.0
0.06054444444444445,72.27,96.0
0.06055,72.27,96.0
0.06055555555555556,72.27,96.0
0.060561111111111114,72.27,96.0
0.060566666666666664,72.27,96.0
0.06057222222222222,72.27,96.0
0.06057777777777778,72.27,96.0
0.06058333333333333,72.27,96.0
0.060588888888888894,72.27,96.0
0.060594444444444444,72.27,96.0
0.0606,72.27,96.0
0.06060555555555556,72.27,96.0
0.06061111111111111,72.27,96.0
0.060616666666666666,72.27,96.0
0.06062222222222222,72.27,96.0
0.060627777777777773,72.27,96.0
0.06063333333333333,72.27,96.0
0.060638888888888895,72.25,96.0
0.060644444444444445,72.25,96.0
0.06065,72.25,96.0
0.06065555555555556,72.25,96.0
0.06066111111111111,72.25,96.0
0.06066666666666667,72.25,96.0
0.06067222222222222,72.25,96.0
0.060677777777777775,72.25,96.0
0.06068333333333333,72.25,96.0
0.06068888888888889,72.25,96.0
0.06069444444444445,72.25,96.0
0.060700000000000004,72.25,96.0
0.060705555555555554,72.25,96.0
0.06071111111111111,72.25,96.0
0.06071666666666667,72.25,96.0
0.06072222222222222,72.25,96.0
0.060727777777777776,72.25,96.0
0.06073333333333333,72.25,96.0
0.06073888888888889,72.25,96.0
0.06074444444444445,72.25,96.0
0.06075,72.25,96.0
0.060755555555555556,72.25,96.0
0.06076111111111111,72.25,96.0
0.06076666666666666,72.25,96.0
0.06077222222222222,72.25,96.0
0.06077777777777778,72.25,96.0
0.06078333333333333,72.25,96.0
0.06078888888888889,72.25,96.0
0.06079444444444445,72.25,96.0
0.0608,72.25,96.0
0.06080555555555556,72.25,96.0
0.06081111111111111,72.25,96.0
0.060816666666666665,72.25,96.0
0.06082222222222222,72.25,96.0
0.06082777777777777,72.25,96.0
0.060833333333333336,72.25,96.0
0.060838888888888894,72.25,96.0
0.060844444444444444,72.25,96.0
0.06085,72.25,96.0
0.06085555555555556,72.25,96.0
0.06086111111111111,72.25,96.0
0.060866666666666666,72.25,96.0
0.060872222222222216,72.24,96.0
0.060877777777777774,72.24,96.0
0.06088333333333334,72.24,96.0
0.06088888888888889,72.24,96.0
0.060894444444444445,72.24,96.0
0.0609,72.24,96.0
0.06090555555555555,72.24,96.0
0.06091111111111111,72.24,96.0
0.06091666666666667,72.24,96.0
0.06092222222222222,72.24,96.0
0.06092777777777778,72.24,96.0
0.06093333333333334,72.24,96.0
0.06093888888888889,72.24,96.0
0.06094444444444445,72.24,96.0
0.06095,72.24,96.0
0.060955555555555554,72.24,96.0
0.06096111111111111,72.24,96.0
0.06096666666666666,72.24,96.0
0.06097222222222222,72.24,96.0
0.060977777777777784,72.24,96.0
0.060983333333333334,72.24,96.0
0.06098888888888889,72.24,96.0
0.06099444444444445,72.24,96.0
0.061,72.24,96.0
0.061005555555555556,72.24,96.0
0.061011111111111106,72.24,96.0
0.061016666666666663,72.24,96.0
0.06102222222222222,72.24,96.0
0.06102777777777778,72.24,96.0
0.061033333333333335,72.24,96.0
0.06103888888888889,72.24,96.0
0.06104444444444444,72.24,96.0
0.06105,72.24,96.0
0.06105555555555556,72.24,96.0
0.06106111111111111,72.24,96.0
0.061066666666666665,72.24,96.0
0.06107222222222223,72.24,96.0
0.06107777777777778,72.24,96.0
0.06108333333333334,72.24,96.0
0.06108888888888889,72.24,96.0
0.061094444444444444,72.24,96.0
0.0611,72.24,96.0
0.06110555555555555,72.27,96.0
0.06111111111111111,72.27,96.0
0.061116666666666666,72.27,96.0
0.06112222222222222,72.27,96.0
0.06112777777777778,72.27,96.0
0.06113333333333334,72.27,96.0
0.06113888888888889,72.27,96.0
0.061144444444444446,72.27,96.0
0.061149999999999996,72.27,96.0
0.06115555555555555,72.27,96.0
0.06116111111111111,72.27,96.0
0.06116666666666666,72.27,96.0
0.061172222222222225,72.27,96.0
0.06117777777777778,72.27,96.0
0.06118333333333333,72.27,96.0
0.06118888888888889,72.27,96.0
0.06119444444444445,72.27,96.0
0.0612,72.27,96.0
0.061205555555555555,72.27,96.0
0.06121111111111111,72.27,96.0
0.06121666666666666,72.27,96.0
0.061222222222222226,72.27,96.0
0.06122777777777778,72.27,96.0
0.061233333333333334,72.27,96.0
0.06123888888888889,72.27,96.0
0.06124444444444444,72.27,96.0
0.06125,72.27,96.0
0.061255555555555556,72.27,96.0
0.061261111111111106,72.27,96.0
0.06126666666666667,72.27,96.0
0.06127222222222223,72.27,96.0
0.06127777777777778,72.27,96.0
0.061283333333333335,72.27,96.0
0.061288888888888886,72.27,96.0
0.06129444444444444,72.27,96.0
0.0613,72.27,96.0
0.06130555555555555,72.27,96.0
0.06131111111111111,72.27,96.0
0.06131666666666667,72.27,96.0
0.06132222222222222,72.27,96.0
0.06132777777777778,72.27,96.0
0.06133333333333334,72.27,96.0
0.06133888888888889,72.28,96.0
0.061344444444444444,72.28,96.0
0.06135,72.28,96.0
0.06135555555555555,72.28,96.0
0.06136111111111111,72.28,96.0
0.06136666666666667,72.28,96.0
0.061372222222222224,72.28,96.0
0.06137777777777778,72.28,96.0
0.06138333333333333,72.28,96.0
0.06138888888888889,72.28,96.0
0.061394444444444446,72.28,96.0
0.061399999999999996,72.28,96.0
0.061405555555555554,72.28,96.0
0.06141111111111112,72.28,96.0
0.06141666666666667,72.28,96.0
0.061422222222222225,72.28,96.0
0.061427777777777776,72.28,96.0
0.06143333333333333,72.28,96.0
0.06143888888888889,72.28,96.0
0.06144444444444444,72.28,96.0
0.06145,72.28,96.0
0.061455555555555555,72.28,96.0
0.061461111111111105,72.28,96.0
0.06146666666666667,72.28,96.0
0.06147222222222223,72.28,96.0
0.06147777777777778,72.28,96.0
0.061483333333333334,72.28,96.0
0.06148888888888889,72.28,96.0
0.06149444444444444,72.28,96.0
0.0615,72.28,96.0
0.06150555555555555,72.28,96.0
0.061511111111111114,72.28,96.0
0.06151666666666667,72.28,96.0
0.06152222222222222,72.28,96.0
0.06152777777777778,72.28,96.0
0.061533333333333336,72.28,96.0
0.061538888888888886,72.28,96.0
0.06154444444444444,72.28,96.0
0.06155,72.28,96.0
0.06155555555555555,72.28,96.0
0.061561111111111115,72.28,96.0
0.061566666666666665,72.28,96.0
0.06157222222222222,72.26,96.0
0.06157777777777778,72.26,96.0
0.06158333333333333,72.26,96.0
0.06158888888888889,72.26,96.0
0.061594444444444445,72.26,96.0
0.061599999999999995,72.26,96.0
0.06160555555555556,72.26,96.0
0.061611111111111116,72.26,96.0
0.06161666666666667,72.26,96.0
0.061622222222222224,72.26,96.0
0.06162777777777778,72.26,96.0
0.06163333333333333,72.26,96.0
0.06163888888888889,72.26,96.0
0.06164444444444444,72.26,96.0
0.061649999999999996,72.26,96.0
0.06165555555555556,72.26,96.0
0.06166111111111111,72.26,96.0
0.06166666666666667,72.26,96.0
0.061672222222222225,72.26,96.0
0.061677777777777776,72.26,96.0
0.06168333333333333,72.26,96.0
0.06168888888888889,72.26,96.0
0.06169444444444444,72.26,96.0
0.0617,72.26,96.0
0.061705555555555555,72.26,96.0
0.06171111111111111,72.26,96.0
0.06171666666666667,72.26,96.0
0.06172222222222222,72.26,96.0
0.06172777777777778,72.26,96.0
0.061733333333333335,72.26,96.0
0.061738888888888885,72.26,96.0
0.06174444444444444,72.26,96.0
0.061750000000000006,72.26,96.0
0.06175555555555556,72.26,96.0
0.061761111111111114,72.26,96.0
0.06176666666666667,72.26,96.0
0.06177222222222222,72.26,96.0
0.06177777777777778,72.26,96.0
0.06178333333333333,72.26,96.0
0.061788888888888886,72.26,96.0
0.061794444444444444,72.26,96.0
0.061799999999999994,72.26,96.0
0.06180555555555556,72.24,96.0
0.061811111111111115,72.24,96.0
0.061816666666666666,72.24,96.0
0.06182222222222222,72.24,96.0
0.06182777777777778,72.24,96.0
0.06183333333333333,72.24,96.0
0.06183888888888889,72.24,96.0
0.06184444444444444,72.24,96.0
0.06185,72.24,96.0
0.06185555555555556,72.24,96.0
0.06186111111111111,72.24,96.0
0.06186666666666667,72.24,96.0
0.061872222222222224,72.24,96.0
0.061877777777777775,72.24,96.0
0.06188333333333333,72.24,96.0
0.06188888888888889,72.24,96.0
0.06189444444444444,72.24,96.0
0.061900000000000004,72.24,96.0
0.06190555555555556,72.24,96.0
0.06191111111111111,72.24,96.0
0.06191666666666667,72.24,96.0
0.06192222222222222,72.24,96.0
0.061927777777777776,72.24,96.0
0.06193333333333333,72.24,96.0
0.061938888888888884,72.24,96.0
0.06194444444444445,72.24,96.0
0.061950000000000005,72.24,96.0
0.061955555555555555,72.24,96.0
0.06196111111111111,72.24,96.0
0.06196666666666667,72.24,96.0
0.06197222222222222,72.24,96.0
0.06197777777777778,72.24,96.0
0.06198333333333333,72.24,96.0
0.061988888888888885,72.24,96.0
0.06199444444444445,72.24,96.0
0.062,72.24,96.0
0.06200555555555556,72.24,96.0
0.062011111111111114,72.24,96.0
0.062016666666666664,72.24,96.0
0.06202222222222222,72.24,96.0
0.06202777777777778,72.24,96.0
0.06203333333333333,72.24,96.0
0.062038888888888886,72.25,96.0
0.06204444444444445,72.25,96.0
0.06205,72.25,96.0
0.06205555555555556,72.25,96.0
0.06206111111111111,72.25,96.0
0.062066666666666666,72.25,96.0
0.06207222222222222,72.25,96.0
0.06207777777777777,72.25,96.0
0.06208333333333333,72.25,96.0
0.062088888888888895,72.25,96.0
0.062094444444444445,72.25,96.0
0.0621,72.25,96.0
0.06210555555555556,72.25,96.0
0.06211111111111111,72.25,96.0
0.06211666666666667,72.25,96.0
0.06212222222222222,72.25,96.0
0.062127777777777775,72.25,96.0
0.06213333333333333,72.25,96.0
0.06213888888888888,72.25,96.0
0.06214444444444445,72.25,96.0
0.062150000000000004,72.25,96.0
0.062155555555555554,72.25,96.0
0.06216111111111111,72.25,96.0
0.06216666666666667,72.25,96.0
0.06217222222222222,72.25,96.0
0.062177777777777776,72.25,96.0
0.06218333333333334,72.25,96.0
0.06218888888888889,72.25,96.0
0.06219444444444445,72.25,96.0
0.0622,72.25,96.0
0.062205555555555556,72.25,96.0
0.06221111111111111,72.25,96.0
0.06221666666666666,72.25,96.0
0.06222222222222222,72.25,96.0
0.06222777777777778,72.25,96.0
0.06223333333333333,72.25,96.0
0.06223888888888889,72.25,96.0
0.06224444444444445,72.25,96.0
0.06225,72.25,96.0
0.06225555555555556,72.25,96.0
0.06226111111111111,72.25,96.0
0.062266666666666665,72.25,96.0
0.06227222222222222,72.28,96.0
0.06227777777777777,72.28,96.0
0.062283333333333336,72.28,96.0
0.062288888888888894,72.28,96.0
0.062294444444444444,72.28,96.0
0.0623,72.28,96.0
0.06230555555555556,72.28,96.0
0.06231111111111111,72.28,96.0
0.062316666666666666,72.28,96.0
0.06232222222222222,72.28,96.0
0.062327777777777774,72.28,96.0
0.06233333333333334,72.28,96.0
0.06233888888888889,72.28,96.0
0.062344444444444445,72.28,96.0
0.06235,72.28,96.0
0.06235555555555555,72.28,96.0
0.06236111111111111,72.28,96.0
0.06236666666666667,72.28,96.0
0.06237222222222222,72.28,96.0
0.062377777777777775,72.28,96.0
0.06238333333333334,72.28,96.0
0.06238888888888889,72.28,96.0
0.06239444444444445,72.28,96.0
0.0624,72.28,96.0
0.062405555555555554,72.28,96.0
0.06241111111111111,72.28,96.0
0.06241666666666666,72.28,96.0
0.06242222222222222,72.28,96.0
0.06242777777777778,72.28,96.0
0.062433333333333334,72.28,96.0
0.06243888888888889,72.28,96.0
0.06244444444444445,72.28,96.0
0.06245,72.28,96.0
0.062455555555555556,72.28,96.0
0.06246111111111111,72.28,96.0
0.06246666666666666,72.28,96.0
0.06247222222222222,72.28,96.0
0.06247777777777777,72.28,96.0
0.062483333333333335,72.28,96.0
0.06248888888888889,72.28,96.0
0.06249444444444444,72.28,96.0
0.0625,72.28,96.0
0.06250555555555556,72.27,96.0
0.06251111111111111,72.27,96.0
0.06251666666666666,72.27,96.0
0.06252222222222223,72.27,96.0
0.06252777777777778,72.27,96.0
0.06253333333333333,72.27,96.0
0.06253888888888888,72.27,96.0
0.06254444444444444,72.27,96.0
0.06255000000000001,72.27,96.0
0.06255555555555556,72.27,96.0
0.06256111111111111,72.27,96.0
0.06256666666666667,72.27,96.0
0.06257222222222222,72.27,96.0
0.06257777777777777,72.27,96.0
0.06258333333333334,72.27,96.0
0.06258888888888889,72.27,96.0
0.06259444444444444,72.27,96.0
0.0626,72.27,96.0
0.06260555555555555,72.27,96.0
0.06261111111111112,72.27,96.0
0.06261666666666667,72.27,96.0
0.06262222222222222,72.27,96.0
0.06262777777777778,72.27,96.0
0.06263333333333333,72.27,96.0
0.06263888888888888,72.27,96.0
0.06264444444444445,72.27,96.0
0.06265,72.27,96.0
0.06265555555555556,72.27,96.0
0.06266111111111111,72.27,96.0
0.06266666666666666,72.27,96.0
0.06267222222222223,72.27,96.0
0.06267777777777778,72.27,96.0
0.06268333333333333,72.27,96.0
0.06268888888888889,72.27,96.0
0.06269444444444444,72.27,96.0
0.0627,72.27,96.0
0.06270555555555556,72.27,96.0
0.0627111111111111,72.27,96.0
0.06271666666666667,72.27,96.0
0.06272222222222222,72.27,96.0
0.06272777777777777,72.27,96.0
0.06273333333333334,72.27,96.0
0.0627388888888889,72.24,96.0
0.06274444444444445,72.24,96.0
0.06275,72.24,96.0
0.06275555555555555,72.24,96.0
0.06276111111111111,72.24,96.0
0.06276666666666667,72.24,96.0
0.06277222222222222,72.24,96.0
0.06277777777777778,72.24,96.0
0.06278333333333333,72.24,96.0
0.06278888888888888,72.24,96.0
0.06279444444444444,72.24,96.0
0.06280000000000001,72.24,96.0
0.06280555555555556,72.24,96.0
0.06281111111111111,72.24,96.0
0.06281666666666666,72.24,96.0
0.06282222222222222,72.24,96.0
0.06282777777777777,72.24,96.0
0.06283333333333332,72.24,96.0
0.06283888888888889,72.24,96.0
0.06284444444444445,72.24,96.0
0.06285,72.24,96.0
0.06285555555555555,72.24,96.0
0.06286111111111112,72.24,96.0
0.06286666666666667,72.24,96.0
0.06287222222222222,72.24,96.0
0.06287777777777778,72.24,96.0
0.06288333333333333,72.24,96.0
0.0628888888888889,72.24,96.0
0.06289444444444445,72.24,96.0
0.0629,72.24,96.0
0.06290555555555556,72.24,96.0
0.06291111111111111,72.24,96.0
0.06291666666666666,72.24,96.0
0.06292222222222223,72.24,96.0
0.06292777777777778,72.24,96.0
0.06293333333333333,72.24,96.0
0.06293888888888889,72.24,96.0
0.06294444444444444,72.24,96.0
0.06295,72.24,96.0
0.06295555555555556,72.24,96.0
0.0629611111111111,72.24,96.0
0.06296666666666667,72.24,96.0
0.06297222222222222,72.24,96.0
0.06297777777777777,72.24,96.0
0.06298333333333334,72.24,96.0
0.06298888888888889,72.24,96.0
0.06299444444444445,72.24,96.0
0.063,72.24,96.0
0.06300555555555555,72.24,96.0
0.06301111111111111,72.24,96.0
0.06301666666666667,72.24,96.0
0.06302222222222222,72.24,96.0
0.06302777777777778,72.24,96.0
0.06303333333333333,72.24,96.0
0.0630388888888889,72.24,96.0
0.06304444444444444,72.24,96.0
0.06305,72.24,96.0
0.06305555555555556,72.24,96.0
0.06306111111111111,72.24,96.0
0.06306666666666666,72.24,96.0
0.06307222222222222,72.24,96.0
0.06307777777777779,72.24,96.0
0.06308333333333334,72.24,96.0
0.06308888888888889,72.24,96.0
0.06309444444444444,72.24,96.0
0.0631,72.24,96.0
0.06310555555555555,72.24,96.0
0.0631111111111111,72.24,96.0
0.06311666666666667,72.24,96.0
0.06312222222222222,72.24,96.0
0.06312777777777777,72.24,96.0
0.06313333333333333,72.24,96.0
0.0631388888888889,72.24,96.0
0.06314444444444445,72.24,96.0
0.06315,72.24,96.0
0.06315555555555556,72.24,96.0
0.06316111111111111,72.24,96.0
0.06316666666666666,72.24,96.0
0.06317222222222221,72.24,96.0
0.06317777777777778,72.24,96.0
0.06318333333333334,72.24,96.0
0.06318888888888889,72.24,96.0
0.06319444444444444,72.24,96.0
0.0632,72.24,96.0
0.06320555555555556,72.27,96.0
0.0632111111111111,72.27,96.0
0.06321666666666667,72.27,96.0
0.06322222222222222,72.27,96.0
0.06322777777777779,72.27,96.0
0.06323333333333334,72.27,96.0
0.06323888888888889,72.27,96.0
0.06324444444444445,72.27,96.0
0.06325,72.27,96.0
0.06325555555555555,72.27,96.0
0.06326111111111112,72.27,96.0
0.06326666666666667,72.27,96.0
0.06327222222222222,72.27,96.0
0.06327777777777778,72.27,96.0
0.06328333333333333,72.27,96.0
0.0632888888888889,72.27,96.0
0.06329444444444444,72.27,96.0
0.0633,72.27,96.0
0.06330555555555556,72.27,96.0
0.06331111111111111,72.27,96.0
0.06331666666666666,72.27,96.0
0.06332222222222222,72.27,96.0
0.06332777777777777,72.27,96.0
0.06333333333333334,72.27,96.0
0.06333888888888889,72.27,96.0
0.06334444444444444,72.27,96.0
0.06335,72.27,96.0
0.06335555555555555,72.27,96.0
0.0633611111111111,72.27,96.0
0.06336666666666667,72.27,96.0
0.06337222222222222,72.27,96.0
0.06337777777777778,72.27,96.0
0.06338333333333333,72.27,96.0
0.06338888888888888,72.27,96.0
0.06339444444444445,72.27,96.0
0.0634,72.27,96.0
0.06340555555555555,72.27,96.0
0.06341111111111111,72.27,96.0
0.06341666666666668,72.27,96.0
0.06342222222222223,72.27,96.0
0.06342777777777778,72.27,96.0
0.06343333333333334,72.27,96.0
0.06343888888888889,72.28,96.0
0.06344444444444444,72.28,96.0
0.06344999999999999,72.28,96.0
0.06345555555555556,72.28,96.0
0.06346111111111111,72.28,96.0
0.06346666666666666,72.28,96.0
0.06347222222222222,72.28,96.0
0.06347777777777779,72.28,96.0
0.06348333333333334,72.28,96.0
0.06348888888888889,72.28,96.0
0.06349444444444445,72.28,96.0
0.0635,72.28,96.0
0.06350555555555555,72.28,96.0
0.0635111111111111,72.28,96.0
0.06351666666666667,72.28,96.0
0.06352222222222223,72.28,96.0
0.06352777777777778,72.28,96.0
0.06353333333333333,72.28,96.0
0.0635388888888889,72.28,96.0
0.06354444444444445,72.28,96.0
0.06355,72.28,96.0
0.06355555555555556,72.28,96.0
0.06356111111111111,72.28,96.0
0.06356666666666667,72.28,96.0
0.06357222222222222,72.28,96.0
0.06357777777777777,72.28,96.0
0.06358333333333334,72.28,96.0
0.06358888888888889,72.28,96.0
0.06359444444444444,72.28,96.0
0.0636,72.28,96.0
0.06360555555555555,72.28,96.0
0.0636111111111111,72.28,96.0
0.06361666666666667,72.28,96.0
0.06362222222222222,72.28,96.0
0.06362777777777778,72.28,96.0
0.06363333333333333,72.28,96.0
0.06363888888888888,72.28,96.0
0.06364444444444445,72.28,96.0
0.06365,72.28,96.0
0.06365555555555555,72.28,96.0
0.06366111111111111,72.28,96.0
0.06366666666666666,72.28,96.0
0.06367222222222223,72.25,96.0
0.06367777777777778,72.25,96.0
0.06368333333333333,72.25,96.0
0.06368888888888889,72.25,96.0
0.06369444444444444,72.25,96.0
0.06369999999999999,72.25,96.0
0.06370555555555556,72.25,96.0
0.06371111111111112,72.25,96.0
0.06371666666666667,72.25,96.0
0.06372222222222222,72.25,96.0
0.06372777777777777,72.25,96.0
0.06373333333333334,72.25,96.0
0.06373888888888889,72.25,96.0
0.06374444444444444,72.25,96.0
0.06375,72.25,96.0
0.06375555555555557,72.25,96.0
0.06376111111111112,72.25,96.0
0.06376666666666667,72.25,96.0
0.06377222222222223,72.25,96.0
0.06377777777777778,72.25,96.0
0.06378333333333333,72.25,96.0
0.06378888888888888,72.25,96.0
0.06379444444444445,72.25,96.0
0.0638,72.25,96.0
0.06380555555555555,72.25,96.0
0.06381111111111111,72.25,96.0
0.06381666666666667,72.25,96.0
0.06382222222222222,72.25,96.0
0.06382777777777777,72.25,96.0
0.06383333333333334,72.25,96.0
0.06383888888888889,72.25,96.0
0.06384444444444444,72.25,96.0
0.06385,72.25,96.0
0.06385555555555555,72.25,96.0
0.06386111111111112,72.25,96.0
0.06386666666666667,72.25,96.0
0.06387222222222222,72.25,96.0
0.06387777777777778,72.25,96.0
0.06388333333333333,72.25,96.0
0.06388888888888888,72.25,96.0
0.06389444444444445,72.25,96.0
0.0639,72.25,96.0
0.06390555555555556,72.24,96.0
0.06391111111111111,72.24,96.0
0.06391666666666666,72.24,96.0
0.06392222222222223,72.24,96.0
0.06392777777777778,72.24,96.0
0.06393333333333333,72.24,96.0
0.06393888888888889,72.24,96.0
0.06394444444444444,72.24,96.0
0.06394999999999999,72.24,96.0
0.06395555555555556,72.24,96.0
0.06396111111111111,72.24,96.0
0.06396666666666667,72.24,96.0
0.06397222222222222,72.24,96.0
0.06397777777777777,72.24,96.0
0.06398333333333334,72.24,96.0
0.06398888888888889,72.24,96.0
0.06399444444444444,72.24,96.0
0.064,72.24,96.0
0.06400555555555555,72.24,96.0
0.06401111111111112,72.24,96.0
0.06401666666666667,72.24,96.0
0.06402222222222222,72.24,96.0
0.06402777777777778,72.24,96.0
0.06403333333333333,72.24,96.0
0.06403888888888888,72.24,96.0
0.06404444444444445,72.24,96.0
0.06405000000000001,72.24,96.0
0.06405555555555556,72.24,96.0
0.06406111111111111,72.24,96.0
0.06406666666666666,72.24,96.0
0.06407222222222222,72.24,96.0
0.06407777777777778,72.24,96.0
0.06408333333333333,72.24,96.0
0.06408888888888889,72.24,96.0
0.06409444444444445,72.24,96.0
0.0641,72.24,96.0
0.06410555555555555,72.24,96.0
0.06411111111111112,72.24,96.0
0.06411666666666667,72.24,96.0
0.06412222222222222,72.24,96.0
0.06412777777777778,72.24,96.0
0.06413333333333333,72.24,96.0
0.06413888888888888,72.25,96.0
0.06414444444444443,72.25,96.0
0.06415,72.25,96.0
0.06415555555555556,72.25,96.0
0.06416111111111111,72.25,96.0
0.06416666666666666,72.25,96.0
0.06417222222222223,72.25,96.0
0.06417777777777778,72.25,96.0
0.06418333333333333,72.25,96.0
0.06418888888888889,72.25,96.0
0.06419444444444444,72.25,96.0
0.06420000000000001,72.25,96.0
0.06420555555555556,72.25,96.0
0.06421111111111111,72.25,96.0
0.06421666666666667,72.25,96.0
0.06422222222222222,72.25,96.0
0.06422777777777777,72.25,96.0
0.06423333333333334,72.25,96.0
0.06423888888888889,72.25,96.0
0.06424444444444445,72.25,96.0
0.06425,72.25,96.0
0.06425555555555555,72.25,96.0
0.06426111111111112,72.25,96.0
0.06426666666666667,72.25,96.0
0.06427222222222222,72.25,96.0
0.06427777777777778,72.25,96.0
0.06428333333333333,72.25,96.0
0.06428888888888888,72.25,96.0
0.06429444444444445,72.25,96.0
0.0643,72.25,96.0
0.06430555555555556,72.25,96.0
0.06431111111111111,72.25,96.0
0.06431666666666666,72.25,96.0
0.06432222222222223,72.25,96.0
0.06432777777777778,72.25,96.0
0.06433333333333333,72.25,96.0
0.06433888888888889,72.25,96.0
0.06434444444444444,72.25,96.0
0.06435,72.25,96.0
0.06435555555555555,72.25,96.0
0.0643611111111111,72.25,96.0
0.06436666666666667,72.25,96.0
0.06437222222222222,72.28,96.0
0.06437777777777777,72.28,96.0
0.06438333333333333,72.28,96.0
0.0643888888888889,72.28,96.0
0.06439444444444445,72.28,96.0
0.0644,72.28,96.0
0.06440555555555556,72.28,96.0
0.06441111111111111,72.28,96.0
0.06441666666666666,72.28,96.0
0.06442222222222221,72.28,96.0
0.06442777777777778,72.28,96.0
0.06443333333333334,72.28,96.0
0.06443888888888889,72.28,96.0
0.06444444444444444,72.28,96.0
0.06445000000000001,72.28,96.0
0.06445555555555556,72.28,96.0
0.06446111111111111,72.28,96.0
0.06446666666666667,72.28,96.0
0.06447222222222222,72.28,96.0
0.06447777777777777,72.28,96.0
0.06448333333333332,72.28,96.0
0.06448888888888889,72.28,96.0
0.06449444444444445,72.28,96.0
0.0645,72.28,96.0
0.06450555555555555,72.28,96.0
0.06451111111111112,72.28,96.0
0.06451666666666667,72.28,96.0
0.06452222222222222,72.28,96.0
0.06452777777777778,72.28,96.0
0.06453333333333333,72.28,96.0
0.0645388888888889,72.28,96.0
0.06454444444444445,72.28,96.0
0.06455,72.28,96.0
0.06455555555555556,72.28,96.0
0.06456111111111111,72.28,96.0
0.06456666666666666,72.28,96.0
0.06457222222222223,72.28,96.0
0.06457777777777778,72.28,96.0
0.06458333333333334,72.28,96.0
0.06458888888888889,72.28,96.0
0.06459444444444444,72.28,96.0
0.0646,72.28,96.0
0.06460555555555555,72.26,96.0
0.0646111111111111,72.26,96.0
0.06461666666666667,72.26,96.0
0.06462222222222222,72.26,96.0
0.06462777777777777,72.26,96.0
0.06463333333333333,72.26,96.0
0.06463888888888888,72.26,96.0
0.06464444444444445,72.26,96.0
0.06465,72.26,96.0
0.06465555555555555,72.26,96.0
0.06466111111111111,72.26,96.0
0.06466666666666666,72.26,96.0
0.06467222222222221,72.26,96.0
0.06467777777777778,72.26,96.0
0.06468333333333334,72.26,96.0
0.06468888888888889,72.26,96.0
0.06469444444444444,72.26,96.0
0.0647,72.26,96.0
0.06470555555555556,72.26,96.0
0.06471111111111111,72.26,96.0
0.06471666666666666,72.26,96.0
0.06472222222222222,72.26,96.0
0.06472777777777779,72.26,96.0
0.06473333333333334,72.26,96.0
0.06473888888888889,72.26,96.0
0.06474444444444445,72.26,96.0
0.06475,72.26,96.0
0.06475555555555555,72.26,96.0
0.0647611111111111,72.26,96.0
0.06476666666666667,72.26,96.0
0.06477222222222223,72.26,96.0
0.06477777777777778,72.26,96.0
0.06478333333333333,72.26,96.0
0.0647888888888889,72.26,96.0
0.06479444444444445,72.26,96.0
0.0648,72.26,96.0
0.06480555555555556,72.26,96.0
0.06481111111111111,72.26,96.0
0.06481666666666666,72.26,96.0
0.06482222222222223,72.26,96.0
0.06482777777777778,72.26,96.0
0.06483333333333334,72.26,96.0
0.06483888888888889,72.24,96.0
0.06484444444444444,72.24,96.0
0.06485,72.24,96.0
0.06485555555555556,72.24,96.0
0.0648611111111111,72.24,96.0
0.06486666666666667,72.24,96.0
0.06487222222222222,72.24,96.0
0.06487777777777778,72.24,96.0
0.06488333333333333,72.24,96.0
0.06488888888888888,72.24,96.0
0.06489444444444445,72.24,96.0
0.0649,72.24,96.0
0.06490555555555555,72.24,96.0
0.06491111111111111,72.24,96.0
0.06491666666666666,72.24,96.0
0.06492222222222223,72.24,96.0
0.06492777777777778,72.24,96.0
0.06493333333333333,72.24,96.0
0.0649388888888889,72.24,96.0
0.06494444444444444,72.24,96.0
0.06495,72.24,96.0
0.06495555555555556,72.24,96.0
0.06496111111111111,72.24,96.0
0.06496666666666666,72.24,96.0
0.06497222222222222,72.24,96.0
0.06497777777777777,72.24,96.0
0.06498333333333334,72.24,96.0
0.06498888888888889,72.24,96.0
0.06499444444444444,72.24,96.0
0.065,72.24,96.0
0.06500555555555555,72.24,96.0
0.0650111111111111,72.24,96.0
0.06501666666666667,72.24,96.0
0.06502222222222223,72.24,96.0
0.06502777777777778,72.24,96.0
0.06503333333333333,72.24,96.0
0.06503888888888888,72.24,96.0
0.06504444444444445,72.24,96.0
0.06505,72.24,96.0
0.06505555555555555,72.24,96.0
0.06506111111111111,72.24,96.0
0.06506666666666668,72.24,96.0
0.06507222222222223,72.24,96.0
0.06507777777777778,72.24,96.0
0.06508333333333334,72.24,96.0
0.06508888888888889,72.24,96.0
0.06509444444444444,72.24,96.0
0.0651,72.24,96.0
0.06510555555555556,72.24,96.0
0.06511111111111112,72.24,96.0
0.06511666666666667,72.24,96.0
0.06512222222222222,72.24,96.0
0.06512777777777778,72.24,96.0
0.06513333333333333,72.24,96.0
0.06513888888888889,72.24,96.0
0.06514444444444445,72.24,96.0
0.06515,72.24,96.0
0.06515555555555555,72.24,96.0
0.06516111111111111,72.24,96.0
0.06516666666666666,72.24,96.0
0.06517222222222223,72.24,96.0
0.06517777777777778,72.24,96.0
0.06518333333333333,72.24,96.0
0.0651888888888889,72.24,96.0
0.06519444444444444,72.24,96.0
0.0652,72.24,96.0
0.06520555555555556,72.24,96.0
0.06521111111111111,72.24,96.0
0.06521666666666667,72.24,96.0
0.06522222222222222,72.24,96.0
0.06522777777777777,72.24,96.0
0.06523333333333334,72.24,96.0
0.06523888888888889,72.24,96.0
0.06524444444444444,72.24,96.0
0.06525,72.24,96.0
0.06525555555555555,72.24,96.0
0.06526111111111112,72.24,96.0
0.06526666666666667,72.24,96.0
0.06527222222222222,72.24,96.0
0.06527777777777778,72.24,96.0
0.06528333333333333,72.24,96.0
0.06528888888888888,72.24,96.0
0.06529444444444445,72.24,96.0
0.0653,72.24,96.0
0.06530555555555555,72.26,96.0
0.06531111111111111,72.26,96.0
0.06531666666666666,72.26,96.0
0.06532222222222223,72.26,96.0
0.06532777777777778,72.26,96.0
0.06533333333333333,72.26,96.0
0.06533888888888889,72.26,96.0
0.06534444444444444,72.26,96.0
0.06534999999999999,72.26,96.0
0.06535555555555556,72.26,96.0
0.06536111111111112,72.26,96.0
0.06536666666666667,72.26,96.0
0.06537222222222222,72.26,96.0
0.06537777777777778,72.26,96.0
0.06538333333333333,72.26,96.0
0.06538888888888889,72.26,96.0
0.06539444444444444,72.26,96.0
0.0654,72.26,96.0
0.06540555555555556,72.26,96.0
0.06541111111111111,72.26,96.0
0.06541666666666666,72.26,96.0
0.06542222222222223,72.26,96.0
0.06542777777777778,72.26,96.0
0.06543333333333333,72.26,96.0
0.0654388888888889,72.26,96.0
0.06544444444444444,72.26,96.0
0.06545000000000001,72.26,96.0
0.06545555555555556,72.26,96.0
0.06546111111111111,72.26,96.0
0.06546666666666667,72.26,96.0
0.06547222222222222,72.26,96.0
0.06547777777777777,72.26,96.0
0.06548333333333334,72.26,96.0
0.06548888888888889,72.26,96.0
0.06549444444444444,72.26,96.0
0.0655,72.26,96.0
0.06550555555555555,72.26,96.0
0.06551111111111112,72.26,96.0
0.06551666666666667,72.26,96.0
0.06552222222222222,72.26,96.0
0.06552777777777778,72.26,96.0
0.06553333333333333,72.26,96.0
0.06553888888888888,72.27,96.0
0.06554444444444445,72.27,96.0
0.06555,72.27,96.0
0.06555555555555556,72.27,96.0
0.06556111111111111,72.27,96.0
0.06556666666666666,72.27,96.0
0.06557222222222223,72.27,96.0
0.06557777777777778,72.27,96.0
0.06558333333333333,72.27,96.0
0.06558888888888889,72.27,96.0
0.06559444444444444,72.27,96.0
0.0656,72.27,96.0
0.06560555555555556,72.27,96.0
0.0656111111111111,72.27,96.0
0.06561666666666667,72.27,96.0
0.06562222222222222,72.27,96.0
0.06562777777777777,72.27,96.0
0.06563333333333334,72.27,96.0
0.06563888888888889,72.27,96.0
0.06564444444444444,72.27,96.0
0.06565,72.27,96.0
0.06565555555555556,72.27,96.0
0.06566111111111111,72.27,96.0
0.06566666666666666,72.27,96.0
0.06567222222222222,72.27,96.0
0.06567777777777778,72.27,96.0
0.06568333333333333,72.27,96.0
0.06568888888888888,72.27,96.0
0.06569444444444444,72.27,96.0
0.06570000000000001,72.27,96.0
0.06570555555555556,72.27,96.0
0.06571111111111111,72.27,96.0
0.06571666666666667,72.27,96.0
0.06572222222222222,72.27,96.0
0.06572777777777777,72.27,96.0
0.06573333333333332,72.27,96.0
0.06573888888888889,72.27,96.0
0.06574444444444445,72.27,96.0
0.06575,72.27,96.0
0.06575555555555555,72.27,96.0
0.06576111111111112,72.27,96.0
0.06576666666666667,72.27,96.0
0.06577222222222222,72.24,96.0
0.06577777777777778,72.24,96.0
0.06578333333333333,72.24,96.0
0.0657888888888889,72.24,96.0
0.06579444444444445,72.24,96.0
0.0658,72.24,96.0
0.06580555555555556,72.24,96.0
0.06581111111111111,72.24,96.0
0.06581666666666666,72.24,96.0
0.06582222222222223,72.24,96.0
0.06582777777777778,72.24,96.0
0.06583333333333333,72.24,96.0
0.06583888888888889,72.24,96.0
0.06584444444444444,72.24,96.0
0.06585,72.24,96.0
0.06585555555555556,72.24,96.0
0.0658611111111111,72.24,96.0
0.06586666666666667,72.24,96.0
0.06587222222222222,72.24,96.0
0.06587777777777777,72.24,96.0
0.06588333333333334,72.24,96.0
0.06588888888888889,72.24,96.0
0.06589444444444445,72.24,96.0
0.0659,72.24,96.0
0.06590555555555555,72.24,96.0
0.06591111111111111,72.24,96.0
0.06591666666666667,72.24,96.0
0.06592222222222222,72.24,96.0
0.06592777777777778,72.24,96.0
0.06593333333333334,72.24,96.0
0.0659388888888889,72.24,96.0
0.06594444444444444,72.24,96.0
0.06595,72.24,96.0
0.06595555555555556,72.24,96.0
0.06596111111111111,72.24,96.0
0.06596666666666666,72.24,96.0
0.06597222222222222,72.24,96.0
0.06597777777777777,72.24,96.0
0.06598333333333332,72.24,96.0
0.06598888888888889,72.24,96.0
0.06599444444444445,72.24,96.0
0.066,72.24,96.0
0.06600555555555555,72.23,96.0
0.0660111111111111,72.23,96.0
0.06601666666666667,72.23,96.0
0.06602222222222222,72.23,96.0
0.06602777777777777,72.23,96.0
0.06603333333333333,72.23,96.0
0.0660388888888889,72.23,96.0
0.06604444444444445,72.23,96.0
0.06605,72.23,96.0
0.06605555555555556,72.23,96.0
0.06606111111111111,72.23,96.0
0.06606666666666666,72.23,96.0
0.06607222222222223,72.23,96.0
0.06607777777777778,72.23,96.0
0.06608333333333334,72.23,96.0
0.06608888888888889,72.23,96.0
0.06609444444444444,72.23,96.0
0.0661,72.23,96.0
0.06610555555555556,72.23,96.0
0.0661111111111111,72.23,96.0
0.06611666666666667,72.23,96.0
0.06612222222222222,72.23,96.0
0.06612777777777779,72.23,96.0
0.06613333333333334,72.23,96.0
0.06613888888888889,72.23,96.0
0.06614444444444445,72.23,96.0
0.06615,72.23,96.0
0.06615555555555555,72.23,96.0
0.06616111111111111,72.23,96.0
0.06616666666666667,72.23,96.0
0.06617222222222222,72.23,96.0
0.06617777777777778,72.23,96.0
0.06618333333333333,72.23,96.0
0.0661888888888889,72.23,96.0
0.06619444444444444,72.23,96.0
0.0662,72.23,96.0
0.06620555555555556,72.23,96.0
0.06621111111111111,72.23,96.0
0.06621666666666666,72.23,96.0
0.06622222222222222,72.23,96.0
0.06622777777777777,72.23,96.0
0.06623333333333334,72.23,96.0
0.06623888888888889,72.25,96.0
0.06624444444444444,72.25,96.0
0.06625,72.25,96.0
0.06625555555555555,72.25,96.0
0.0662611111111111,72.25,96.0
0.06626666666666667,72.25,96.0
0.06627222222222223,72.25,96.0
0.06627777777777778,72.25,96.0
0.06628333333333333,72.25,96.0
0.06628888888888888,72.25,96.0
0.06629444444444445,72.25,96.0
0.0663,72.25,96.0
0.06630555555555555,72.25,96.0
0.06631111111111111,72.25,96.0
0.06631666666666666,72.25,96.0
0.06632222222222221,72.25,96.0
0.06632777777777778,72.25,96.0
0.06633333333333334,72.25,96.0
0.06633888888888889,72.25,96.0
0.06634444444444444,72.25,96.0
0.06635,72.25,96.0
0.06635555555555556,72.25,96.0
0.0663611111111111,72.25,96.0
0.06636666666666666,72.25,96.0
0.06637222222222222,72.25,96.0
0.06637777777777779,72.25,96.0
0.06638333333333334,72.25,96.0
0.06638888888888889,72.25,96.0
0.06639444444444445,72.25,96.0
0.0664,72.25,96.0
0.06640555555555555,72.25,96.0
0.06641111111111112,72.25,96.0
0.06641666666666667,72.25,96.0
0.06642222222222223,72.25,96.0
0.06642777777777778,72.25,96.0
0.06643333333333333,72.25,96.0
0.0664388888888889,72.25,96.0
0.06644444444444444,72.25,96.0
0.06645,72.25,96.0
0.06645555555555556,72.25,96.0
0.06646111111111111,72.25,96.0
0.06646666666666667,72.25,96.0
0.06647222222222222,72.27,96.0
0.06647777777777777,72.27,96.0
0.06648333333333334,72.27,96.0
0.06648888888888889,72.27,96.0
0.06649444444444444,72.27,96.0
0.0665,72.27,96.0
0.06650555555555555,72.27,96.0
0.0665111111111111,72.27,96.0
0.06651666666666667,72.27,96.0
0.06652222222222222,72.27,96.0
0.06652777777777778,72.27,96.0
0.06653333333333333,72.27,96.0
0.06653888888888888,72.27,96.0
0.06654444444444445,72.27,96.0
0.06655,72.27,96.0
0.06655555555555555,72.27,96.0
0.06656111111111111,72.27,96.0
0.06656666666666666,72.27,96.0
0.06657222222222223,72.27,96.0
0.06657777777777778,72.27,96.0
0.06658333333333333,72.27,96.0
0.06658888888888889,72.27,96.0
0.06659444444444444,72.27,96.0
0.06659999999999999,72.27,96.0
0.06660555555555556,72.27,96.0
0.06661111111111112,72.27,96.0
0.06661666666666667,72.27,96.0
0.06662222222222222,72.27,96.0
0.06662777777777779,72.27,96.0
0.06663333333333334,72.27,96.0
0.06663888888888889,72.27,96.0
0.06664444444444444,72.27,96.0
0.06665,72.27,96.0
0.06665555555555555,72.27,96.0
0.0666611111111111,72.27,96.0
0.06666666666666667,72.27,96.0
0.06667222222222223,72.27,96.0
0.06667777777777778,72.27,96.0
0.06668333333333333,72.27,96.0
0.0666888888888889,72.27,96.0
0.06669444444444445,72.27,96.0
0.0667,72.27,96.0
0.06670555555555555,72.26,96.0
0.06671111111111111,72.26,96.0
0.06671666666666667,72.26,96.0
0.06672222222222222,72.26,96.0
0.06672777777777777,72.26,96.0
0.06673333333333334,72.26,96.0
0.06673888888888889,72.26,96.0
0.06674444444444444,72.26,96.0
0.06675,72.26,96.0
0.06675555555555555,72.26,96.0
0.06676111111111112,72.26,96.0
0.06676666666666667,72.26,96.0
0.06677222222222222,72.26,96.0
0.06677777777777778,72.26,96.0
0.06678333333333333,72.26,96.0
0.06678888888888888,72.26,96.0
0.06679444444444445,72.26,96.0
0.0668,72.26,96.0
0.06680555555555556,72.26,96.0
0.06681111111111111,72.26,96.0
0.06681666666666666,72.26,96.0
0.06682222222222223,72.26,96.0
0.06682777777777778,72.26,96.0
0.06683333333333333,72.26,96.0
0.06683888888888889,72.26,96.0
0.06684444444444444,72.26,96.0
0.06684999999999999,72.26,96.0
0.06685555555555556,72.26,96.0
0.06686111111111111,72.26,96.0
0.06686666666666667,72.26,96.0
0.06687222222222222,72.26,96.0
0.06687777777777777,72.26,96.0
0.06688333333333334,72.26,96.0
0.06688888888888889,72.26,96.0
0.06689444444444444,72.26,96.0
0.0669,72.26,96.0
0.06690555555555557,72.26,96.0
0.06691111111111112,72.26,96.0
0.06691666666666667,72.26,96.0
0.06692222222222222,72.26,96.0
0.06692777777777778,72.26,96.0
0.06693333333333333,72.26,96.0
0.06693888888888888,72.23,96.0
0.06694444444444445,72.23,96.0
0.06695000000000001,72.23,96.0
0.06695555555555556,72.23,96.0
0.06696111111111111,72.23,96.0
0.06696666666666667,72.23,96.0
0.06697222222222222,72.23,96.0
0.06697777777777777,72.23,96.0
0.06698333333333333,72.23,96.0
0.06698888888888889,72.23,96.0
0.06699444444444444,72.23,96.0
0.06699999999999999,72.23,96.0
0.06700555555555555,72.23,96.0
0.06701111111111112,72.23,96.0
0.06701666666666667,72.23,96.0
0.06702222222222222,72.23,96.0
0.06702777777777778,72.23,96.0
0.06703333333333333,72.23,96.0
0.06703888888888888,72.23,96.0
0.06704444444444445,72.23,96.0
0.06705,72.23,96.0
0.06705555555555556,72.23,96.0
0.06706111111111111,72.23,96.0
0.06706666666666666,72.23,96.0
0.06707222222222223,72.23,96.0
0.06707777777777778,72.23,96.0
0.06708333333333333,72.23,96.0
0.06708888888888889,72.23,96.0
0.06709444444444444,72.23,96.0
0.0671,72.23,96.0
0.06710555555555556,72.23,96.0
0.06711111111111111,72.23,96.0
0.06711666666666667,72.23,96.0
0.06712222222222222,72.23,96.0
0.06712777777777777,72.23,96.0
0.06713333333333334,72.23,96.0
0.06713888888888889,72.23,96.0
0.06714444444444445,72.23,96.0
0.06715,72.23,96.0
0.06715555555555555,72.23,96.0
0.06716111111111112,72.23,96.0
0.06716666666666667,72.23,96.0
0.06717222222222222,72.24,96.0
0.06717777777777778,72.24,96.0
0.06718333333333333,72.24,96.0
0.06718888888888888,72.24,96.0
0.06719444444444445,72.24,96.0
0.0672,72.24,96.0
0.06720555555555556,72.24,96.0
0.06721111111111111,72.24,96.0
0.06721666666666666,72.24,96.0
0.06722222222222222,72.24,96.0
0.06722777777777778,72.24,96.0
0.06723333333333333,72.24,96.0
0.06723888888888889,72.24,96.0
0.06724444444444445,72.24,96.0
0.06725,72.24,96.0
0.06725555555555555,72.24,96.0
0.0672611111111111,72.24,96.0
0.06726666666666667,72.24,96.0
0.06727222222222222,72.24,96.0
0.06727777777777777,72.24,96.0
0.06728333333333333,72.24,96.0
0.0672888888888889,72.24,96.0
0.06729444444444445,72.24,96.0
0.0673,72.24,96.0
0.06730555555555556,72.24,96.0
0.06731111111111111,72.24,96.0
0.06731666666666666,72.24,96.0
0.06732222222222223,72.24,96.0
0.06732777777777778,72.24,96.0
0.06733333333333333,72.24,96.0
0.06733888888888888,72.24,96.0
0.06734444444444444,72.24,96.0
0.06735000000000001,72.24,96.0
0.06735555555555556,72.24,96.0
0.06736111111111111,72.24,96.0
0.06736666666666667,72.24,96.0
0.06737222222222222,72.24,96.0
0.06737777777777777,72.24,96.0
0.06738333333333334,72.24,96.0
0.06738888888888889,72.24,96.0
0.06739444444444445,72.24,96.0
0.0674,72.24,96.0
0.06740555555555555,72.27,96.0
0.06741111111111112,72.27,96.0
0.06741666666666667,72.27,96.0
0.06742222222222222,72.27,96.0
0.06742777777777778,72.27,96.0
0.06743333333333333,72.27,96.0
0.0674388888888889,72.27,96.0
0.06744444444444445,72.27,96.0
0.06745,72.27,96.0
0.06745555555555556,72.27,96.0
0.06746111111111111,72.27,96.0
0.06746666666666666,72.27,96.0
0.06747222222222223,72.27,96.0
0.06747777777777778,72.27,96.0
0.06748333333333334,72.27,96.0
0.06748888888888889,72.27,96.0
0.06749444444444444,72.27,96.0
0.0675,72.27,96.0
0.06750555555555555,72.27,96.0
0.0675111111111111,72.27,96.0
0.06751666666666667,72.27,96.0
0.06752222222222222,72.27,96.0
0.06752777777777777,72.27,96.0
0.06753333333333333,72.27,96.0
0.06753888888888888,72.27,96.0
0.06754444444444445,72.27,96.0
0.06755,72.27,96.0
0.06755555555555555,72.27,96.0
0.06756111111111111,72.27,96.0
0.06756666666666666,72.27,96.0
0.06757222222222221,72.27,96.0
0.06757777777777778,72.27,96.0
0.06758333333333334,72.27,96.0
0.06758888888888889,72.27,96.0
0.06759444444444444,72.27,96.0
0.06760000000000001,72.27,96.0
0.06760555555555556,72.27,96.0
0.06761111111111111,72.27,96.0
0.06761666666666666,72.27,96.0
0.06762222222222222,72.27,96.0
0.06762777777777779,72.27,96.0
0.06763333333333334,72.27,96.0
0.06763888888888889,72.27,96.0
0.06764444444444445,72.27,96.0
0.06765,72.27,96.0
0.06765555555555555,72.27,96.0
0.06766111111111112,72.27,96.0
0.06766666666666667,72.27,96.0
0.06767222222222222,72.27,96.0
0.06767777777777777,72.27,96.0
0.06768333333333333,72.27,96.0
0.0676888888888889,72.27,96.0
0.06769444444444445,72.27,96.0
0.0677,72.27,96.0
0.06770555555555556,72.27,96.0
0.06771111111111111,72.27,96.0
0.06771666666666666,72.27,96.0
0.06772222222222223,72.27,96.0
0.06772777777777778,72.27,96.0
0.06773333333333334,72.27,96.0
0.06773888888888889,72.27,96.0
0.06774444444444444,72.27,96.0
0.06775,72.27,96.0
0.06775555555555555,72.27,96.0
0.0677611111111111,72.27,96.0
0.06776666666666667,72.27,96.0
0.06777222222222222,72.27,96.0
0.06777777777777778,72.27,96.0
0.06778333333333333,72.27,96.0
0.06778888888888888,72.27,96.0
0.06779444444444445,72.27,96.0
0.0678,72.27,96.0
0.06780555555555555,72.27,96.0
0.06781111111111111,72.27,96.0
0.06781666666666666,72.27,96.0
0.06782222222222223,72.27,96.0
0.06782777777777778,72.27,96.0
0.06783333333333333,72.27,96.0
0.06783888888888889,72.27,96.0
0.06784444444444444,72.27,96.0
0.06785,72.27,96.0
0.06785555555555556,72.27,96.0
0.06786111111111111,72.27,96.0
0.06786666666666666,72.27,96.0
0.06787222222222222,72.24,96.0
0.06787777777777779,72.24,96.0
0.06788333333333334,72.24,96.0
0.06788888888888889,72.24,96.0
0.06789444444444444,72.24,96.0
0.0679,72.24,96.0
0.06790555555555555,72.24,96.0
0.0679111111111111,72.24,96.0
0.06791666666666667,72.24,96.0
0.06792222222222223,72.24,96.0
0.06792777777777778,72.24,96.0
0.06793333333333333,72.24,96.0
0.0679388888888889,72.24,96.0
0.06794444444444445,72.24,96.0
0.06795,72.24,96.0
0.06795555555555555,72.24,96.0
0.06796111111111111,72.24,96.0
0.06796666666666668,72.24,96.0
0.06797222222222223,72.24,96.0
0.06797777777777778,72.24,96.0
0.06798333333333334,72.24,96.0
0.06798888888888889,72.24,96.0
0.06799444444444444,72.24,96.0
0.068,72.24,96.0
0.06800555555555556,72.24,96.0
0.0680111111111111,72.24,96.0
0.06801666666666667,72.24,96.0
0.06802222222222222,72.24,96.0
0.06802777777777778,72.24,96.0
0.06803333333333333,72.24,96.0
0.06803888888888888,72.24,96.0
0.06804444444444445,72.24,96.0
0.06805,72.24,96.0
0.06805555555555555,72.24,96.0
0.06806111111111111,72.24,96.0
0.06806666666666666,72.24,96.0
0.06807222222222223,72.24,96.0
0.06807777777777778,72.24,96.0
0.06808333333333333,72.24,96.0
0.0680888888888889,72.24,96.0
0.06809444444444444,72.24,96.0
0.0681,72.24,96.0
0.06810555555555556,72.23,96.0
0.06811111111111111,72.23,96.0
0.06811666666666667,72.23,96.0
0.06812222222222222,72.23,96.0
0.06812777777777777,72.23,96.0
0.06813333333333334,72.23,96.0
0.06813888888888889,72.23,96.0
0.06814444444444444,72.23,96.0
0.06815,72.23,96.0
0.06815555555555555,72.23,96.0
0.06816111111111112,72.23,96.0
0.06816666666666667,72.23,96.0
0.06817222222222222,72.23,96.0
0.06817777777777778,72.23,96.0
0.06818333333333333,72.23,96.0
0.06818888888888888,72.23,96.0
0.06819444444444445,72.23,96.0
0.0682,72.23,96.0
0.06820555555555555,72.23,96.0
0.06821111111111111,72.23,96.0
0.06821666666666668,72.23,96.0
0.06822222222222223,72.23,96.0
0.06822777777777778,72.23,96.0
0.06823333333333333,72.23,96.0
0.06823888888888889,72.23,96.0
0.06824444444444444,72.23,96.0
0.06824999999999999,72.23,96.0
0.06825555555555556,72.23,96.0
0.06826111111111112,72.23,96.0
0.06826666666666667,72.23,96.0
0.06827222222222222,72.23,96.0
0.06827777777777778,72.23,96.0
0.06828333333333333,72.23,96.0
0.06828888888888889,72.23,96.0
0.06829444444444445,72.23,96.0
0.0683,72.23,96.0
0.06830555555555556,72.23,96.0
0.06831111111111111,72.23,96.0
0.06831666666666666,72.23,96.0
0.06832222222222223,72.23,96.0
0.06832777777777778,72.23,96.0
0.06833333333333333,72.23,96.0
0.0683388888888889,72.26,96.0
0.06834444444444444,72.26,96.0
0.06835,72.26,96.0
0.06835555555555556,72.26,96.0
0.06836111111111111,72.26,96.0
0.06836666666666667,72.26,96.0
0.06837222222222222,72.26,96.0
0.06837777777777777,72.26,96.0
0.06838333333333334,72.26,96.0
0.06838888888888889,72.26,96.0
0.06839444444444444,72.26,96.0
0.0684,72.26,96.0
0.06840555555555555,72.26,96.0
0.06841111111111112,72.26,96.0
0.06841666666666667,72.26,96.0
0.06842222222222222,72.26,96.0
0.06842777777777778,72.26,96.0
0.06843333333333333,72.26,96.0
0.06843888888888888,72.26,96.0
0.06844444444444445,72.26,96.0
0.06845,72.26,96.0
0.06845555555555556,72.26,96.0
0.06846111111111111,72.26,96.0
0.06846666666666666,72.26,96.0
0.06847222222222223,72.26,96.0
0.06847777777777778,72.26,96.0
0.06848333333333333,72.26,96.0
0.06848888888888889,72.26,96.0
0.06849444444444444,72.26,96.0
0.0685,72.26,96.0
0.06850555555555556,72.26,96.0
0.0685111111111111,72.26,96.0
0.06851666666666667,72.26,96.0
0.06852222222222222,72.26,96.0
0.06852777777777777,72.26,96.0
0.06853333333333333,72.26,96.0
0.06853888888888889,72.26,96.0
0.06854444444444444,72.26,96.0
0.06855,72.26,96.0
0.06855555555555556,72.26,96.0
0.06856111111111111,72.26,96.0
0.06856666666666666,72.26,96.0
0.06857222222222223,72.28,96.0
0.06857777777777778,72.28,96.0
0.06858333333333333,72.28,96.0
0.06858888888888888,72.28,96.0
0.06859444444444444,72.28,96.0
0.06860000000000001,72.28,96.0
0.06860555555555556,72.28,96.0
0.06861111111111111,72.28,96.0
0.06861666666666667,72.28,96.0
0.06862222222222222,72.28,96.0
0.06862777777777777,72.28,96.0
0.06863333333333334,72.28,96.0
0.06863888888888889,72.28,96.0
0.06864444444444445,72.28,96.0
0.06865,72.28,96.0
0.06865555555555555,72.28,96.0
0.06866111111111112,72.28,96.0
0.06866666666666667,72.28,96.0
0.06867222222222222,72.28,96.0
0.06867777777777778,72.28,96.0
0.06868333333333333,72.28,96.0
0.06868888888888888,72.28,96.0
0.06869444444444445,72.28,96.0
0.0687,72.28,96.0
0.06870555555555556,72.28,96.0
0.06871111111111111,72.28,96.0
0.06871666666666666,72.28,96.0
0.06872222222222223,72.28,96.0
0.06872777777777778,72.28,96.0
0.06873333333333333,72.28,96.0
0.06873888888888889,72.28,96.0
0.06874444444444444,72.28,96.0
0.06875,72.28,96.0
0.06875555555555556,72.28,96.0
0.0687611111111111,72.28,96.0
0.06876666666666667,72.28,96.0
0.06877222222222222,72.28,96.0
0.06877777777777777,72.28,96.0
0.06878333333333334,72.28,96.0
0.06878888888888889,72.28,96.0
0.06879444444444445,72.28,96.0
0.0688,72.28,96.0
0.06880555555555555,72.26,96.0
0.06881111111111111,72.26,96.0
0.06881666666666666,72.26,96.0
0.06882222222222222,72.26,96.0
0.06882777777777778,72.26,96.0
0.06883333333333333,72.26,96.0
0.0688388888888889,72.26,96.0
0.06884444444444444,72.26,96.0
0.06885000000000001,72.26,96.0
0.06885555555555556,72.26,96.0
0.06886111111111111,72.26,96.0
0.06886666666666666,72.26,96.0
0.06887222222222222,72.26,96.0
0.06887777777777777,72.26,96.0
0.06888333333333332,72.26,96.0
0.06888888888888889,72.26,96.0
0.06889444444444445,72.26,96.0
0.0689,72.26,96.0
0.06890555555555555,72.26,96.0
0.06891111111111112,72.26,96.0
0.06891666666666667,72.26,96.0
0.06892222222222222,72.26,96.0
0.06892777777777777,72.26,96.0
0.06893333333333333,72.26,96.0
0.0689388888888889,72.26,96.0
0.06894444444444445,72.26,96.0
0.06895,72.26,96.0
0.06895555555555556,72.26,96.0
0.06896111111111111,72.26,96.0
0.06896666666666666,72.26,96.0
0.06897222222222223,72.26,96.0
0.06897777777777778,72.26,96.0
0.06898333333333334,72.26,96.0
0.06898888888888889,72.26,96.0
0.06899444444444444,72.26,96.0
0.069,72.26,96.0
0.06900555555555556,72.26,96.0
0.0690111111111111,72.26,96.0
0.06901666666666667,72.26,96.0
0.06902222222222222,72.26,96.0
0.06902777777777777,72.26,96.0
0.06903333333333334,72.26,96.0
0.06903888888888889,72.24,96.0
0.06904444444444445,72.24,96.0
0.06905,72.24,96.0
0.06905555555555555,72.24,96.0
0.06906111111111111,72.24,96.0
0.06906666666666667,72.24,96.0
0.06907222222222222,72.24,96.0
0.06907777777777778,72.24,96.0
0.06908333333333333,72.24,96.0
0.0690888888888889,72.24,96.0
0.06909444444444444,72.24,96.0
0.0691,72.24,96.0
0.06910555555555556,72.24,96.0
0.06911111111111111,72.24,96.0
0.06911666666666666,72.24,96.0
0.06912222222222222,72.24,96.0
0.06912777777777779,72.24,96.0
0.06913333333333334,72.24,96.0
0.06913888888888889,72.24,96.0
0.06914444444444444,72.24,96.0
0.06915,72.24,96.0
0.06915555555555555,72.24,96.0
0.0691611111111111,72.24,96.0
0.06916666666666667,72.24,96.0
0.06917222222222222,72.24,96.0
0.06917777777777778,72.24,96.0
0.06918333333333333,72.24,96.0
0.0691888888888889,72.24,96.0
0.06919444444444445,72.24,96.0
0.0692,72.24,96.0
0.06920555555555555,72.24,96.0
0.06921111111111111,72.24,96.0
0.06921666666666666,72.24,96.0
0.06922222222222221,72.24,96.0
0.06922777777777778,72.24,96.0
0.06923333333333334,72.24,96.0
0.06923888888888889,72.24,96.0
0.06924444444444444,72.24,96.0
0.06925,72.24,96.0
0.06925555555555556,72.24,96.0
0.0692611111111111,72.24,96.0
0.06926666666666667,72.24,96.0
0.06927222222222222,72.25,96.0
0.06927777777777779,72.25,96.0
0.06928333333333334,72.25,96.0
0.06928888888888889,72.25,96.0
0.06929444444444445,72.25,96.0
0.0693,72.25,96.0
0.06930555555555555,72.25,96.0
0.06931111111111112,72.25,96.0
0.06931666666666667,72.25,96.0
0.06932222222222223,72.25,96.0
0.06932777777777778,72.25,96.0
0.06933333333333333,72.25,96.0
0.0693388888888889,72.25,96.0
0.06934444444444444,72.25,96.0
0.06935,72.25,96.0
0.06935555555555556,72.25,96.0
0.06936111111111111,72.25,96.0
0.06936666666666666,72.25,96.0
0.06937222222222222,72.25,96.0
0.06937777777777777,72.25,96.0
0.06938333333333334,72.25,96.0
0.06938888888888889,72.25,96.0
0.06939444444444444,72.25,96.0
0.0694,72.25,96.0
0.06940555555555555,72.25,96.0
0.0694111111111111,72.25,96.0
0.06941666666666667,72.25,96.0
0.06942222222222222,72.25,96.0
0.06942777777777778,72.25,96.0
0.06943333333333333,72.25,96.0
0.06943888888888888,72.25,96.0
0.06944444444444445,72.25,96.0
0.06945,72.25,96.0
0.06945555555555555,72.25,96.0
0.06946111111111111,72.25,96.0
0.06946666666666668,72.25,96.0
0.06947222222222223,72.25,96.0
0.06947777777777778,72.25,96.0
0.06948333333333333,72.25,96.0
0.06948888888888889,72.25,96.0
0.06949444444444444,72.25,96.0
0.06949999999999999,72.25,96.0
0.06950555555555556,72.27,96.0
0.0695111111111111,72.27,96.0
0.06951666666666667,72.27,96.0
0.06952222222222222,72.27,96.0
0.06952777777777779,72.27,96.0
0.06953333333333334,72.27,96.0
0.06953888888888889,72.27,96.0
0.06954444444444445,72.27,96.0
0.06955,72.27,96.0
0.06955555555555555,72.27,96.0
0.0695611111111111,72.27,96.0
0.06956666666666667,72.27,96.0
0.06957222222222223,72.27,96.0
0.06957777777777778,72.27,96.0
0.06958333333333333,72.27,96.0
0.0695888888888889,72.27,96.0
0.06959444444444444,72.27,96.0
0.0696,72.27,96.0
0.06960555555555556,72.27,96.0
0.06961111111111111,72.27,96.0
0.06961666666666667,72.27,96.0
0.06962222222222222,72.27,96.0
0.06962777777777777,72.27,96.0
0.06963333333333334,72.27,96.0
0.06963888888888889,72.27,96.0
0.06964444444444444,72.27,96.0
0.06965,72.27,96.0
0.06965555555555555,72.27,96.0
0.06966111111111112,72.27,96.0
0.06966666666666667,72.27,96.0
0.06967222222222222,72.27,96.0
0.06967777777777778,72.27,96.0
0.06968333333333333,72.27,96.0
0.06968888888888888,72.27,96.0
0.06969444444444445,72.27,96.0
0.0697,72.27,96.0
0.06970555555555555,72.27,96.0
0.06971111111111111,72.27,96.0
0.06971666666666666,72.27,96.0
0.06972222222222223,72.27,96.0
0.06972777777777778,72.27,96.0
0.06973333333333333,72.27,96.0
0.06973888888888889,72.27,96.0
0.06974444444444444,72.27,96.0
0.06974999999999999,72.27,96.0
0.06975555555555556,72.27,96.0
0.06976111111111111,72.27,96.0
0.06976666666666667,72.27,96.0
0.06977222222222222,72.27,96.0
0.06977777777777777,72.27,96.0
0.06978333333333334,72.27,96.0
0.06978888888888889,72.27,96.0
0.06979444444444444,72.27,96.0
0.0698,72.27,96.0
0.06980555555555557,72.27,96.0
0.06981111111111112,72.27,96.0
0.06981666666666667,72.27,96.0
0.06982222222222223,72.27,96.0
0.06982777777777778,72.27,96.0
0.06983333333333333,72.27,96.0
0.06983888888888888,72.27,96.0
0.06984444444444445,72.27,96.0
0.06985,72.27,96.0
0.06985555555555556,72.27,96.0
0.06986111111111111,72.27,96.0
0.06986666666666667,72.27,96.0
0.06987222222222222,72.27,96.0
0.06987777777777777,72.27,96.0
0.06988333333333334,72.27,96.0
0.06988888888888889,72.27,96.0
0.06989444444444444,72.27,96.0
0.06989999999999999,72.27,96.0
0.06990555555555555,72.27,96.0
0.06991111111111112,72.27,96.0
0.06991666666666667,72.27,96.0
0.06992222222222222,72.27,96.0
0.06992777777777778,72.27,96.0
0.06993333333333333,72.27,96.0
0.06993888888888888,72.27,96.0
0.06994444444444445,72.27,96.0
0.06995,72.27,96.0
0.06995555555555556,72.27,96.0
0.06996111111111111,72.27,96.0
0.06996666666666666,72.27,96.0
0.06997222222222223,72.25,96.0
0.06997777777777778,72.25,96.0
0.06998333333333333,72.25,96.0
0.06998888888888889,72.25,96.0
0.06999444444444444,72.25,96.0
0.07,72.25,96.0
0.07000555555555556,72.25,96.0
0.07001111111111111,72.25,96.0
0.07001666666666667,72.25,96.0
0.07002222222222222,72.25,96.0
0.07002777777777777,72.25,96.0
0.07003333333333334,72.25,96.0
0.07003888888888889,72.25,96.0
0.07004444444444444,72.25,96.0
0.07005,72.25,96.0
0.07005555555555555,72.25,96.0
0.07006111111111112,72.25,96.0
0.07006666666666667,72.25,96.0
0.07007222222222222,72.25,96.0
0.07007777777777778,72.25,96.0
0.07008333333333333,72.25,96.0
0.07008888888888888,72.25,96.0
0.07009444444444445,72.25,96.0
0.07010000000000001,72.25,96.0
0.07010555555555556,72.25,96.0
0.07011111111111111,72.25,96.0
0.07011666666666666,72.25,96.0
0.07012222222222222,72.25,96.0
0.07012777777777777,72.25,96.0
0.07013333333333333,72.25,96.0
0.07013888888888889,72.25,96.0
0.07014444444444445,72.25,96.0
0.07015,72.25,96.0
0.07015555555555555,72.25,96.0
0.07016111111111112,72.25,96.0
0.07016666666666667,72.25,96.0
0.07017222222222222,72.25,96.0
0.07017777777777777,72.25,96.0
0.07018333333333333,72.25,96.0
0.07018888888888888,72.25,96.0
0.07019444444444445,72.25,96.0
0.0702,72.25,96.0
0.07020555555555556,72.24,96.0
0.07021111111111111,72.24,96.0
0.07021666666666666,72.24,96.0
0.07022222222222223,72.24,96.0
0.07022777777777778,72.24,96.0
0.07023333333333333,72.24,96.0
0.07023888888888889,72.24,96.0
0.07024444444444444,72.24,96.0
0.07025,72.24,96.0
0.07025555555555556,72.24,96.0
0.07026111111111111,72.24,96.0
0.07026666666666667,72.24,96.0
0.07027222222222222,72.24,96.0
0.07027777777777777,72.24,96.0
0.07028333333333334,72.24,96.0
0.07028888888888889,72.24,96.0
0.07029444444444445,72.24,96.0
0.0703,72.24,96.0
0.07030555555555555,72.24,96.0
0.07031111111111112,72.24,96.0
0.07031666666666667,72.24,96.0
0.07032222222222222,72.24,96.0
0.07032777777777778,72.24,96.0
0.07033333333333333,72.24,96.0
0.0703388888888889,72.24,96.0
0.07034444444444445,72.24,96.0
0.07035,72.24,96.0
0.07035555555555556,72.24,96.0
0.07036111111111111,72.24,96.0
0.07036666666666666,72.24,96.0
0.07037222222222222,72.24,96.0
0.07037777777777778,72.24,96.0
0.07038333333333333,72.24,96.0
0.07038888888888889,72.24,96.0
0.07039444444444444,72.24,96.0
0.0704,72.24,96.0
0.07040555555555555,72.24,96.0
0.0704111111111111,72.24,96.0
0.07041666666666667,72.24,96.0
0.07042222222222222,72.24,96.0
0.07042777777777777,72.24,96.0
0.07043333333333333,72.24,96.0
0.0704388888888889,72.26,96.0
0.07044444444444445,72.26,96.0
0.07045,72.26,96.0
0.07045555555555555,72.26,96.0
0.07046111111111111,72.26,96.0
0.07046666666666666,72.26,96.0
0.07047222222222221,72.26,96.0
0.07047777777777778,72.26,96.0
0.07048333333333334,72.26,96.0
0.07048888888888889,72.26,96.0
0.07049444444444444,72.26,96.0
0.07050000000000001,72.26,96.0
0.07050555555555556,72.26,96.0
0.07051111111111111,72.26,96.0
0.07051666666666667,72.26,96.0
0.07052222222222222,72.26,96.0
0.07052777777777777,72.26,96.0
0.07053333333333334,72.26,96.0
0.07053888888888889,72.26,96.0
0.07054444444444445,72.26,96.0
0.07055,72.26,96.0
0.07055555555555555,72.26,96.0
0.07056111111111112,72.26,96.0
0.07056666666666667,72.26,96.0
0.07057222222222222,72.26,96.0
0.07057777777777778,72.26,96.0
0.07058333333333333,72.26,96.0
0.0705888888888889,72.26,96.0
0.07059444444444445,72.26,96.0
0.0706,72.26,96.0
0.07060555555555556,72.26,96.0
0.07061111111111111,72.26,96.0
0.07061666666666666,72.26,96.0
0.07062222222222223,72.26,96.0
0.07062777777777778,72.26,96.0
0.07063333333333334,72.26,96.0
0.07063888888888889,72.26,96.0
0.07064444444444444,72.26,96.0
0.07065,72.26,96.0
0.07065555555555555,72.26,96.0
0.0706611111111111,72.26,96.0
0.07066666666666667,72.26,96.0
0.07067222222222222,72.28,96.0
0.07067777777777778,72.28,96.0
0.07068333333333333,72.28,96.0
0.07068888888888888,72.28,96.0
0.07069444444444445,72.28,96.0
0.0707,72.28,96.0
0.07070555555555555,72.28,96.0
0.07071111111111111,72.28,96.0
0.07071666666666666,72.28,96.0
0.07072222222222221,72.28,96.0
0.07072777777777778,72.28,96.0
0.07073333333333333,72.28,96.0
0.07073888888888889,72.28,96.0
0.07074444444444444,72.28,96.0
0.07075,72.28,96.0
0.07075555555555556,72.28,96.0
0.07076111111111111,72.28,96.0
0.07076666666666666,72.28,96.0
0.07077222222222222,72.28,96.0
0.07077777777777779,72.28,96.0
0.07078333333333334,72.28,96.0
0.07078888888888889,72.28,96.0
0.07079444444444445,72.28,96.0
0.0708,72.28,96.0
0.07080555555555555,72.28,96.0
0.0708111111111111,72.28,96.0
0.07081666666666667,72.28,96.0
0.07082222222222223,72.28,96.0
0.07082777777777778,72.28,96.0
0.07083333333333333,72.28,96.0
0.0708388888888889,72.28,96.0
0.07084444444444445,72.28,96.0
0.07085,72.28,96.0
0.07085555555555556,72.28,96.0
0.07086111111111111,72.28,96.0
0.07086666666666666,72.28,96.0
0.07087222222222223,72.28,96.0
0.07087777777777778,72.28,96.0
0.07088333333333334,72.28,96.0
0.07088888888888889,72.28,96.0
0.07089444444444444,72.28,96.0
0.0709,72.28,96.0
0.07090555555555556,72.26,96.0
0.0709111111111111,72.26,96.0
0.07091666666666667,72.26,96.0
0.07092222222222222,72.26,96.0
0.07092777777777778,72.26,96.0
0.07093333333333333,72.26,96.0
0.07093888888888888,72.26,96.0
0.07094444444444445,72.26,96.0
0.07095,72.26,96.0
0.07095555555555555,72.26,96.0
0.07096111111111111,72.26,96.0
0.07096666666666666,72.26,96.0
0.07097222222222223,72.26,96.0
0.07097777777777778,72.26,96.0
0.07098333333333333,72.26,96.0
0.07098888888888889,72.26,96.0
0.07099444444444444,72.26,96.0
0.071,72.26,96.0
0.07100555555555556,72.26,96.0
0.07101111111111111,72.26,96.0
0.07101666666666667,72.26,96.0
0.07102222222222222,72.26,96.0
0.07102777777777777,72.26,96.0
0.07103333333333334,72.26,96.0
0.07103888888888889,72.26,96.0
0.07104444444444444,72.26,96.0
0.07105,72.26,96.0
0.07105555555555555,72.26,96.0
0.0710611111111111,72.26,96.0
0.07106666666666667,72.26,96.0
0.07107222222222223,72.26,96.0
0.07107777777777778,72.26,96.0
0.07108333333333333,72.26,96.0
0.07108888888888888,72.26,96.0
0.07109444444444445,72.26,96.0
0.0711,72.26,96.0
0.07110555555555555,72.26,96.0
0.07111111111111111,72.26,96.0
0.07111666666666666,72.26,96.0
0.07112222222222223,72.26,96.0
0.07112777777777778,72.26,96.0
0.07113333333333333,72.26,96.0
0.07113888888888889,72.24,96.0
0.07114444444444444,72.24,96.0
0.07114999999999999,72.24,96.0
0.07115555555555557,72.24,96.0
0.07116111111111112,72.24,96.0
0.07116666666666667,72.24,96.0
0.07117222222222223,72.24,96.0
0.07117777777777778,72.24,96.0
0.07118333333333333,72.24,96.0
0.07118888888888888,72.24,96.0
0.07119444444444445,72.24,96.0
0.0712,72.24,96.0
0.07120555555555555,72.24,96.0
0.07121111111111111,72.24,96.0
0.07121666666666666,72.24,96.0
0.07122222222222221,72.24,96.0
0.07122777777777778,72.24,96.0
0.07123333333333333,72.24,96.0
0.07123888888888888,72.24,96.0
0.07124444444444444,72.24,96.0
0.07125,72.24,96.0
0.07125555555555554,72.24,96.0
0.07126111111111112,72.24,96.0
0.07126666666666667,72.24,96.0
0.07127222222222222,72.24,96.0
0.07127777777777779,72.24,96.0
0.07128333333333334,72.24,96.0
0.07128888888888889,72.24,96.0
0.07129444444444445,72.24,96.0
0.0713,72.24,96.0
0.07130555555555555,72.24,96.0
0.07131111111111112,72.24,96.0
0.07131666666666667,72.24,96.0
0.07132222222222222,72.24,96.0
0.07132777777777777,72.24,96.0
0.07133333333333333,72.24,96.0
0.07133888888888888,72.24,96.0
0.07134444444444443,72.24,96.0
0.07135000000000001,72.24,96.0
0.07135555555555556,72.24,96.0
0.07136111111111111,72.24,96.0
0.07136666666666668,72.24,96.0
0.07137222222222223,72.25,96.0
0.07137777777777778,72.25,96.0
0.07138333333333334,72.25,96.0
0.07138888888888889,72.25,96.0
0.07139444444444444,72.25,96.0
0.0714,72.25,96.0
0.07140555555555556,72.25,96.0
0.0714111111111111,72.25,96.0
0.07141666666666667,72.25,96.0
0.07142222222222222,72.25,96.0
0.07142777777777777,72.25,96.0
0.07143333333333333,72.25,96.0
0.07143888888888889,72.25,96.0
0.07144444444444444,72.25,96.0
0.07145000000000001,72.25,96.0
0.07145555555555556,72.25,96.0
0.07146111111111111,72.25,96.0
0.07146666666666666,72.25,96.0
0.07147222222222223,72.25,96.0
0.07147777777777778,72.25,96.0
0.07148333333333333,72.25,96.0
0.0714888888888889,72.25,96.0
0.07149444444444444,72.25,96.0
0.0715,72.25,96.0
0.07150555555555556,72.25,96.0
0.07151111111111111,72.25,96.0
0.07151666666666666,72.25,96.0
0.07152222222222222,72.25,96.0
0.07152777777777777,72.25,96.0
0.07153333333333332,72.25,96.0
0.07153888888888889,72.25,96.0
0.07154444444444444,72.25,96.0
0.07155,72.25,96.0
0.07155555555555557,72.25,96.0
0.07156111111111112,72.25,96.0
0.07156666666666667,72.25,96.0
0.07157222222222223,72.25,96.0
0.07157777777777778,72.25,96.0
0.07158333333333333,72.25,96.0
0.0715888888888889,72.25,96.0
0.07159444444444445,72.25,96.0
0.0716,72.25,96.0
0.07160555555555555,72.28,96.0
0.07161111111111111,72.28,96.0
0.07161666666666666,72.28,96.0
0.07162222222222221,72.28,96.0
0.07162777777777778,72.28,96.0
0.07163333333333333,72.28,96.0
0.07163888888888888,72.28,96.0
0.07164444444444446,72.28,96.0
0.07165,72.28,96.0
0.07165555555555556,72.28,96.0
0.07166111111111112,72.28,96.0
0.07166666666666667,72.28,96.0
0.07167222222222222,72.28,96.0
0.07167777777777778,72.28,96.0
0.07168333333333334,72.28,96.0
0.07168888888888889,72.28,96.0
0.07169444444444445,72.28,96.0
0.0717,72.28,96.0
0.07170555555555555,72.28,96.0
0.07171111111111111,72.28,96.0
0.07171666666666666,72.28,96.0
0.07172222222222221,72.28,96.0
0.07172777777777778,72.28,96.0
0.07173333333333333,72.28,96.0
0.07173888888888888,72.28,96.0
0.07174444444444443,72.28,96.0
0.07175000000000001,72.28,96.0
0.07175555555555556,72.28,96.0
0.07176111111111111,72.28,96.0
0.07176666666666667,72.28,96.0
0.07177222222222222,72.28,96.0
0.07177777777777777,72.28,96.0
0.07178333333333334,72.28,96.0
0.07178888888888889,72.28,96.0
0.07179444444444444,72.28,96.0
0.0718,72.28,96.0
0.07180555555555555,72.28,96.0
0.0718111111111111,72.28,96.0
0.07181666666666667,72.28,96.0
0.07182222222222222,72.28,96.0
0.07182777777777777,72.28,96.0
0.07183333333333335,72.28,96.0
0.0718388888888889,72.28,96.0
0.07184444444444445,72.28,96.0
0.07185000000000001,72.28,96.0
0.07185555555555556,72.28,96.0
0.07186111111111111,72.28,96.0
0.07186666666666668,72.28,96.0
0.07187222222222223,72.28,96.0
0.07187777777777778,72.28,96.0
0.07188333333333333,72.28,96.0
0.07188888888888889,72.28,96.0
0.07189444444444444,72.28,96.0
0.07189999999999999,72.28,96.0
0.07190555555555556,72.28,96.0
0.0719111111111111,72.28,96.0
0.07191666666666666,72.28,96.0
0.07192222222222222,72.28,96.0
0.07192777777777777,72.28,96.0
0.07193333333333332,72.28,96.0
0.0719388888888889,72.28,96.0
0.07194444444444445,72.28,96.0
0.07195,72.28,96.0
0.07195555555555556,72.28,96.0
0.07196111111111111,72.28,96.0
0.07196666666666666,72.28,96.0
0.07197222222222223,72.28,96.0
0.07197777777777778,72.28,96.0
0.07198333333333333,72.28,96.0
0.0719888888888889,72.28,96.0
0.07199444444444444,72.28,96.0
0.072,72.28,96.0
0.07200555555555556,72.28,96.0
0.07201111111111111,72.28,96.0
0.07201666666666666,72.28,96.0
0.07202222222222221,72.28,96.0
0.07202777777777779,72.28,96.0
0.07203333333333334,72.28,96.0
0.07203888888888889,72.28,96.0
0.07204444444444445,72.28,96.0
0.07205,72.28,96.0
0.07205555555555555,72.28,96.0
0.07206111111111112,72.28,96.0
0.07206666666666667,72.28,96.0
0.07207222222222222,72.25,96.0
0.07207777777777778,72.25,96.0
0.07208333333333333,72.25,96.0
0.07208888888888888,72.25,96.0
0.07209444444444445,72.25,96.0
0.0721,72.25,96.0
0.07210555555555555,72.25,96.0
0.07211111111111111,72.25,96.0
0.07211666666666666,72.25,96.0
0.07212222222222221,72.25,96.0
0.07212777777777779,72.25,96.0
0.07213333333333334,72.25,96.0
0.07213888888888889,72.25,96.0
0.07214444444444446,72.25,96.0
0.07215,72.25,96.0
0.07215555555555556,72.25,96.0
0.0721611111111111,72.25,96.0
0.07216666666666667,72.25,96.0
0.07217222222222222,72.25,96.0
0.07217777777777777,72.25,96.0
0.07218333333333334,72.25,96.0
0.07218888888888889,72.25,96.0
0.07219444444444444,72.25,96.0
0.0722,72.25,96.0
0.07220555555555555,72.25,96.0
0.0722111111111111,72.25,96.0
0.07221666666666667,72.25,96.0
0.07222222222222222,72.25,96.0
0.07222777777777778,72.25,96.0
0.07223333333333334,72.25,96.0
0.0722388888888889,72.25,96.0
0.07224444444444444,72.25,96.0
0.07225000000000001,72.25,96.0
0.07225555555555556,72.25,96.0
0.07226111111111111,72.25,96.0
0.07226666666666667,72.25,96.0
0.07227222222222222,72.25,96.0
0.07227777777777777,72.25,96.0
0.07228333333333334,72.25,96.0
0.07228888888888889,72.25,96.0
0.07229444444444444,72.25,96.0
0.07229999999999999,72.25,96.0
0.07230555555555555,72.25,96.0
0.0723111111111111,72.25,96.0
0.07231666666666665,72.25,96.0
0.07232222222222223,72.25,96.0
0.07232777777777778,72.25,96.0
0.07233333333333333,72.25,96.0
0.0723388888888889,72.25,96.0
0.07234444444444445,72.25,96.0
0.07235,72.25,96.0
0.07235555555555556,72.25,96.0
0.07236111111111111,72.25,96.0
0.07236666666666666,72.25,96.0
0.07237222222222223,72.25,96.0
0.07237777777777778,72.25,96.0
0.07238333333333333,72.25,96.0
0.07238888888888889,72.25,96.0
0.07239444444444444,72.25,96.0
0.07239999999999999,72.25,96.0
0.07240555555555556,72.25,96.0
0.0724111111111111,72.25,96.0
0.07241666666666666,72.25,96.0
0.07242222222222224,72.25,96.0
0.07242777777777779,72.25,96.0
0.07243333333333334,72.25,96.0
0.07243888888888889,72.25,96.0
0.07244444444444445,72.25,96.0
0.07245,72.25,96.0
0.07245555555555555,72.25,96.0
0.07246111111111112,72.25,96.0
0.07246666666666667,72.25,96.0
0.07247222222222222,72.25,96.0
0.07247777777777778,72.25,96.0
0.07248333333333333,72.25,96.0
0.07248888888888888,72.25,96.0
0.07249444444444444,72.25,96.0
0.0725,72.25,96.0
0.07250555555555555,72.25,96.0
0.07251111111111112,72.25,96.0
0.07251666666666667,72.25,96.0
0.07252222222222222,72.25,96.0
0.07252777777777779,72.25,96.0
0.07253333333333334,72.25,96.0
0.07253888888888889,72.27,96.0
0.07254444444444445,72.27,96.0
0.07255,72.27,96.0
0.07255555555555555,72.27,96.0
0.07256111111111112,72.27,96.0
0.07256666666666667,72.27,96.0
0.07257222222222222,72.27,96.0
0.07257777777777777,72.27,96.0
0.07258333333333333,72.27,96.0
0.07258888888888888,72.27,96.0
0.07259444444444443,72.27,96.0
0.0726,72.27,96.0
0.07260555555555555,72.27,96.0
0.0726111111111111,72.27,96.0
0.07261666666666668,72.27,96.0
0.07262222222222223,72.27,96.0
0.07262777777777778,72.27,96.0
0.07263333333333334,72.27,96.0
0.07263888888888889,72.27,96.0
0.07264444444444444,72.27,96.0
0.07265,72.27,96.0
0.07265555555555556,72.27,96.0
0.0726611111111111,72.27,96.0
0.07266666666666667,72.27,96.0
0.07267222222222222,72.27,96.0
0.07267777777777777,72.27,96.0
0.07268333333333334,72.27,96.0
0.07268888888888889,72.27,96.0
0.07269444444444444,72.27,96.0
0.0727,72.27,96.0
0.07270555555555556,72.27,96.0
0.07271111111111112,72.27,96.0
0.07271666666666667,72.27,96.0
0.07272222222222223,72.27,96.0
0.07272777777777778,72.27,96.0
0.07273333333333333,72.27,96.0
0.0727388888888889,72.27,96.0
0.07274444444444444,72.27,96.0
0.07275,72.27,96.0
0.07275555555555556,72.27,96.0
0.07276111111111111,72.27,96.0
0.07276666666666666,72.27,96.0
0.07277222222222222,72.29,96.0
0.07277777777777777,72.29,96.0
0.07278333333333332,72.29,96.0
0.07278888888888889,72.29,96.0
0.07279444444444444,72.29,96.0
0.07279999999999999,72.29,96.0
0.07280555555555557,72.29,96.0
0.07281111111111112,72.29,96.0
0.07281666666666667,72.29,96.0
0.07282222222222223,72.29,96.0
0.07282777777777778,72.29,96.0
0.07283333333333333,72.29,96.0
0.0728388888888889,72.29,96.0
0.07284444444444445,72.29,96.0
0.07285,72.29,96.0
0.07285555555555555,72.29,96.0
0.07286111111111111,72.29,96.0
0.07286666666666666,72.29,96.0
0.07287222222222221,72.29,96.0
0.07287777777777778,72.29,96.0
0.07288333333333333,72.29,96.0
0.07288888888888888,72.29,96.0
0.07289444444444444,72.29,96.0
0.07289999999999999,72.29,96.0
0.07290555555555556,72.29,96.0
0.07291111111111112,72.29,96.0
0.07291666666666667,72.29,96.0
0.07292222222222222,72.29,96.0
0.07292777777777779,72.29,96.0
0.07293333333333334,72.29,96.0
0.07293888888888889,72.29,96.0
0.07294444444444445,72.29,96.0
0.07295,72.29,96.0
0.07295555555555555,72.29,96.0
0.07296111111111112,72.29,96.0
0.07296666666666667,72.29,96.0
0.07297222222222222,72.29,96.0
0.07297777777777778,72.29,96.0
0.07298333333333333,72.29,96.0
0.07298888888888888,72.29,96.0
0.07299444444444443,72.29,96.0
0.07300000000000001,72.29,96.0
0.07300555555555556,72.26,95.9
0.07301111111111111,72.26,95.9
0.07301666666666667,72.26,95.9
0.07302222222222222,72.26,95.9
0.07302777777777777,72.26,95.9
0.07303333333333334,72.26,95.9
0.07303888888888889,72.26,95.9
0.07304444444444444,72.26,95.9
0.07305,72.26,95.9
0.07305555555555555,72.26,95.9
0.0730611111111111,72.26,95.9
0.07306666666666667,72.26,95.9
0.07307222222222222,72.26,95.9
0.07307777777777777,72.26,95.9
0.07308333333333333,72.26,95.9
0.07308888888888888,72.26,95.9
0.07309444444444443,72.26,95.9
0.07310000000000001,72.26,95.9
0.07310555555555556,72.26,95.9
0.07311111111111111,72.26,95.9
0.07311666666666668,72.26,95.9
0.07312222222222223,72.26,95.9
0.07312777777777778,72.26,95.9
0.07313333333333333,72.26,95.9
0.07313888888888889,72.26,95.9
0.07314444444444444,72.26,95.9
0.07314999999999999,72.26,95.9
0.07315555555555556,72.26,95.9
0.07316111111111111,72.26,95.9
0.07316666666666666,72.26,95.9
0.07317222222222222,72.26,95.9
0.07317777777777777,72.26,95.9
0.07318333333333332,72.26,95.9
0.0731888888888889,72.26,95.9
0.07319444444444445,72.26,95.9
0.0732,72.26,95.9
0.07320555555555557,72.26,95.9
0.07321111111111112,72.26,95.9
0.07321666666666667,72.26,95.9
0.07322222222222223,72.26,95.9
0.07322777777777778,72.26,95.9
0.07323333333333333,72.26,95.9
0.0732388888888889,72.25,95.9
0.07324444444444445,72.25,95.9
0.07325,72.25,95.9
0.07325555555555556,72.25,95.9
0.07326111111111111,72.25,95.9
0.07326666666666666,72.25,95.9
0.07327222222222221,72.25,95.9
0.07327777777777778,72.25,95.9
0.07328333333333333,72.25,95.9
0.07328888888888888,72.25,95.9
0.07329444444444445,72.25,95.9
0.0733,72.25,95.9
0.07330555555555555,72.25,95.9
0.07331111111111112,72.25,95.9
0.07331666666666667,72.25,95.9
0.07332222222222222,72.25,95.9
0.07332777777777778,72.25,95.9
0.07333333333333333,72.25,95.9
0.07333888888888888,72.25,95.9
0.07334444444444445,72.25,95.9
0.07335,72.25,95.9
0.07335555555555555,72.25,95.9
0.07336111111111111,72.25,95.9
0.07336666666666666,72.25,95.9
0.07337222222222221,72.25,95.9
0.07337777777777778,72.25,95.9
0.07338333333333334,72.25,95.9
0.07338888888888889,72.25,95.9
0.07339444444444446,72.25,95.9
0.0734,72.25,95.9
0.07340555555555556,72.25,95.9
0.07341111111111111,72.25,95.9
0.07341666666666667,72.25,95.9
0.07342222222222222,72.25,95.9
0.07342777777777777,72.25,95.9
0.07343333333333334,72.25,95.9
0.07343888888888889,72.25,95.9
0.07344444444444444,72.25,95.9
0.07345,72.25,95.9
0.07345555555555555,72.25,95.9
0.0734611111111111,72.25,95.9
0.07346666666666667,72.25,95.9
0.07347222222222222,72.26,96.0
0.07347777777777777,72.26,96.0
0.07348333333333334,72.26,96.0
0.0734888888888889,72.26,96.0
0.07349444444444445,72.26,96.0
0.07350000000000001,72.26,96.0
0.07350555555555556,72.26,96.0
0.07351111111111111,72.26,96.0
0.07351666666666667,72.26,96.0
0.07352222222222222,72.26,96.0
0.07352777777777778,72.26,96.0
0.07353333333333334,72.26,96.0
0.07353888888888889,72.26,96.0
0.07354444444444444,72.26,96.0
0.07354999999999999,72.26,96.0
0.07355555555555555,72.26,96.0
0.0735611111111111,72.26,96.0
0.07356666666666666,72.26,96.0
0.07357222222222222,72.26,96.0
0.07357777777777777,72.26,96.0
0.07358333333333333,72.26,96.0
0.0735888888888889,72.26,96.0
0.07359444444444445,72.26,96.0
0.0736,72.26,96.0
0.07360555555555556,72.26,96.0
0.07361111111111111,72.26,96.0
0.07361666666666666,72.26,96.0
0.07362222222222223,72.26,96.0
0.07362777777777778,72.26,96.0
0.07363333333333333,72.26,96.0
0.07363888888888889,72.26,96.0
0.07364444444444444,72.26,96.0
0.07365,72.26,96.0
0.07365555555555556,72.26,96.0
0.07366111111111111,72.26,96.0
0.07366666666666666,72.26,96.0
0.07367222222222224,72.26,96.0
0.07367777777777779,72.26,96.0
0.07368333333333334,72.26,96.0
0.07368888888888889,72.26,96.0
0.07369444444444445,72.26,96.0
0.0737,72.26,96.0
0.07370555555555555,72.29,96.0
0.07371111111111112,72.29,96.0
0.07371666666666667,72.29,96.0
0.07372222222222222,72.29,96.0
0.07372777777777778,72.29,96.0
0.07373333333333333,72.29,96.0
0.07373888888888888,72.29,96.0
0.07374444444444445,72.29,96.0
0.07375,72.29,96.0
0.07375555555555555,72.29,96.0
0.07376111111111111,72.29,96.0
0.07376666666666666,72.29,96.0
0.07377222222222221,72.29,96.0
0.07377777777777779,72.29,96.0
0.07378333333333334,72.29,96.0
0.07378888888888889,72.29,96.0
0.07379444444444445,72.29,96.0
0.0738,72.29,96.0
0.07380555555555555,72.29,96.0
0.07381111111111112,72.29,96.0
0.07381666666666667,72.29,96.0
0.07382222222222222,72.29,96.0
0.07382777777777777,72.29,96.0
0.07383333333333333,72.29,96.0
0.07383888888888888,72.29,96.0
0.07384444444444443,72.29,96.0
0.07385,72.29,96.0
0.07385555555555555,72.29,96.0
0.0738611111111111,72.29,96.0
0.07386666666666668,72.29,96.0
0.07387222222222223,72.29,96.0
0.07387777777777778,72.29,96.0
0.07388333333333334,72.29,96.0
0.07388888888888889,72.29,96.0
0.07389444444444444,72.29,96.0
0.07390000000000001,72.29,96.0
0.07390555555555556,72.29,96.0
0.07391111111111111,72.29,96.0
0.07391666666666667,72.29,96.0
0.07392222222222222,72.29,96.0
0.07392777777777777,72.29,96.0
0.07393333333333334,72.29,96.0
0.07393888888888889,72.28,95.9
0.07394444444444444,72.28,95.9
0.07395,72.28,95.9
0.07395555555555555,72.28,95.9
0.0739611111111111,72.28,95.9
0.07396666666666665,72.28,95.9
0.07397222222222223,72.28,95.9
0.07397777777777778,72.28,95.9
0.07398333333333333,72.28,95.9
0.0739888888888889,72.28,95.9
0.07399444444444445,72.28,95.9
0.074,72.28,95.9
0.07400555555555556,72.28,95.9
0.07401111111111111,72.28,95.9
0.07401666666666666,72.28,95.9
0.07402222222222223,72.28,95.9
0.07402777777777778,72.28,95.9
0.07403333333333333,72.28,95.9
0.07403888888888889,72.28,95.9
0.07404444444444444,72.28,95.9
0.07404999999999999,72.28,95.9
0.07405555555555556,72.28,95.9
0.07406111111111112,72.28,95.9
0.07406666666666667,72.28,95.9
0.07407222222222223,72.28,95.9
0.07407777777777778,72.28,95.9
0.07408333333333333,72.28,95.9
0.0740888888888889,72.28,95.9
0.07409444444444445,72.28,95.9
0.0741,72.28,95.9
0.07410555555555555,72.28,95.9
0.07411111111111111,72.28,95.9
0.07411666666666666,72.28,95.9
0.07412222222222221,72.28,95.9
0.07412777777777778,72.28,95.9
0.07413333333333333,72.28,95.9
0.07413888888888888,72.28,95.9
0.07414444444444444,72.28,95.9
0.07415,72.28,95.9
0.07415555555555554,72.28,95.9
0.07416111111111112,72.28,95.9
0.07416666666666667,72.28,95.9
0.07417222222222222,72.25,95.9
0.07417777777777779,72.25,95.9
0.07418333333333334,72.25,95.9
0.07418888888888889,72.25,95.9
0.07419444444444445,72.25,95.9
0.0742,72.25,95.9
0.07420555555555555,72.25,95.9
0.07421111111111112,72.25,95.9
0.07421666666666667,72.25,95.9
0.07422222222222222,72.25,95.9
0.07422777777777778,72.25,95.9
0.07423333333333333,72.25,95.9
0.07423888888888888,72.25,95.9
0.07424444444444443,72.25,95.9
0.07425,72.25,95.9
0.07425555555555555,72.25,95.9
0.07426111111111111,72.25,95.9
0.07426666666666668,72.25,95.9
0.07427222222222223,72.25,95.9
0.07427777777777778,72.25,95.9
0.07428333333333334,72.25,95.9
0.07428888888888889,72.25,95.9
0.07429444444444444,72.25,95.9
0.0743,72.25,95.9
0.07430555555555556,72.25,95.9
0.0743111111111111,72.25,95.9
0.07431666666666667,72.25,95.9
0.07432222222222222,72.25,95.9
0.07432777777777777,72.25,95.9
0.07433333333333333,72.25,95.9
0.07433888888888888,72.25,95.9
0.07434444444444444,72.25,95.9
0.07435000000000001,72.25,95.9
0.07435555555555556,72.25,95.9
0.07436111111111111,72.25,95.9
0.07436666666666668,72.25,95.9
0.07437222222222223,72.25,95.9
0.07437777777777778,72.25,95.9
0.07438333333333333,72.25,95.9
0.0743888888888889,72.25,95.9
0.07439444444444444,72.25,95.9
0.0744,72.25,95.9
0.07440555555555556,72.25,95.9
0.07441111111111111,72.25,95.9
0.07441666666666666,72.25,95.9
0.07442222222222222,72.25,95.9
0.07442777777777777,72.25,95.9
0.07443333333333332,72.25,95.9
0.07443888888888889,72.25,95.9
0.07444444444444444,72.25,95.9
0.07444999999999999,72.25,95.9
0.07445555555555557,72.25,95.9
0.07446111111111112,72.25,95.9
0.07446666666666667,72.25,95.9
0.07447222222222223,72.25,95.9
0.07447777777777778,72.25,95.9
0.07448333333333333,72.25,95.9
0.0744888888888889,72.25,95.9
0.07449444444444445,72.25,95.9
0.0745,72.25,95.9
0.07450555555555556,72.25,95.9
0.07451111111111111,72.25,95.9
0.07451666666666666,72.25,95.9
0.07452222222222221,72.25,95.9
0.07452777777777778,72.25,95.9
0.07453333333333333,72.25,95.9
0.07453888888888888,72.25,95.9
0.07454444444444445,72.25,95.9
0.07455,72.25,95.9
0.07455555555555556,72.25,95.9
0.07456111111111112,72.25,95.9
0.07456666666666667,72.25,95.9
0.07457222222222222,72.25,95.9
0.07457777777777778,72.25,95.9
0.07458333333333333,72.25,95.9
0.07458888888888889,72.25,95.9
0.07459444444444445,72.25,95.9
0.0746,72.25,95.9
0.07460555555555555,72.25,95.9
0.07461111111111111,72.25,95.9
0.07461666666666666,72.25,95.9
0.07462222222222221,72.25,95.9
0.07462777777777778,72.25,95.9
0.07463333333333333,72.25,95.9
0.07463888888888888,72.28,95.9
0.07464444444444446,72.28,95.9
0.07465000000000001,72.28,95.9
0.07465555555555556,72.28,95.9
0.07466111111111111,72.28,95.9
0.07466666666666667,72.28,95.9
0.07467222222222222,72.28,95.9
0.07467777777777777,72.28,95.9
0.07468333333333334,72.28,95.9
0.07468888888888889,72.28,95.9
0.07469444444444444,72.28,95.9
0.0747,72.28,95.9
0.07470555555555555,72.28,95.9
0.0747111111111111,72.28,95.9
0.07471666666666667,72.28,95.9
0.07472222222222222,72.28,95.9
0.07472777777777777,72.28,95.9
0.07473333333333333,72.28,95.9
0.0747388888888889,72.28,95.9
0.07474444444444445,72.28,95.9
0.07475000000000001,72.28,95.9
0.07475555555555556,72.28,95.9
0.07476111111111111,72.28,95.9
0.07476666666666668,72.28,95.9
0.07477222222222223,72.28,95.9
0.07477777777777778,72.28,95.9
0.07478333333333334,72.28,95.9
0.07478888888888889,72.28,95.9
0.07479444444444444,72.28,95.9
0.07479999999999999,72.28,95.9
0.07480555555555556,72.28,95.9
0.0748111111111111,72.28,95.9
0.07481666666666666,72.28,95.9
0.07482222222222222,72.28,95.9
0.07482777777777777,72.28,95.9
0.07483333333333332,72.28,95.9
0.0748388888888889,72.28,95.9
0.07484444444444445,72.28,95.9
0.07485,72.28,95.9
0.07485555555555556,72.28,95.9
0.07486111111111111,72.28,95.9
0.07486666666666666,72.28,95.9
0.07487222222222223,72.29,95.9
0.07487777777777778,72.29,95.9
0.07488333333333333,72.29,95.9
0.0748888888888889,72.29,95.9
0.07489444444444444,72.29,95.9
0.0749,72.29,95.9
0.07490555555555556,72.29,95.9
0.07491111111111111,72.29,95.9
0.07491666666666666,72.29,95.9
0.07492222222222222,72.29,95.9
0.07492777777777777,72.29,95.9
0.07493333333333332,72.29,95.9
0.07493888888888889,72.29,95.9
0.07494444444444445,72.29,95.9
0.07495,72.29,95.9
0.07495555555555555,72.29,95.9
0.07496111111111112,72.29,95.9
0.07496666666666667,72.29,95.9
0.07497222222222222,72.29,95.9
0.07497777777777778,72.29,95.9
0.07498333333333333,72.29,95.9
0.07498888888888888,72.29,95.9
0.07499444444444445,72.29,95.9
0.075,72.29,95.9
0.07500555555555555,72.29,95.9
0.07501111111111111,72.29,95.9
0.07501666666666666,72.29,95.9
0.07502222222222221,72.29,95.9
0.07502777777777779,72.29,95.9
0.07503333333333334,72.29,95.9
0.07503888888888889,72.29,95.9
0.07504444444444446,72.29,95.9
0.07505,72.29,95.9
0.07505555555555556,72.29,95.9
0.07506111111111112,72.29,95.9
0.07506666666666667,72.29,95.9
0.07507222222222222,72.29,95.9
0.07507777777777777,72.29,95.9
0.07508333333333334,72.29,95.9
0.07508888888888889,72.29,95.9
0.07509444444444444,72.29,95.9
0.0751,72.29,95.9
0.07510555555555555,72.26,95.9
0.0751111111111111,72.26,95.9
0.07511666666666666,72.26,95.9
0.07512222222222222,72.26,95.9
0.07512777777777777,72.26,95.9
0.07513333333333334,72.26,95.9
0.0751388888888889,72.26,95.9
0.07514444444444444,72.26,95.9
0.07515000000000001,72.26,95.9
0.07515555555555556,72.26,95.9
0.07516111111111111,72.26,95.9
0.07516666666666667,72.26,95.9
0.07517222222222222,72.26,95.9
0.07517777777777777,72.26,95.9
0.07518333333333334,72.26,95.9
0.07518888888888889,72.26,95.9
0.07519444444444444,72.26,95.9
0.0752,72.26,95.9
0.07520555555555555,72.26,95.9
0.0752111111111111,72.26,95.9
0.07521666666666665,72.26,95.9
0.07522222222222223,72.26,95.9
0.07522777777777778,72.26,95.9
0.07523333333333333,72.26,95.9
0.0752388888888889,72.26,95.9
0.07524444444444445,72.26,95.9
0.07525,72.26,95.9
0.07525555555555556,72.26,95.9
0.07526111111111111,72.26,95.9
0.07526666666666666,72.26,95.9
0.07527222222222223,72.26,95.9
0.07527777777777778,72.26,95.9
0.07528333333333333,72.26,95.9
0.07528888888888889,72.26,95.9
0.07529444444444444,72.26,95.9
0.07529999999999999,72.26,95.9
0.07530555555555556,72.26,95.9
0.0753111111111111,72.26,95.9
0.07531666666666666,72.26,95.9
0.07532222222222223,72.26,95.9
0.07532777777777779,72.26,95.9
0.07533333333333334,72.26,95.9
0.0753388888888889,72.25,95.9
0.07534444444444445,72.25,95.9
0.07535,72.25,95.9
0.07535555555555555,72.25,95.9
0.07536111111111111,72.25,95.9
0.07536666666666667,72.25,95.9
0.07537222222222222,72.25,95.9
0.07537777777777778,72.25,95.9
0.07538333333333333,72.25,95.9
0.07538888888888888,72.25,95.9
0.07539444444444444,72.25,95.9
0.0754,72.25,95.9
0.07540555555555555,72.25,95.9
0.07541111111111111,72.25,95.9
0.07541666666666667,72.25,95.9
0.07542222222222222,72.25,95.9
0.07542777777777779,72.25,95.9
0.07543333333333334,72.25,95.9
0.07543888888888889,72.25,95.9
0.07544444444444445,72.25,95.9
0.07545,72.25,95.9
0.07545555555555555,72.25,95.9
0.07546111111111112,72.25,95.9
0.07546666666666667,72.25,95.9
0.07547222222222222,72.25,95.9
0.07547777777777778,72.25,95.9
0.07548333333333333,72.25,95.9
0.07548888888888888,72.25,95.9
0.07549444444444443,72.25,95.9
0.0755,72.25,95.9
0.07550555555555555,72.25,95.9
0.0755111111111111,72.25,95.9
0.07551666666666668,72.25,95.9
0.07552222222222223,72.25,95.9
0.07552777777777778,72.25,95.9
0.07553333333333334,72.25,95.9
0.07553888888888889,72.25,95.9
0.07554444444444444,72.25,95.9
0.07555,72.25,95.9
0.07555555555555556,72.25,95.9
0.0755611111111111,72.25,95.9
0.07556666666666667,72.25,95.9
0.07557222222222222,72.26,95.9
0.07557777777777777,72.26,95.9
0.07558333333333334,72.26,95.9
0.07558888888888889,72.26,95.9
0.07559444444444444,72.26,95.9
0.0756,72.26,95.9
0.07560555555555555,72.26,95.9
0.0756111111111111,72.26,95.9
0.07561666666666668,72.26,95.9
0.07562222222222223,72.26,95.9
0.07562777777777778,72.26,95.9
0.07563333333333333,72.26,95.9
0.0756388888888889,72.26,95.9
0.07564444444444444,72.26,95.9
0.07565,72.26,95.9
0.07565555555555556,72.26,95.9
0.07566111111111111,72.26,95.9
0.07566666666666666,72.26,95.9
0.07567222222222222,72.26,95.9
0.07567777777777777,72.26,95.9
0.07568333333333332,72.26,95.9
0.07568888888888889,72.26,95.9
0.07569444444444444,72.26,95.9
0.07569999999999999,72.26,95.9
0.07570555555555557,72.26,95.9
0.07571111111111112,72.26,95.9
0.07571666666666667,72.26,95.9
0.07572222222222223,72.26,95.9
0.07572777777777778,72.26,95.9
0.07573333333333333,72.26,95.9
0.0757388888888889,72.26,95.9
0.07574444444444445,72.26,95.9
0.07575,72.26,95.9
0.07575555555555556,72.26,95.9
0.07576111111111111,72.26,95.9
0.07576666666666666,72.26,95.9
0.07577222222222221,72.26,95.9
0.07577777777777778,72.26,95.9
0.07578333333333333,72.26,95.9
0.07578888888888888,72.26,95.9
0.07579444444444444,72.26,95.9
0.07579999999999999,72.26,95.9
0.07580555555555554,72.29,95.9
0.07581111111111112,72.29,95.9
0.07581666666666667,72.29,95.9
0.07582222222222222,72.29,95.9
0.07582777777777779,72.29,95.9
0.07583333333333334,72.29,95.9
0.07583888888888889,72.29,95.9
0.07584444444444445,72.29,95.9
0.07585,72.29,95.9
0.07585555555555555,72.29,95.9
0.07586111111111112,72.29,95.9
0.07586666666666667,72.29,95.9
0.07587222222222222,72.29,95.9
0.07587777777777778,72.29,95.9
0.07588333333333333,72.29,95.9
0.07588888888888888,72.29,95.9
0.07589444444444446,72.29,95.9
0.07590000000000001,72.29,95.9
0.07590555555555556,72.29,95.9
0.07591111111111111,72.29,95.9
0.07591666666666667,72.29,95.9
0.07592222222222222,72.29,95.9
0.07592777777777777,72.29,95.9
0.07593333333333334,72.29,95.9
0.07593888888888889,72.29,95.9
0.07594444444444444,72.29,95.9
0.07595,72.29,95.9
0.07595555555555555,72.29,95.9
0.0759611111111111,72.29,95.9
0.07596666666666667,72.29,95.9
0.07597222222222222,72.29,95.9
0.07597777777777777,72.29,95.9
0.07598333333333333,72.29,95.9
0.07598888888888888,72.29,95.9
0.07599444444444443,72.29,95.9
0.07600000000000001,72.29,95.9
0.07600555555555556,72.29,95.9
0.07601111111111111,72.29,95.9
0.07601666666666668,72.29,95.9
0.07602222222222223,72.29,95.9
0.07602777777777778,72.29,95.9
0.07603333333333334,72.29,95.9
0.07603888888888889,72.28,95.9
0.07604444444444444,72.28,95.9
0.07604999999999999,72.28,95.9
0.07605555555555556,72.28,95.9
0.07606111111111111,72.28,95.9
0.07606666666666666,72.28,95.9
0.07607222222222222,72.28,95.9
0.07607777777777777,72.28,95.9
0.07608333333333332,72.28,95.9
0.07608888888888889,72.28,95.9
0.07609444444444445,72.28,95.9
0.0761,72.28,95.9
0.07610555555555557,72.28,95.9
0.07611111111111112,72.28,95.9
0.07611666666666667,72.28,95.9
0.07612222222222223,72.28,95.9
0.07612777777777778,72.28,95.9
0.07613333333333333,72.28,95.9
0.0761388888888889,72.28,95.9
0.07614444444444445,72.28,95.9
0.07615,72.28,95.9
0.07615555555555556,72.28,95.9
0.07616111111111111,72.28,95.9
0.07616666666666666,72.28,95.9
0.07617222222222222,72.28,95.9
0.07617777777777777,72.28,95.9
0.07618333333333333,72.28,95.9
0.07618888888888888,72.28,95.9
0.07619444444444445,72.28,95.9
0.0762,72.28,95.9
0.07620555555555555,72.28,95.9
0.07621111111111112,72.28,95.9
0.07621666666666667,72.28,95.9
0.07622222222222222,72.28,95.9
0.07622777777777778,72.28,95.9
0.07623333333333333,72.28,95.9
0.07623888888888888,72.28,95.9
0.07624444444444445,72.28,95.9
0.07625,72.28,95.9
0.07625555555555555,72.28,95.9
0.07626111111111111,72.28,95.9
0.07626666666666666,72.28,95.9
0.07627222222222221,72.25,95.9
0.07627777777777778,72.25,95.9
0.07628333333333333,72.25,95.9
0.07628888888888888,72.25,95.9
0.07629444444444446,72.25,95.9
0.0763,72.25,95.9
0.07630555555555556,72.25,95.9
0.07631111111111112,72.25,95.9
0.07631666666666667,72.25,95.9
0.07632222222222222,72.25,95.9
0.07632777777777777,72.25,95.9
0.07633333333333334,72.25,95.9
0.07633888888888889,72.25,95.9
0.07634444444444444,72.25,95.9
0.07635,72.25,95.9
0.07635555555555555,72.25,95.9
0.0763611111111111,72.25,95.9
0.07636666666666667,72.25,95.9
0.07637222222222222,72.25,95.9
0.07637777777777777,72.25,95.9
0.07638333333333334,72.25,95.9
0.0763888888888889,72.25,95.9
0.07639444444444445,72.25,95.9
0.07640000000000001,72.25,95.9
0.07640555555555556,72.25,95.9
0.07641111111111111,72.25,95.9
0.07641666666666667,72.25,95.9
0.07642222222222222,72.25,95.9
0.07642777777777778,72.25,95.9
0.07643333333333334,72.25,95.9
0.07643888888888889,72.25,95.9
0.07644444444444444,72.25,95.9
0.07645,72.25,95.9
0.07645555555555555,72.25,95.9
0.0764611111111111,72.25,95.9
0.07646666666666666,72.25,95.9
0.07647222222222222,72.25,95.9
0.07647777777777777,72.25,95.9
0.07648333333333332,72.25,95.9
0.0764888888888889,72.25,95.9
0.07649444444444445,72.25,95.9
0.0765,72.25,95.9
0.07650555555555556,72.25,95.9
0.07651111111111111,72.25,95.9
0.07651666666666666,72.25,95.9
0.07652222222222223,72.25,95.9
0.07652777777777778,72.25,95.9
0.07653333333333333,72.25,95.9
0.07653888888888889,72.25,95.9
0.07654444444444444,72.25,95.9
0.07654999999999999,72.25,95.9
0.07655555555555556,72.25,95.9
0.07656111111111111,72.25,95.9
0.07656666666666666,72.25,95.9
0.07657222222222224,72.25,95.9
0.07657777777777779,72.25,95.9
0.07658333333333334,72.25,95.9
0.0765888888888889,72.25,95.9
0.07659444444444445,72.25,95.9
0.0766,72.25,95.9
0.07660555555555555,72.25,95.9
0.07661111111111112,72.25,95.9
0.07661666666666667,72.25,95.9
0.07662222222222222,72.25,95.9
0.07662777777777778,72.25,95.9
0.07663333333333333,72.25,95.9
0.07663888888888888,72.25,95.9
0.07664444444444445,72.25,95.9
0.07665,72.25,95.9
0.07665555555555555,72.25,95.9
0.07666111111111111,72.25,95.9
0.07666666666666666,72.25,95.9
0.07667222222222221,72.25,95.9
0.07667777777777779,72.25,95.9
0.07668333333333334,72.25,95.9
0.07668888888888889,72.25,95.9
0.07669444444444445,72.25,95.9
0.0767,72.25,95.9
0.07670555555555555,72.25,95.9
0.07671111111111112,72.25,95.9
0.07671666666666667,72.25,95.9
0.07672222222222222,72.25,95.9
0.07672777777777778,72.25,95.9
0.07673333333333333,72.25,95.9
0.07673888888888888,72.28,95.9
0.07674444444444443,72.28,95.9
0.07675,72.28,95.9
0.07675555555555555,72.28,95.9
0.0767611111111111,72.28,95.9
0.07676666666666666,72.28,95.9
0.07677222222222223,72.28,95.9
0.07677777777777778,72.28,95.9
0.07678333333333334,72.28,95.9
0.07678888888888889,72.28,95.9
0.07679444444444444,72.28,95.9
0.07680000000000001,72.28,95.9
0.07680555555555556,72.28,95.9
0.07681111111111111,72.28,95.9
0.07681666666666667,72.28,95.9
0.07682222222222222,72.28,95.9
0.07682777777777777,72.28,95.9
0.07683333333333334,72.28,95.9
0.07683888888888889,72.28,95.9
0.07684444444444444,72.28,95.9
0.07685,72.28,95.9
0.07685555555555555,72.28,95.9
0.0768611111111111,72.28,95.9
0.07686666666666668,72.28,95.9
0.07687222222222223,72.28,95.9
0.07687777777777778,72.28,95.9
0.07688333333333333,72.28,95.9
0.0768888888888889,72.28,95.9
0.07689444444444445,72.28,95.9
0.0769,72.28,95.9
0.07690555555555556,72.28,95.9
0.07691111111111111,72.28,95.9
0.07691666666666666,72.28,95.9
0.07692222222222223,72.28,95.9
0.07692777777777778,72.28,95.9
0.07693333333333333,72.28,95.9
0.07693888888888889,72.28,95.9
0.07694444444444444,72.28,95.9
0.07694999999999999,72.28,95.9
0.07695555555555555,72.28,95.9
0.0769611111111111,72.28,95.9
0.07696666666666666,72.28,95.9
0.07697222222222223,72.29,95.9
0.07697777777777778,72.29,95.9
0.07698333333333333,72.29,95.9
0.0769888888888889,72.29,95.9
0.07699444444444445,72.29,95.9
0.077,72.29,95.9
0.07700555555555556,72.29,95.9
0.07701111111111111,72.29,95.9
0.07701666666666666,72.29,95.9
0.07702222222222221,72.29,95.9
0.07702777777777778,72.29,95.9
0.07703333333333333,72.29,95.9
0.07703888888888888,72.29,95.9
0.07704444444444444,72.29,95.9
0.07705,72.29,95.9
0.07705555555555554,72.29,95.9
0.07706111111111112,72.29,95.9
0.07706666666666667,72.29,95.9
0.07707222222222222,72.29,95.9
0.07707777777777779,72.29,95.9
0.07708333333333334,72.29,95.9
0.07708888888888889,72.29,95.9
0.07709444444444445,72.29,95.9
0.0771,72.29,95.9
0.07710555555555555,72.29,95.9
0.07711111111111112,72.29,95.9
0.07711666666666667,72.29,95.9
0.07712222222222222,72.29,95.9
0.07712777777777778,72.29,95.9
0.07713333333333333,72.29,95.9
0.07713888888888888,72.29,95.9
0.07714444444444445,72.29,95.9
0.07715,72.29,95.9
0.07715555555555555,72.29,95.9
0.0771611111111111,72.29,95.9
0.07716666666666668,72.29,95.9
0.07717222222222223,72.29,95.9
0.07717777777777778,72.29,95.9
0.07718333333333334,72.29,95.9
0.07718888888888889,72.29,95.9
0.07719444444444444,72.29,95.9
0.0772,72.29,95.9
0.07720555555555556,72.26,95.9
0.0772111111111111,72.26,95.9
0.07721666666666667,72.26,95.9
0.07722222222222222,72.26,95.9
0.07722777777777777,72.26,95.9
0.07723333333333333,72.26,95.9
0.07723888888888888,72.26,95.9
0.07724444444444444,72.26,95.9
0.07725000000000001,72.26,95.9
0.07725555555555556,72.26,95.9
0.07726111111111111,72.26,95.9
0.07726666666666668,72.26,95.9
0.07727222222222223,72.26,95.9
0.07727777777777778,72.26,95.9
0.07728333333333334,72.26,95.9
0.0772888888888889,72.26,95.9
0.07729444444444444,72.26,95.9
0.0773,72.26,95.9
0.07730555555555556,72.26,95.9
0.07731111111111111,72.26,95.9
0.07731666666666666,72.26,95.9
0.07732222222222222,72.26,95.9
0.07732777777777777,72.26,95.9
0.07733333333333332,72.26,95.9
0.07733888888888889,72.26,95.9
0.07734444444444444,72.26,95.9
0.07734999999999999,72.26,95.9
0.07735555555555557,72.26,95.9
0.07736111111111112,72.26,95.9
0.07736666666666667,72.26,95.9
0.07737222222222223,72.26,95.9
0.07737777777777778,72.26,95.9
0.07738333333333333,72.26,95.9
0.0773888888888889,72.26,95.9
0.07739444444444445,72.26,95.9
0.0774,72.26,95.9
0.07740555555555556,72.26,95.9
0.07741111111111111,72.26,95.9
0.07741666666666666,72.26,95.9
0.07742222222222223,72.26,95.9
0.07742777777777778,72.26,95.9
0.07743333333333333,72.26,95.9
0.07743888888888888,72.25,95.9
0.07744444444444444,72.25,95.9
0.07745,72.25,95.9
0.07745555555555556,72.25,95.9
0.07746111111111112,72.25,95.9
0.07746666666666667,72.25,95.9
0.07747222222222222,72.25,95.9
0.07747777777777778,72.25,95.9
0.07748333333333333,72.25,95.9
0.07748888888888888,72.25,95.9
0.07749444444444445,72.25,95.9
0.0775,72.25,95.9
0.07750555555555555,72.25,95.9
0.07751111111111111,72.25,95.9
0.07751666666666666,72.25,95.9
0.07752222222222221,72.25,95.9
0.07752777777777778,72.25,95.9
0.07753333333333333,72.25,95.9
0.07753888888888888,72.25,95.9
0.07754444444444446,72.25,95.9
0.07755000000000001,72.25,95.9
0.07755555555555556,72.25,95.9
0.07756111111111112,72.25,95.9
0.07756666666666667,72.25,95.9
0.07757222222222222,72.25,95.9
0.07757777777777777,72.25,95.9
0.07758333333333334,72.25,95.9
0.07758888888888889,72.25,95.9
0.07759444444444444,72.25,95.9
0.0776,72.25,95.9
0.07760555555555555,72.25,95.9
0.0776111111111111,72.25,95.9
0.07761666666666667,72.25,95.9
0.07762222222222222,72.25,95.9
0.07762777777777777,72.25,95.9
0.07763333333333333,72.25,95.9
0.07763888888888888,72.25,95.9
0.07764444444444443,72.25,95.9
0.07765000000000001,72.25,95.9
0.07765555555555556,72.25,95.9
0.07766111111111111,72.25,95.9
0.07766666666666668,72.25,95.9
0.07767222222222223,72.27,95.9
0.07767777777777778,72.27,95.9
0.07768333333333334,72.27,95.9
0.07768888888888889,72.27,95.9
0.07769444444444444,72.27,95.9
0.0777,72.27,95.9
0.07770555555555556,72.27,95.9
0.0777111111111111,72.27,95.9
0.07771666666666666,72.27,95.9
0.07772222222222222,72.27,95.9
0.07772777777777777,72.27,95.9
0.07773333333333332,72.27,95.9
0.0777388888888889,72.27,95.9
0.07774444444444445,72.27,95.9
0.07775,72.27,95.9
0.07775555555555556,72.27,95.9
0.07776111111111111,72.27,95.9
0.07776666666666666,72.27,95.9
0.07777222222222223,72.27,95.9
0.07777777777777778,72.27,95.9
0.07778333333333333,72.27,95.9
0.0777888888888889,72.27,95.9
0.07779444444444444,72.27,95.9
0.0778,72.27,95.9
0.07780555555555556,72.27,95.9
0.07781111111111111,72.27,95.9
0.07781666666666666,72.27,95.9
0.07782222222222222,72.27,95.9
0.07782777777777777,72.27,95.9
0.07783333333333332,72.27,95.9
0.0778388888888889,72.27,95.9
0.07784444444444445,72.27,95.9
0.07785,72.27,95.9
0.07785555555555555,72.27,95.9
0.07786111111111112,72.27,95.9
0.07786666666666667,72.27,95.9
0.07787222222222222,72.27,95.9
0.07787777777777778,72.27,95.9
0.07788333333333333,72.27,95.9
0.07788888888888888,72.27,95.9
0.07789444444444445,72.27,95.9
0.0779,72.27,95.9
0.07790555555555555,72.29,95.9
0.07791111111111111,72.29,95.9
0.07791666666666666,72.29,95.9
0.07792222222222221,72.29,95.9
0.07792777777777779,72.29,95.9
0.07793333333333334,72.29,95.9
0.07793888888888889,72.29,95.9
0.07794444444444446,72.29,95.9
0.07795,72.29,95.9
0.07795555555555556,72.29,95.9
0.07796111111111112,72.29,95.9
0.07796666666666667,72.29,95.9
0.07797222222222222,72.29,95.9
0.07797777777777778,72.29,95.9
0.07798333333333334,72.29,95.9
0.07798888888888889,72.29,95.9
0.07799444444444444,72.29,95.9
0.078,72.29,95.9
0.07800555555555555,72.29,95.9
0.0780111111111111,72.29,95.9
0.07801666666666666,72.29,95.9
0.07802222222222222,72.29,95.9
0.07802777777777777,72.29,95.9
0.07803333333333334,72.29,95.9
0.0780388888888889,72.29,95.9
0.07804444444444444,72.29,95.9
0.07805000000000001,72.29,95.9
0.07805555555555556,72.29,95.9
0.07806111111111111,72.29,95.9
0.07806666666666667,72.29,95.9
0.07807222222222222,72.29,95.9
0.07807777777777777,72.29,95.9
0.07808333333333334,72.29,95.9
0.07808888888888889,72.29,95.9
0.07809444444444444,72.29,95.9
0.0781,72.29,95.9
0.07810555555555555,72.29,95.9
0.0781111111111111,72.29,95.9
0.07811666666666667,72.29,95.9
0.07812222222222222,72.29,95.9
0.07812777777777778,72.29,95.9
0.07813333333333333,72.29,95.9
0.0781388888888889,72.27,95.9
0.07814444444444445,72.27,95.9
0.07815,72.27,95.9
0.07815555555555556,72.27,95.9
0.07816111111111111,72.27,95.9
0.07816666666666666,72.27,95.9
0.07817222222222223,72.27,95.9
0.07817777777777778,72.27,95.9
0.07818333333333333,72.27,95.9
0.07818888888888889,72.27,95.9
0.07819444444444444,72.27,95.9
0.07819999999999999,72.27,95.9
0.07820555555555556,72.27,95.9
0.0782111111111111,72.27,95.9
0.07821666666666666,72.27,95.9
0.07822222222222223,72.27,95.9
0.07822777777777778,72.27,95.9
0.07823333333333334,72.27,95.9
0.0782388888888889,72.27,95.9
0.07824444444444445,72.27,95.9
0.07825,72.27,95.9
0.07825555555555556,72.27,95.9
0.07826111111111111,72.27,95.9
0.07826666666666666,72.27,95.9
0.07827222222222222,72.27,95.9
0.07827777777777778,72.27,95.9
0.07828333333333333,72.27,95.9
0.07828888888888888,72.27,95.9
0.07829444444444444,72.27,95.9
0.0783,72.27,95.9
0.07830555555555554,72.27,95.9
0.07831111111111111,72.27,95.9
0.07831666666666666,72.27,95.9
0.07832222222222221,72.27,95.9
0.07832777777777779,72.27,95.9
0.07833333333333334,72.27,95.9
0.07833888888888889,72.27,95.9
0.07834444444444445,72.27,95.9
0.07835,72.27,95.9
0.07835555555555555,72.27,95.9
0.07836111111111112,72.27,95.9
0.07836666666666667,72.27,95.9
0.07837222222222222,72.25,95.9
0.07837777777777778,72.25,95.9
0.07838333333333333,72.25,95.9
0.07838888888888888,72.25,95.9
0.07839444444444445,72.25,95.9
0.0784,72.25,95.9
0.07840555555555555,72.25,95.9
0.0784111111111111,72.25,95.9
0.07841666666666668,72.25,95.9
0.07842222222222223,72.25,95.9
0.07842777777777778,72.25,95.9
0.07843333333333334,72.25,95.9
0.07843888888888889,72.25,95.9
0.07844444444444444,72.25,95.9
0.07845,72.25,95.9
0.07845555555555556,72.25,95.9
0.0784611111111111,72.25,95.9
0.07846666666666667,72.25,95.9
0.07847222222222222,72.25,95.9
0.07847777777777777,72.25,95.9
0.07848333333333334,72.25,95.9
0.07848888888888889,72.25,95.9
0.07849444444444444,72.25,95.9
0.0785,72.25,95.9
0.07850555555555555,72.25,95.9
0.0785111111111111,72.25,95.9
0.07851666666666668,72.25,95.9
0.07852222222222223,72.25,95.9
0.07852777777777778,72.25,95.9
0.07853333333333334,72.25,95.9
0.0785388888888889,72.25,95.9
0.07854444444444444,72.25,95.9
0.07855,72.25,95.9
0.07855555555555556,72.25,95.9
0.07856111111111111,72.25,95.9
0.07856666666666666,72.25,95.9
0.07857222222222222,72.25,95.9
0.07857777777777777,72.25,95.9
0.07858333333333332,72.25,95.9
0.07858888888888889,72.25,95.9
0.07859444444444444,72.25,95.9
0.07859999999999999,72.25,95.9
0.07860555555555557,72.25,95.9
0.07861111111111112,72.25,95.9
0.07861666666666667,72.25,95.9
0.07862222222222223,72.25,95.9
0.07862777777777778,72.25,95.9
0.07863333333333333,72.25,95.9
0.0786388888888889,72.25,95.9
0.07864444444444445,72.25,95.9
0.07865,72.25,95.9
0.07865555555555556,72.25,95.9
0.07866111111111111,72.25,95.9
0.07866666666666666,72.25,95.9
0.07867222222222223,72.25,95.9
0.07867777777777778,72.25,95.9
0.07868333333333333,72.25,95.9
0.07868888888888888,72.25,95.9
0.07869444444444444,72.25,95.9
0.07869999999999999,72.25,95.9
0.07870555555555554,72.25,95.9
0.07871111111111112,72.25,95.9
0.07871666666666667,72.25,95.9
0.07872222222222222,72.25,95.9
0.07872777777777779,72.25,95.9
0.07873333333333334,72.25,95.9
0.07873888888888889,72.25,95.9
0.07874444444444445,72.25,95.9
0.07875,72.25,95.9
0.07875555555555555,72.25,95.9
0.07876111111111112,72.25,95.9
0.07876666666666667,72.25,95.9
0.07877222222222222,72.25,95.9
0.07877777777777778,72.25,95.9
0.07878333333333333,72.25,95.9
0.07878888888888888,72.25,95.9
0.07879444444444444,72.25,95.9
0.0788,72.25,95.9
0.07880555555555556,72.25,95.9
0.07881111111111112,72.25,95.9
0.07881666666666667,72.25,95.9
0.07882222222222222,72.25,95.9
0.07882777777777777,72.25,95.9
0.07883333333333334,72.25,95.9
0.07883888888888889,72.28,95.9
0.07884444444444444,72.28,95.9
0.07885,72.28,95.9
0.07885555555555555,72.28,95.9
0.0788611111111111,72.28,95.9
0.07886666666666667,72.28,95.9
0.07887222222222222,72.28,95.9
0.07887777777777777,72.28,95.9
0.07888333333333333,72.28,95.9
0.07888888888888888,72.28,95.9
0.07889444444444443,72.28,95.9
0.07890000000000001,72.28,95.9
0.07890555555555556,72.28,95.9
0.07891111111111111,72.28,95.9
0.07891666666666668,72.28,95.9
0.07892222222222223,72.28,95.9
0.07892777777777778,72.28,95.9
0.07893333333333334,72.28,95.9
0.07893888888888889,72.28,95.9
0.07894444444444444,72.28,95.9
0.07895,72.28,95.9
0.07895555555555556,72.28,95.9
0.0789611111111111,72.28,95.9
0.07896666666666666,72.28,95.9
0.07897222222222222,72.28,95.9
0.07897777777777777,72.28,95.9
0.07898333333333332,72.28,95.9
0.07898888888888889,72.28,95.9
0.07899444444444444,72.28,95.9
0.07899999999999999,72.28,95.9
0.07900555555555556,72.28,95.9
0.07901111111111112,72.28,95.9
0.07901666666666667,72.28,95.9
0.07902222222222223,72.28,95.9
0.07902777777777778,72.28,95.9
0.07903333333333333,72.28,95.9
0.0790388888888889,72.28,95.9
0.07904444444444444,72.28,95.9
0.07905,72.28,95.9
0.07905555555555556,72.28,95.9
0.07906111111111111,72.28,95.9
0.07906666666666666,72.28,95.9
0.07907222222222222,72.28,95.9
0.07907777777777777,72.28,95.9
0.07908333333333332,72.28,95.9
0.0790888888888889,72.28,95.9
0.07909444444444445,72.28,95.9
0.0791,72.28,95.9
0.07910555555555555,72.28,95.9
0.07911111111111112,72.28,95.9
0.07911666666666667,72.28,95.9
0.07912222222222222,72.28,95.9
0.07912777777777778,72.28,95.9
0.07913333333333333,72.28,95.9
0.07913888888888888,72.28,95.9
0.07914444444444445,72.28,95.9
0.07915,72.28,95.9
0.07915555555555555,72.28,95.9
0.07916111111111111,72.28,95.9
0.07916666666666666,72.28,95.9
0.07917222222222221,72.28,95.9
0.07917777777777778,72.28,95.9
0.07918333333333333,72.28,95.9
0.07918888888888888,72.28,95.9
0.07919444444444446,72.28,95.9
0.0792,72.28,95.9
0.07920555555555556,72.28,95.9
0.07921111111111112,72.28,95.9
0.07921666666666667,72.28,95.9
0.07922222222222222,72.28,95.9
0.07922777777777779,72.28,95.9
0.07923333333333334,72.28,95.9
0.07923888888888889,72.28,95.9
0.07924444444444444,72.28,95.9
0.07925,72.28,95.9
0.07925555555555555,72.28,95.9
0.0792611111111111,72.28,95.9
0.07926666666666667,72.28,95.9
0.07927222222222222,72.28,95.9
0.07927777777777777,72.28,95.9
0.07928333333333334,72.28,95.9
0.0792888888888889,72.28,95.9
0.07929444444444445,72.28,95.9
0.07930000000000001,72.28,95.9
0.07930555555555556,72.26,95.9
0.07931111111111111,72.26,95.9
0.07931666666666667,72.26,95.9
0.07932222222222222,72.26,95.9
0.07932777777777777,72.26,95.9
0.07933333333333334,72.26,95.9
0.07933888888888889,72.26,95.9
0.07934444444444444,72.26,95.9
0.07935,72.26,95.9
0.07935555555555555,72.26,95.9
0.0793611111111111,72.26,95.9
0.07936666666666667,72.26,95.9
0.07937222222222222,72.26,95.9
0.07937777777777777,72.26,95.9
0.07938333333333332,72.26,95.9
0.0793888888888889,72.26,95.9
0.07939444444444445,72.26,95.9
0.0794,72.26,95.9
0.07940555555555556,72.26,95.9
0.07941111111111111,72.26,95.9
0.07941666666666666,72.26,95.9
0.07942222222222223,72.26,95.9
0.07942777777777778,72.26,95.9
0.07943333333333333,72.26,95.9
0.07943888888888889,72.26,95.9
0.07944444444444444,72.26,95.9
0.07944999999999999,72.26,95.9
0.07945555555555556,72.26,95.9
0.07946111111111111,72.26,95.9
0.07946666666666666,72.26,95.9
0.07947222222222222,72.26,95.9
0.07947777777777777,72.26,95.9
0.07948333333333334,72.26,95.9
0.0794888888888889,72.26,95.9
0.07949444444444445,72.26,95.9
0.0795,72.26,95.9
0.07950555555555557,72.26,95.9
0.07951111111111112,72.26,95.9
0.07951666666666667,72.26,95.9
0.07952222222222222,72.26,95.9
0.07952777777777778,72.26,95.9
0.07953333333333333,72.26,95.9
0.07953888888888888,72.25,95.9
0.07954444444444445,72.25,95.9
0.07955,72.25,95.9
0.07955555555555555,72.25,95.9
0.07956111111111111,72.25,95.9
0.07956666666666666,72.25,95.9
0.07957222222222221,72.25,95.9
0.07957777777777779,72.25,95.9
0.07958333333333334,72.25,95.9
0.07958888888888889,72.25,95.9
0.07959444444444445,72.25,95.9
0.0796,72.25,95.9
0.07960555555555555,72.25,95.9
0.07961111111111112,72.25,95.9
0.07961666666666667,72.25,95.9
0.07962222222222222,72.25,95.9
0.07962777777777778,72.25,95.9
0.07963333333333333,72.25,95.9
0.07963888888888888,72.25,95.9
0.07964444444444445,72.25,95.9
0.07965,72.25,95.9
0.07965555555555555,72.25,95.9
0.0796611111111111,72.25,95.9
0.07966666666666666,72.25,95.9
0.07967222222222221,72.25,95.9
0.07967777777777776,72.25,95.9
0.07968333333333334,72.25,95.9
0.07968888888888889,72.25,95.9
0.07969444444444444,72.25,95.9
0.07970000000000001,72.25,95.9
0.07970555555555556,72.25,95.9
0.07971111111111111,72.25,95.9
0.07971666666666667,72.25,95.9
0.07972222222222222,72.25,95.9
0.07972777777777777,72.25,95.9
0.07973333333333334,72.25,95.9
0.07973888888888889,72.25,95.9
0.07974444444444444,72.25,95.9
0.07975,72.25,95.9
0.07975555555555555,72.25,95.9
0.0797611111111111,72.25,95.9
0.07976666666666668,72.25,95.9
0.07977222222222223,72.27,95.9
0.07977777777777778,72.27,95.9
0.07978333333333334,72.27,95.9
0.0797888888888889,72.27,95.9
0.07979444444444445,72.27,95.9
0.0798,72.27,95.9
0.07980555555555556,72.27,95.9
0.07981111111111111,72.27,95.9
0.07981666666666666,72.27,95.9
0.07982222222222222,72.27,95.9
0.07982777777777778,72.27,95.9
0.07983333333333333,72.27,95.9
0.07983888888888889,72.27,95.9
0.07984444444444444,72.27,95.9
0.07984999999999999,72.27,95.9
0.07985555555555555,72.27,95.9
0.0798611111111111,72.27,95.9
0.07986666666666666,72.27,95.9
0.07987222222222223,72.27,95.9
0.07987777777777778,72.27,95.9
0.07988333333333333,72.27,95.9
0.0798888888888889,72.27,95.9
0.07989444444444445,72.27,95.9
0.0799,72.27,95.9
0.07990555555555556,72.27,95.9
0.07991111111111111,72.27,95.9
0.07991666666666666,72.27,95.9
0.07992222222222223,72.27,95.9
0.07992777777777778,72.27,95.9
0.07993333333333333,72.27,95.9
0.07993888888888888,72.27,95.9
0.07994444444444444,72.27,95.9
0.07995,72.27,95.9
0.07995555555555554,72.27,95.9
0.07996111111111112,72.27,95.9
0.07996666666666667,72.27,95.9
0.07997222222222222,72.27,95.9
0.07997777777777779,72.27,95.9
0.07998333333333334,72.27,95.9
0.07998888888888889,72.27,95.9
0.07999444444444445,72.27,95.9
0.08,72.27,95.9
0.08000555555555555,72.29,95.9
0.08001111111111112,72.29,95.9
0.08001666666666667,72.29,95.9
0.08002222222222222,72.29,95.9
0.08002777777777778,72.29,95.9
0.08003333333333333,72.29,95.9
0.08003888888888888,72.29,95.9
0.08004444444444445,72.29,95.9
0.08005,72.29,95.9
0.08005555555555555,72.29,95.9
0.08006111111111112,72.29,95.9
0.08006666666666667,72.29,95.9
0.08007222222222223,72.29,95.9
0.08007777777777778,72.29,95.9
0.08008333333333334,72.29,95.9
0.08008888888888889,72.29,95.9
0.08009444444444444,72.29,95.9
0.0801,72.29,95.9
0.08010555555555555,72.29,95.9
0.0801111111111111,72.29,95.9
0.08011666666666667,72.29,95.9
0.08012222222222222,72.29,95.9
0.08012777777777777,72.29,95.9
0.08013333333333333,72.29,95.9
0.08013888888888888,72.29,95.9
0.08014444444444443,72.29,95.9
0.08015,72.29,95.9
0.08015555555555555,72.29,95.9
0.08016111111111111,72.29,95.9
0.08016666666666668,72.29,95.9
0.08017222222222223,72.29,95.9
0.08017777777777778,72.29,95.9
0.08018333333333334,72.29,95.9
0.08018888888888889,72.29,95.9
0.08019444444444444,72.29,95.9
0.08020000000000001,72.29,95.9
0.08020555555555556,72.29,95.9
0.08021111111111111,72.29,95.9
0.08021666666666666,72.29,95.9
0.08022222222222222,72.29,95.9
0.08022777777777777,72.29,95.9
0.08023333333333332,72.29,95.9
0.08023888888888889,72.27,95.9
0.08024444444444444,72.27,95.9
0.08024999999999999,72.27,95.9
0.08025555555555557,72.27,95.9
0.08026111111111112,72.27,95.9
0.08026666666666667,72.27,95.9
0.08027222222222223,72.27,95.9
0.08027777777777778,72.27,95.9
0.08028333333333333,72.27,95.9
0.0802888888888889,72.27,95.9
0.08029444444444445,72.27,95.9
0.0803,72.27,95.9
0.08030555555555556,72.27,95.9
0.08031111111111111,72.27,95.9
0.08031666666666666,72.27,95.9
0.08032222222222223,72.27,95.9
0.08032777777777778,72.27,95.9
0.08033333333333333,72.27,95.9
0.08033888888888889,72.27,95.9
0.08034444444444444,72.27,95.9
0.08034999999999999,72.27,95.9
0.08035555555555554,72.27,95.9
0.08036111111111112,72.27,95.9
0.08036666666666667,72.27,95.9
0.08037222222222222,72.27,95.9
0.08037777777777778,72.27,95.9
0.08038333333333333,72.27,95.9
0.08038888888888888,72.27,95.9
0.08039444444444445,72.27,95.9
0.0804,72.27,95.9
0.08040555555555555,72.27,95.9
0.08041111111111111,72.27,95.9
0.08041666666666666,72.27,95.9
0.08042222222222221,72.27,95.9
0.08042777777777778,72.27,95.9
0.08043333333333333,72.27,95.9
0.08043888888888888,72.27,95.9
0.08044444444444446,72.27,95.9
0.08045000000000001,72.27,95.9
0.08045555555555556,72.27,95.9
0.08046111111111112,72.27,95.9
0.08046666666666667,72.27,95.9
0.08047222222222222,72.25,95.9
0.08047777777777779,72.25,95.9
0.08048333333333334,72.25,95.9
0.08048888888888889,72.25,95.9
0.08049444444444444,72.25,95.9
0.0805,72.25,95.9
0.08050555555555555,72.25,95.9
0.0805111111111111,72.25,95.9
0.08051666666666667,72.25,95.9
0.08052222222222222,72.25,95.9
0.08052777777777777,72.25,95.9
0.08053333333333333,72.25,95.9
0.08053888888888888,72.25,95.9
0.08054444444444443,72.25,95.9
0.08055000000000001,72.25,95.9
0.08055555555555556,72.25,95.9
0.08056111111111111,72.25,95.9
0.08056666666666668,72.25,95.9
0.08057222222222223,72.25,95.9
0.08057777777777778,72.25,95.9
0.08058333333333334,72.25,95.9
0.08058888888888889,72.25,95.9
0.08059444444444444,72.25,95.9
0.0806,72.25,95.9
0.08060555555555556,72.25,95.9
0.0806111111111111,72.25,95.9
0.08061666666666667,72.25,95.9
0.08062222222222222,72.25,95.9
0.08062777777777777,72.25,95.9
0.08063333333333332,72.25,95.9
0.0806388888888889,72.25,95.9
0.08064444444444445,72.25,95.9
0.08065,72.25,95.9
0.08065555555555556,72.25,95.9
0.08066111111111111,72.25,95.9
0.08066666666666666,72.25,95.9
0.08067222222222223,72.25,95.9
0.08067777777777778,72.25,95.9
0.08068333333333333,72.25,95.9
0.0806888888888889,72.25,95.9
0.08069444444444444,72.25,95.9
0.0807,72.25,95.9
0.08070555555555556,72.26,95.9
0.08071111111111111,72.26,95.9
0.08071666666666666,72.26,95.9
0.08072222222222222,72.26,95.9
0.08072777777777777,72.26,95.9
0.08073333333333332,72.26,95.9
0.0807388888888889,72.26,95.9
0.08074444444444445,72.26,95.9
0.08075,72.26,95.9
0.08075555555555557,72.26,95.9
0.08076111111111112,72.26,95.9
0.08076666666666667,72.26,95.9
0.08077222222222222,72.26,95.9
0.08077777777777778,72.26,95.9
0.08078333333333333,72.26,95.9
0.08078888888888888,72.26,95.9
0.08079444444444445,72.26,95.9
0.0808,72.26,95.9
0.08080555555555555,72.26,95.9
0.08081111111111111,72.26,95.9
0.08081666666666666,72.26,95.9
0.08082222222222221,72.26,95.9
0.08082777777777778,72.26,95.9
0.08083333333333333,72.26,95.9
0.08083888888888889,72.26,95.9
0.08084444444444445,72.26,95.9
0.08085,72.26,95.9
0.08085555555555556,72.26,95.9
0.08086111111111112,72.26,95.9
0.08086666666666667,72.26,95.9
0.08087222222222222,72.26,95.9
0.08087777777777778,72.26,95.9
0.08088333333333333,72.26,95.9
0.08088888888888889,72.26,95.9
0.08089444444444445,72.26,95.9
0.0809,72.26,95.9
0.08090555555555555,72.26,95.9
0.0809111111111111,72.26,95.9
0.08091666666666666,72.26,95.9
0.08092222222222221,72.26,95.9
0.08092777777777777,72.26,95.9
0.08093333333333334,72.26,95.9
0.0809388888888889,72.28,95.9
0.08094444444444444,72.28,95.9
0.08095000000000001,72.28,95.9
0.08095555555555556,72.28,95.9
0.08096111111111111,72.28,95.9
0.08096666666666667,72.28,95.9
0.08097222222222222,72.28,95.9
0.08097777777777777,72.28,95.9
0.08098333333333334,72.28,95.9
0.08098888888888889,72.28,95.9
0.08099444444444444,72.28,95.9
0.081,72.28,95.9
0.08100555555555555,72.28,95.9
0.0810111111111111,72.28,95.9
0.08101666666666667,72.28,95.9
0.08102222222222222,72.28,95.9
0.08102777777777777,72.28,95.9
0.08103333333333335,72.28,95.9
0.0810388888888889,72.28,95.9
0.08104444444444445,72.28,95.9
0.08105,72.28,95.9
0.08105555555555556,72.28,95.9
0.08106111111111111,72.28,95.9
0.08106666666666666,72.28,95.9
0.08107222222222223,72.28,95.9
0.08107777777777778,72.28,95.9
0.08108333333333333,72.28,95.9
0.08108888888888889,72.28,95.9
0.08109444444444444,72.28,95.9
0.08109999999999999,72.28,95.9
0.08110555555555556,72.28,95.9
0.0811111111111111,72.28,95.9
0.08111666666666666,72.28,95.9
0.08112222222222223,72.28,95.9
0.08112777777777778,72.28,95.9
0.08113333333333334,72.28,95.9
0.0811388888888889,72.28,95.9
0.08114444444444445,72.28,95.9
0.08115,72.28,95.9
0.08115555555555556,72.28,95.9
0.08116111111111111,72.28,95.9
0.08116666666666666,72.28,95.9
0.08117222222222223,72.28,95.9
0.08117777777777778,72.28,95.9
0.08118333333333333,72.28,95.9
0.08118888888888888,72.28,95.9
0.08119444444444444,72.28,95.9
0.0812,72.28,95.9
0.08120555555555554,72.28,95.9
0.08121111111111111,72.28,95.9
0.08121666666666666,72.28,95.9
0.08122222222222221,72.28,95.9
0.08122777777777779,72.28,95.9
0.08123333333333334,72.28,95.9
0.08123888888888889,72.28,95.9
0.08124444444444445,72.28,95.9
0.08125,72.28,95.9
0.08125555555555555,72.28,95.9
0.08126111111111112,72.28,95.9
0.08126666666666667,72.28,95.9
0.08127222222222222,72.28,95.9
0.08127777777777778,72.28,95.9
0.08128333333333333,72.28,95.9
0.08128888888888888,72.28,95.9
0.08129444444444445,72.28,95.9
0.0813,72.28,95.9
0.08130555555555555,72.28,95.9
0.08131111111111111,72.28,95.9
0.08131666666666668,72.28,95.9
0.08132222222222223,72.28,95.9
0.08132777777777778,72.28,95.9
0.08133333333333334,72.28,95.9
0.08133888888888889,72.28,95.9
0.08134444444444444,72.28,95.9
0.08135,72.28,95.9
0.08135555555555556,72.28,95.9
0.0813611111111111,72.28,95.9
0.08136666666666667,72.28,95.9
0.08137222222222222,72.28,95.9
0.08137777777777777,72.28,95.9
0.08138333333333334,72.28,95.9
0.08138888888888889,72.28,95.9
0.08139444444444444,72.28,95.9
0.0814,72.28,95.9
0.08140555555555555,72.26,95.9
0.0814111111111111,72.26,95.9
0.08141666666666668,72.26,95.9
0.08142222222222223,72.26,95.9
0.08142777777777778,72.26,95.9
0.08143333333333334,72.26,95.9
0.0814388888888889,72.26,95.9
0.08144444444444444,72.26,95.9
0.08145000000000001,72.26,95.9
0.08145555555555556,72.26,95.9
0.08146111111111111,72.26,95.9
0.08146666666666666,72.26,95.9
0.08147222222222222,72.26,95.9
0.08147777777777777,72.26,95.9
0.08148333333333332,72.26,95.9
0.08148888888888889,72.26,95.9
0.08149444444444444,72.26,95.9
0.08149999999999999,72.26,95.9
0.08150555555555555,72.26,95.9
0.0815111111111111,72.26,95.9
0.08151666666666667,72.26,95.9
0.08152222222222223,72.26,95.9
0.08152777777777778,72.26,95.9
0.08153333333333333,72.26,95.9
0.0815388888888889,72.26,95.9
0.08154444444444445,72.26,95.9
0.08155,72.26,95.9
0.08155555555555556,72.26,95.9
0.08156111111111111,72.26,95.9
0.08156666666666666,72.26,95.9
0.08157222222222223,72.26,95.9
0.08157777777777778,72.26,95.9
0.08158333333333333,72.26,95.9
0.08158888888888889,72.26,95.9
0.08159444444444444,72.26,95.9
0.08159999999999999,72.26,95.9
0.08160555555555554,72.26,95.9
0.08161111111111112,72.26,95.9
0.08161666666666667,72.26,95.9
0.08162222222222222,72.26,95.9
0.08162777777777779,72.26,95.9
0.08163333333333334,72.26,95.9
0.08163888888888889,72.25,95.9
0.08164444444444445,72.25,95.9
0.08165,72.25,95.9
0.08165555555555555,72.25,95.9
0.08166111111111111,72.25,95.9
0.08166666666666667,72.25,95.9
0.08167222222222222,72.25,95.9
0.08167777777777778,72.25,95.9
0.08168333333333333,72.25,95.9
0.08168888888888888,72.25,95.9
0.08169444444444444,72.25,95.9
0.0817,72.25,95.9
0.08170555555555555,72.25,95.9
0.08171111111111112,72.25,95.9
0.08171666666666667,72.25,95.9
0.08172222222222222,72.25,95.9
0.08172777777777779,72.25,95.9
0.08173333333333334,72.25,95.9
0.08173888888888889,72.25,95.9
0.08174444444444444,72.25,95.9
0.08175,72.25,95.9
0.08175555555555555,72.25,95.9
0.0817611111111111,72.25,95.9
0.08176666666666667,72.25,95.9
0.08177222222222222,72.25,95.9
0.08177777777777777,72.25,95.9
0.08178333333333333,72.25,95.9
0.08178888888888888,72.25,95.9
0.08179444444444443,72.25,95.9
0.08180000000000001,72.25,95.9
0.08180555555555556,72.25,95.9
0.08181111111111111,72.25,95.9
0.08181666666666668,72.25,95.9
0.08182222222222223,72.25,95.9
0.08182777777777778,72.25,95.9
0.08183333333333334,72.25,95.9
0.08183888888888889,72.25,95.9
0.08184444444444444,72.25,95.9
0.08185,72.25,95.9
0.08185555555555556,72.25,95.9
0.0818611111111111,72.25,95.9
0.08186666666666667,72.25,95.9
0.08187222222222222,72.27,96.0
0.08187777777777777,72.27,96.0
0.08188333333333332,72.27,96.0
0.08188888888888889,72.27,96.0
0.08189444444444444,72.27,96.0
0.08189999999999999,72.27,96.0
0.08190555555555556,72.27,96.0
0.08191111111111112,72.27,96.0
0.08191666666666667,72.27,96.0
0.08192222222222223,72.27,96.0
0.08192777777777778,72.27,96.0
0.08193333333333333,72.27,96.0
0.0819388888888889,72.27,96.0
0.08194444444444444,72.27,96.0
0.08195,72.27,96.0
0.08195555555555556,72.27,96.0
0.08196111111111111,72.27,96.0
0.08196666666666666,72.27,96.0
0.08197222222222222,72.27,96.0
0.08197777777777777,72.27,96.0
0.08198333333333332,72.27,96.0
0.08198888888888889,72.27,96.0
0.08199444444444445,72.27,96.0
0.082,72.27,96.0
0.08200555555555557,72.27,96.0
0.08201111111111112,72.27,96.0
0.08201666666666667,72.27,96.0
0.08202222222222222,72.27,96.0
0.08202777777777778,72.27,96.0
0.08203333333333333,72.27,96.0
0.08203888888888888,72.27,96.0
0.08204444444444445,72.27,96.0
0.08205,72.27,96.0
0.08205555555555555,72.27,96.0
0.08206111111111111,72.27,96.0
0.08206666666666666,72.27,96.0
0.08207222222222221,72.27,96.0
0.08207777777777778,72.27,96.0
0.08208333333333333,72.27,96.0
0.08208888888888888,72.27,96.0
0.08209444444444446,72.27,96.0
0.0821,72.27,96.0
0.08210555555555556,72.29,96.0
0.08211111111111112,72.29,96.0
0.08211666666666667,72.29,96.0
0.08212222222222222,72.29,96.0
0.08212777777777779,72.29,96.0
0.08213333333333334,72.29,96.0
0.08213888888888889,72.29,96.0
0.08214444444444445,72.29,96.0
0.08215,72.29,96.0
0.08215555555555555,72.29,96.0
0.0821611111111111,72.29,96.0
0.08216666666666667,72.29,96.0
0.08217222222222222,72.29,96.0
0.08217777777777777,72.29,96.0
0.08218333333333333,72.29,96.0
0.08218888888888888,72.29,96.0
0.08219444444444444,72.29,96.0
0.08220000000000001,72.29,96.0
0.08220555555555556,72.29,96.0
0.08221111111111111,72.29,96.0
0.08221666666666667,72.29,96.0
0.08222222222222222,72.29,96.0
0.08222777777777777,72.29,96.0
0.08223333333333334,72.29,96.0
0.08223888888888889,72.29,96.0
0.08224444444444444,72.29,96.0
0.08225,72.29,96.0
0.08225555555555555,72.29,96.0
0.0822611111111111,72.29,96.0
0.08226666666666667,72.29,96.0
0.08227222222222222,72.29,96.0
0.08227777777777777,72.29,96.0
0.08228333333333335,72.29,96.0
0.0822888888888889,72.29,96.0
0.08229444444444445,72.29,96.0
0.0823,72.29,96.0
0.08230555555555556,72.29,96.0
0.08231111111111111,72.29,96.0
0.08231666666666666,72.29,96.0
0.08232222222222223,72.29,96.0
0.08232777777777778,72.29,96.0
0.08233333333333333,72.29,96.0
0.08233888888888889,72.27,96.0
0.08234444444444444,72.27,96.0
0.08234999999999999,72.27,96.0
0.08235555555555556,72.27,96.0
0.08236111111111111,72.27,96.0
0.08236666666666666,72.27,96.0
0.08237222222222222,72.27,96.0
0.08237777777777777,72.27,96.0
0.08238333333333332,72.27,96.0
0.0823888888888889,72.27,96.0
0.08239444444444445,72.27,96.0
0.0824,72.27,96.0
0.08240555555555557,72.27,96.0
0.08241111111111112,72.27,96.0
0.08241666666666667,72.27,96.0
0.08242222222222223,72.27,96.0
0.08242777777777778,72.27,96.0
0.08243333333333333,72.27,96.0
0.08243888888888888,72.27,96.0
0.08244444444444445,72.27,96.0
0.08245,72.27,96.0
0.08245555555555555,72.27,96.0
0.08246111111111111,72.27,96.0
0.08246666666666666,72.27,96.0
0.08247222222222221,72.27,96.0
0.08247777777777779,72.27,96.0
0.08248333333333334,72.27,96.0
0.08248888888888889,72.27,96.0
0.08249444444444445,72.27,96.0
0.0825,72.27,96.0
0.08250555555555555,72.27,96.0
0.08251111111111112,72.27,96.0
0.08251666666666667,72.27,96.0
0.08252222222222222,72.27,96.0
0.08252777777777778,72.27,96.0
0.08253333333333333,72.27,96.0
0.08253888888888888,72.27,96.0
0.08254444444444445,72.27,96.0
0.08255,72.27,96.0
0.08255555555555555,72.27,96.0
0.08256111111111111,72.27,96.0
0.08256666666666666,72.27,96.0
0.08257222222222221,72.25,96.0
0.08257777777777776,72.25,96.0
0.08258333333333334,72.25,96.0
0.08258888888888889,72.25,96.0
0.08259444444444444,72.25,96.0
0.0826,72.25,96.0
0.08260555555555556,72.25,96.0
0.08261111111111111,72.25,96.0
0.08261666666666667,72.25,96.0
0.08262222222222222,72.25,96.0
0.08262777777777777,72.25,96.0
0.08263333333333334,72.25,96.0
0.08263888888888889,72.25,96.0
0.08264444444444444,72.25,96.0
0.08265,72.25,96.0
0.08265555555555555,72.25,96.0
0.0826611111111111,72.25,96.0
0.08266666666666667,72.25,96.0
0.08267222222222223,72.25,96.0
0.08267777777777778,72.25,96.0
0.08268333333333334,72.25,96.0
0.0826888888888889,72.25,96.0
0.08269444444444445,72.25,96.0
0.08270000000000001,72.25,96.0
0.08270555555555556,72.25,96.0
0.08271111111111111,72.25,96.0
0.08271666666666666,72.25,96.0
0.08272222222222222,72.25,96.0
0.08272777777777778,72.25,96.0
0.08273333333333333,72.25,96.0
0.08273888888888889,72.25,96.0
0.08274444444444444,72.25,96.0
0.08274999999999999,72.25,96.0
0.08275555555555555,72.25,96.0
0.0827611111111111,72.25,96.0
0.08276666666666666,72.25,96.0
0.08277222222222223,72.25,96.0
0.08277777777777778,72.25,96.0
0.08278333333333333,72.25,96.0
0.0827888888888889,72.25,96.0
0.08279444444444445,72.25,96.0
0.0828,72.25,96.0
0.08280555555555556,72.25,96.0
0.08281111111111111,72.25,96.0
0.08281666666666666,72.25,96.0
0.08282222222222223,72.25,96.0
0.08282777777777778,72.25,96.0
0.08283333333333333,72.25,96.0
0.08283888888888889,72.25,96.0
0.08284444444444444,72.25,96.0
0.08285,72.25,96.0
0.08285555555555554,72.25,96.0
0.08286111111111111,72.25,96.0
0.08286666666666666,72.25,96.0
0.08287222222222222,72.25,96.0
0.08287777777777779,72.25,96.0
0.08288333333333334,72.25,96.0
0.08288888888888889,72.25,96.0
0.08289444444444445,72.25,96.0
0.0829,72.25,96.0
0.08290555555555555,72.25,96.0
0.08291111111111112,72.25,96.0
0.08291666666666667,72.25,96.0
0.08292222222222222,72.25,96.0
0.08292777777777778,72.25,96.0
0.08293333333333333,72.25,96.0
0.08293888888888888,72.25,96.0
0.08294444444444445,72.25,96.0
0.08295,72.25,96.0
0.08295555555555555,72.25,96.0
0.08296111111111112,72.25,96.0
0.08296666666666667,72.25,96.0
0.08297222222222222,72.25,96.0
0.08297777777777779,72.25,96.0
0.08298333333333334,72.25,96.0
0.08298888888888889,72.25,96.0
0.08299444444444444,72.25,96.0
0.083,72.25,96.0
0.08300555555555555,72.25,96.0
0.0830111111111111,72.25,96.0
0.08301666666666667,72.25,96.0
0.08302222222222222,72.25,96.0
0.08302777777777777,72.25,96.0
0.08303333333333333,72.25,96.0
0.08303888888888888,72.28,96.0
0.08304444444444443,72.28,96.0
0.08305,72.28,96.0
0.08305555555555555,72.28,96.0
0.0830611111111111,72.28,96.0
0.08306666666666668,72.28,96.0
0.08307222222222223,72.28,96.0
0.08307777777777778,72.28,96.0
0.08308333333333334,72.28,96.0
0.08308888888888889,72.28,96.0
0.08309444444444444,72.28,96.0
0.08310000000000001,72.28,96.0
0.08310555555555556,72.28,96.0
0.08311111111111111,72.28,96.0
0.08311666666666667,72.28,96.0
0.08312222222222222,72.28,96.0
0.08312777777777777,72.28,96.0
0.08313333333333332,72.28,96.0
0.08313888888888889,72.28,96.0
0.08314444444444444,72.28,96.0
0.08314999999999999,72.28,96.0
0.08315555555555557,72.28,96.0
0.08316111111111112,72.28,96.0
0.08316666666666667,72.28,96.0
0.08317222222222223,72.28,96.0
0.08317777777777778,72.28,96.0
0.08318333333333333,72.28,96.0
0.0831888888888889,72.28,96.0
0.08319444444444445,72.28,96.0
0.0832,72.28,96.0
0.08320555555555556,72.28,96.0
0.08321111111111111,72.28,96.0
0.08321666666666666,72.28,96.0
0.08322222222222223,72.28,96.0
0.08322777777777778,72.28,96.0
0.08323333333333333,72.28,96.0
0.08323888888888889,72.28,96.0
0.08324444444444444,72.28,96.0
0.08324999999999999,72.28,96.0
0.08325555555555557,72.28,96.0
0.08326111111111112,72.28,96.0
0.08326666666666667,72.28,96.0
0.08327222222222222,72.28,96.0
0.08327777777777778,72.28,96.0
0.08328333333333333,72.28,96.0
0.08328888888888888,72.28,96.0
0.08329444444444445,72.28,96.0
0.0833,72.28,96.0
0.08330555555555555,72.28,96.0
0.08331111111111111,72.28,96.0
0.08331666666666666,72.28,96.0
0.08332222222222221,72.28,96.0
0.08332777777777778,72.28,96.0
0.08333333333333333,72.28,96.0
0.08333888888888888,72.28,96.0
0.08334444444444444,72.28,96.0
0.08335000000000001,72.28,96.0
0.08335555555555556,72.28,96.0
0.08336111111111112,72.28,96.0
0.08336666666666667,72.28,96.0
0.08337222222222222,72.28,96.0
0.08337777777777779,72.28,96.0
0.08338333333333334,72.28,96.0
0.08338888888888889,72.28,96.0
0.08339444444444445,72.28,96.0
0.0834,72.28,96.0
0.08340555555555555,72.28,96.0
0.0834111111111111,72.28,96.0
0.08341666666666667,72.28,96.0
0.08342222222222222,72.28,96.0
0.08342777777777777,72.28,96.0
0.08343333333333333,72.28,96.0
0.08343888888888888,72.28,96.0
0.08344444444444443,72.28,96.0
0.08345000000000001,72.28,96.0
0.08345555555555556,72.28,96.0
0.08346111111111111,72.28,96.0
0.08346666666666668,72.28,96.0
0.08347222222222223,72.28,96.0
0.08347777777777778,72.28,96.0
0.08348333333333334,72.28,96.0
0.08348888888888889,72.28,96.0
0.08349444444444444,72.28,96.0
0.0835,72.28,96.0
0.08350555555555556,72.25,96.0
0.0835111111111111,72.25,96.0
0.08351666666666667,72.25,96.0
0.08352222222222222,72.25,96.0
0.08352777777777777,72.25,96.0
0.08353333333333333,72.25,96.0
0.08353888888888888,72.25,96.0
0.08354444444444444,72.25,96.0
0.08355,72.25,96.0
0.08355555555555556,72.25,96.0
0.08356111111111111,72.25,96.0
0.08356666666666666,72.25,96.0
0.08357222222222223,72.25,96.0
0.08357777777777778,72.25,96.0
0.08358333333333333,72.25,96.0
0.0835888888888889,72.25,96.0
0.08359444444444444,72.25,96.0
0.0836,72.25,96.0
0.08360555555555556,72.25,96.0
0.08361111111111111,72.25,96.0
0.08361666666666666,72.25,96.0
0.08362222222222222,72.25,96.0
0.08362777777777777,72.25,96.0
0.08363333333333332,72.25,96.0
0.0836388888888889,72.25,96.0
0.08364444444444445,72.25,96.0
0.08365,72.25,96.0
0.08365555555555557,72.25,96.0
0.08366111111111112,72.25,96.0
0.08366666666666667,72.25,96.0
0.08367222222222223,72.25,96.0
0.08367777777777778,72.25,96.0
0.08368333333333333,72.25,96.0
0.08368888888888888,72.25,96.0
0.08369444444444445,72.25,96.0
0.0837,72.25,96.0
0.08370555555555555,72.25,96.0
0.08371111111111111,72.25,96.0
0.08371666666666666,72.25,96.0
0.08372222222222221,72.25,96.0
0.08372777777777778,72.25,96.0
0.08373333333333333,72.25,96.0
0.08373888888888888,72.24,96.0
0.08374444444444445,72.24,96.0
0.08375,72.24,96.0
0.08375555555555556,72.24,96.0
0.08376111111111112,72.24,96.0
0.08376666666666667,72.24,96.0
0.08377222222222222,72.24,96.0
0.08377777777777778,72.24,96.0
0.08378333333333333,72.24,96.0
0.08378888888888888,72.24,96.0
0.08379444444444445,72.24,96.0
0.0838,72.24,96.0
0.08380555555555555,72.24,96.0
0.08381111111111111,72.24,96.0
0.08381666666666666,72.24,96.0
0.08382222222222221,72.24,96.0
0.08382777777777776,72.24,96.0
0.08383333333333334,72.24,96.0
0.0838388888888889,72.24,96.0
0.08384444444444444,72.24,96.0
0.08385000000000001,72.24,96.0
0.08385555555555556,72.24,96.0
0.08386111111111111,72.24,96.0
0.08386666666666667,72.24,96.0
0.08387222222222222,72.24,96.0
0.08387777777777777,72.24,96.0
0.08388333333333334,72.24,96.0
0.08388888888888889,72.24,96.0
0.08389444444444444,72.24,96.0
0.0839,72.24,96.0
0.08390555555555555,72.24,96.0
0.0839111111111111,72.24,96.0
0.08391666666666667,72.24,96.0
0.08392222222222222,72.24,96.0
0.08392777777777777,72.24,96.0
0.08393333333333335,72.24,96.0
0.0839388888888889,72.24,96.0
0.08394444444444445,72.24,96.0
0.08395000000000001,72.24,96.0
0.08395555555555556,72.24,96.0
0.08396111111111111,72.24,96.0
0.08396666666666666,72.24,96.0
0.08397222222222223,72.26,96.0
0.08397777777777778,72.26,96.0
0.08398333333333333,72.26,96.0
0.08398888888888889,72.26,96.0
0.08399444444444444,72.26,96.0
0.08399999999999999,72.26,96.0
0.08400555555555556,72.26,96.0
0.0840111111111111,72.26,96.0
0.08401666666666666,72.26,96.0
0.08402222222222222,72.26,96.0
0.08402777777777778,72.26,96.0
0.08403333333333333,72.26,96.0
0.0840388888888889,72.26,96.0
0.08404444444444445,72.26,96.0
0.08405,72.26,96.0
0.08405555555555556,72.26,96.0
0.08406111111111111,72.26,96.0
0.08406666666666666,72.26,96.0
0.08407222222222223,72.26,96.0
0.08407777777777778,72.26,96.0
0.08408333333333333,72.26,96.0
0.0840888888888889,72.26,96.0
0.08409444444444444,72.26,96.0
0.0841,72.26,96.0
0.08410555555555554,72.26,96.0
0.08411111111111111,72.26,96.0
0.08411666666666666,72.26,96.0
0.08412222222222221,72.26,96.0
0.08412777777777779,72.26,96.0
0.08413333333333334,72.26,96.0
0.08413888888888889,72.26,96.0
0.08414444444444445,72.26,96.0
0.08415,72.26,96.0
0.08415555555555555,72.26,96.0
0.08416111111111112,72.26,96.0
0.08416666666666667,72.26,96.0
0.08417222222222222,72.26,96.0
0.08417777777777778,72.26,96.0
0.08418333333333333,72.26,96.0
0.08418888888888888,72.26,96.0
0.08419444444444445,72.26,96.0
0.0842,72.26,96.0
0.08420555555555555,72.28,96.0
0.08421111111111111,72.28,96.0
0.08421666666666666,72.28,96.0
0.08422222222222221,72.28,96.0
0.08422777777777779,72.28,96.0
0.08423333333333334,72.28,96.0
0.08423888888888889,72.28,96.0
0.08424444444444444,72.28,96.0
0.08425,72.28,96.0
0.08425555555555556,72.28,96.0
0.0842611111111111,72.28,96.0
0.08426666666666667,72.28,96.0
0.08427222222222222,72.28,96.0
0.08427777777777777,72.28,96.0
0.08428333333333334,72.28,96.0
0.08428888888888889,72.28,96.0
0.08429444444444444,72.28,96.0
0.0843,72.28,96.0
0.08430555555555555,72.28,96.0
0.0843111111111111,72.28,96.0
0.08431666666666668,72.28,96.0
0.08432222222222223,72.28,96.0
0.08432777777777778,72.28,96.0
0.08433333333333334,72.28,96.0
0.0843388888888889,72.28,96.0
0.08434444444444444,72.28,96.0
0.08435000000000001,72.28,96.0
0.08435555555555556,72.28,96.0
0.08436111111111111,72.28,96.0
0.08436666666666667,72.28,96.0
0.08437222222222222,72.28,96.0
0.08437777777777777,72.28,96.0
0.08438333333333332,72.28,96.0
0.08438888888888889,72.28,96.0
0.08439444444444444,72.28,96.0
0.08439999999999999,72.28,96.0
0.08440555555555555,72.28,96.0
0.0844111111111111,72.28,96.0
0.08441666666666665,72.28,96.0
0.08442222222222223,72.28,96.0
0.08442777777777778,72.28,96.0
0.08443333333333333,72.28,96.0
0.0844388888888889,72.26,96.0
0.08444444444444445,72.26,96.0
0.08445,72.26,96.0
0.08445555555555556,72.26,96.0
0.08446111111111111,72.26,96.0
0.08446666666666666,72.26,96.0
0.08447222222222223,72.26,96.0
0.08447777777777778,72.26,96.0
0.08448333333333333,72.26,96.0
0.08448888888888889,72.26,96.0
0.08449444444444444,72.26,96.0
0.08449999999999999,72.26,96.0
0.08450555555555557,72.26,96.0
0.08451111111111112,72.26,96.0
0.08451666666666667,72.26,96.0
0.08452222222222222,72.26,96.0
0.08452777777777779,72.26,96.0
0.08453333333333334,72.26,96.0
0.08453888888888889,72.26,96.0
0.08454444444444445,72.26,96.0
0.08455,72.26,96.0
0.08455555555555555,72.26,96.0
0.08456111111111111,72.26,96.0
0.08456666666666666,72.26,96.0
0.08457222222222222,72.26,96.0
0.08457777777777778,72.26,96.0
0.08458333333333333,72.26,96.0
0.08458888888888888,72.26,96.0
0.08459444444444444,72.26,96.0
0.0846,72.26,96.0
0.08460555555555554,72.26,96.0
0.08461111111111112,72.26,96.0
0.08461666666666667,72.26,96.0
0.08462222222222222,72.26,96.0
0.08462777777777779,72.26,96.0
0.08463333333333334,72.26,96.0
0.08463888888888889,72.26,96.0
0.08464444444444445,72.26,96.0
0.08465,72.26,96.0
0.08465555555555555,72.26,96.0
0.0846611111111111,72.26,96.0
0.08466666666666667,72.26,96.0
0.08467222222222222,72.23,96.0
0.08467777777777777,72.23,96.0
0.08468333333333333,72.23,96.0
0.08468888888888888,72.23,96.0
0.08469444444444443,72.23,96.0
0.0847,72.23,96.0
0.08470555555555556,72.23,96.0
0.08471111111111111,72.23,96.0
0.08471666666666668,72.23,96.0
0.08472222222222223,72.23,96.0
0.08472777777777778,72.23,96.0
0.08473333333333334,72.23,96.0
0.08473888888888889,72.23,96.0
0.08474444444444444,72.23,96.0
0.08475,72.23,96.0
0.08475555555555556,72.23,96.0
0.0847611111111111,72.23,96.0
0.08476666666666667,72.23,96.0
0.08477222222222222,72.23,96.0
0.08477777777777777,72.23,96.0
0.08478333333333334,72.23,96.0
0.08478888888888889,72.23,96.0
0.08479444444444444,72.23,96.0
0.08479999999999999,72.23,96.0
0.08480555555555556,72.23,96.0
0.08481111111111111,72.23,96.0
0.08481666666666667,72.23,96.0
0.08482222222222223,72.23,96.0
0.08482777777777778,72.23,96.0
0.08483333333333333,72.23,96.0
0.0848388888888889,72.23,96.0
0.08484444444444444,72.23,96.0
0.08485,72.23,96.0
0.08485555555555556,72.23,96.0
0.08486111111111111,72.23,96.0
0.08486666666666666,72.23,96.0
0.08487222222222222,72.23,96.0
0.08487777777777777,72.23,96.0
0.08488333333333332,72.23,96.0
0.08488888888888889,72.23,96.0
0.08489444444444444,72.23,96.0
0.08489999999999999,72.23,96.0
0.08490555555555557,72.24,96.0
0.08491111111111112,72.24,96.0
0.08491666666666667,72.24,96.0
0.08492222222222223,72.24,96.0
0.08492777777777778,72.24,96.0
0.08493333333333333,72.24,96.0
0.08493888888888888,72.24,96.0
0.08494444444444445,72.24,96.0
0.08495,72.24,96.0
0.08495555555555555,72.24,96.0
0.08496111111111111,72.24,96.0
0.08496666666666666,72.24,96.0
0.08497222222222221,72.24,96.0
0.08497777777777778,72.24,96.0
0.08498333333333333,72.24,96.0
0.08498888888888888,72.24,96.0
0.08499444444444446,72.24,96.0
0.085,72.24,96.0
0.08500555555555556,72.24,96.0
0.08501111111111112,72.24,96.0
0.08501666666666667,72.24,96.0
0.08502222222222222,72.24,96.0
0.08502777777777779,72.24,96.0
0.08503333333333334,72.24,96.0
0.08503888888888889,72.24,96.0
0.08504444444444445,72.24,96.0
0.08505,72.24,96.0
0.08505555555555555,72.24,96.0
0.08506111111111112,72.24,96.0
0.08506666666666667,72.24,96.0
0.08507222222222222,72.24,96.0
0.08507777777777777,72.24,96.0
0.08508333333333333,72.24,96.0
0.08508888888888888,72.24,96.0
0.08509444444444443,72.24,96.0
0.08510000000000001,72.24,96.0
0.08510555555555556,72.24,96.0
0.08511111111111111,72.24,96.0
0.08511666666666667,72.24,96.0
0.08512222222222222,72.24,96.0
0.08512777777777777,72.24,96.0
0.08513333333333334,72.24,96.0
0.08513888888888889,72.27,96.0
0.08514444444444444,72.27,96.0
0.08515,72.27,96.0
0.08515555555555555,72.27,96.0
0.0851611111111111,72.27,96.0
0.08516666666666667,72.27,96.0
0.08517222222222222,72.27,96.0
0.08517777777777777,72.27,96.0
0.08518333333333335,72.27,96.0
0.0851888888888889,72.27,96.0
0.08519444444444445,72.27,96.0
0.08520000000000001,72.27,96.0
0.08520555555555556,72.27,96.0
0.08521111111111111,72.27,96.0
0.08521666666666666,72.27,96.0
0.08522222222222223,72.27,96.0
0.08522777777777778,72.27,96.0
0.08523333333333333,72.27,96.0
0.08523888888888889,72.27,96.0
0.08524444444444444,72.27,96.0
0.08524999999999999,72.27,96.0
0.08525555555555556,72.27,96.0
0.08526111111111111,72.27,96.0
0.08526666666666666,72.27,96.0
0.08527222222222222,72.27,96.0
0.08527777777777777,72.27,96.0
0.08528333333333332,72.27,96.0
0.0852888888888889,72.27,96.0
0.08529444444444445,72.27,96.0
0.0853,72.27,96.0
0.08530555555555557,72.27,96.0
0.08531111111111112,72.27,96.0
0.08531666666666667,72.27,96.0
0.08532222222222223,72.27,96.0
0.08532777777777778,72.27,96.0
0.08533333333333333,72.27,96.0
0.0853388888888889,72.27,96.0
0.08534444444444444,72.27,96.0
0.08535,72.27,96.0
0.08535555555555555,72.27,96.0
0.08536111111111111,72.27,96.0
0.08536666666666666,72.27,96.0
0.08537222222222221,72.26,96.0
0.08537777777777777,72.26,96.0
0.08538333333333334,72.26,96.0
0.08538888888888889,72.26,96.0
0.08539444444444445,72.26,96.0
0.0854,72.26,96.0
0.08540555555555555,72.26,96.0
0.08541111111111112,72.26,96.0
0.08541666666666667,72.26,96.0
0.08542222222222222,72.26,96.0
0.08542777777777778,72.26,96.0
0.08543333333333333,72.26,96.0
0.08543888888888888,72.26,96.0
0.08544444444444445,72.26,96.0
0.08545,72.26,96.0
0.08545555555555555,72.26,96.0
0.08546111111111111,72.26,96.0
0.08546666666666666,72.26,96.0
0.08547222222222221,72.26,96.0
0.08547777777777779,72.26,96.0
0.08548333333333334,72.26,96.0
0.08548888888888889,72.26,96.0
0.08549444444444444,72.26,96.0
0.0855,72.26,96.0
0.08550555555555556,72.26,96.0
0.08551111111111111,72.26,96.0
0.08551666666666667,72.26,96.0
0.08552222222222222,72.26,96.0
0.08552777777777777,72.26,96.0
0.08553333333333334,72.26,96.0
0.08553888888888889,72.26,96.0
0.08554444444444444,72.26,96.0
0.08555,72.26,96.0
0.08555555555555555,72.26,96.0
0.0855611111111111,72.26,96.0
0.08556666666666667,72.26,96.0
0.08557222222222222,72.26,96.0
0.08557777777777777,72.26,96.0
0.08558333333333334,72.26,96.0
0.0855888888888889,72.26,96.0
0.08559444444444445,72.26,96.0
0.08560000000000001,72.26,96.0
0.08560555555555556,72.24,96.0
0.08561111111111111,72.24,96.0
0.08561666666666667,72.24,96.0
0.08562222222222222,72.24,96.0
0.08562777777777777,72.24,96.0
0.08563333333333333,72.24,96.0
0.08563888888888889,72.24,96.0
0.08564444444444444,72.24,96.0
0.08564999999999999,72.24,96.0
0.08565555555555555,72.24,96.0
0.0856611111111111,72.24,96.0
0.08566666666666665,72.24,96.0
0.08567222222222223,72.24,96.0
0.08567777777777778,72.24,96.0
0.08568333333333333,72.24,96.0
0.0856888888888889,72.24,96.0
0.08569444444444445,72.24,96.0
0.0857,72.24,96.0
0.08570555555555556,72.24,96.0
0.08571111111111111,72.24,96.0
0.08571666666666666,72.24,96.0
0.08572222222222223,72.24,96.0
0.08572777777777778,72.24,96.0
0.08573333333333333,72.24,96.0
0.08573888888888889,72.24,96.0
0.08574444444444444,72.24,96.0
0.08574999999999999,72.24,96.0
0.08575555555555556,72.24,96.0
0.08576111111111111,72.24,96.0
0.08576666666666666,72.24,96.0
0.08577222222222221,72.24,96.0
0.08577777777777779,72.24,96.0
0.08578333333333334,72.24,96.0
0.08578888888888889,72.24,96.0
0.08579444444444445,72.24,96.0
0.0858,72.24,96.0
0.08580555555555555,72.24,96.0
0.08581111111111112,72.24,96.0
0.08581666666666667,72.24,96.0
0.08582222222222222,72.24,96.0
0.08582777777777778,72.24,96.0
0.08583333333333333,72.24,96.0
0.08583888888888888,72.23,96.0
0.08584444444444445,72.23,96.0
0.08585,72.23,96.0
0.08585555555555555,72.23,96.0
0.08586111111111112,72.23,96.0
0.08586666666666667,72.23,96.0
0.08587222222222222,72.23,96.0
0.08587777777777779,72.23,96.0
0.08588333333333334,72.23,96.0
0.08588888888888889,72.23,96.0
0.08589444444444445,72.23,96.0
0.0859,72.23,96.0
0.08590555555555555,72.23,96.0
0.0859111111111111,72.23,96.0
0.08591666666666667,72.23,96.0
0.08592222222222222,72.23,96.0
0.08592777777777777,72.23,96.0
0.08593333333333333,72.23,96.0
0.08593888888888888,72.23,96.0
0.08594444444444443,72.23,96.0
0.08595,72.23,96.0
0.08595555555555555,72.23,96.0
0.0859611111111111,72.23,96.0
0.08596666666666668,72.23,96.0
0.08597222222222223,72.23,96.0
0.08597777777777778,72.23,96.0
0.08598333333333334,72.23,96.0
0.08598888888888889,72.23,96.0
0.08599444444444444,72.23,96.0
0.08600000000000001,72.23,96.0
0.08600555555555556,72.23,96.0
0.08601111111111111,72.23,96.0
0.08601666666666667,72.23,96.0
0.08602222222222222,72.23,96.0
0.08602777777777777,72.23,96.0
0.08603333333333334,72.23,96.0
0.08603888888888889,72.23,96.0
0.08604444444444444,72.23,96.0
0.08604999999999999,72.23,96.0
0.08605555555555555,72.23,96.0
0.08606111111111112,72.23,96.0
0.08606666666666667,72.23,96.0
0.08607222222222223,72.25,96.0
0.08607777777777778,72.25,96.0
0.08608333333333333,72.25,96.0
0.0860888888888889,72.25,96.0
0.08609444444444445,72.25,96.0
0.0861,72.25,96.0
0.08610555555555556,72.25,96.0
0.08611111111111111,72.25,96.0
0.08611666666666666,72.25,96.0
0.08612222222222223,72.25,96.0
0.08612777777777778,72.25,96.0
0.08613333333333333,72.25,96.0
0.08613888888888889,72.25,96.0
0.08614444444444444,72.25,96.0
0.08614999999999999,72.25,96.0
0.08615555555555557,72.25,96.0
0.08616111111111112,72.25,96.0
0.08616666666666667,72.25,96.0
0.08617222222222223,72.25,96.0
0.08617777777777778,72.25,96.0
0.08618333333333333,72.25,96.0
0.08618888888888888,72.25,96.0
0.08619444444444445,72.25,96.0
0.0862,72.25,96.0
0.08620555555555555,72.25,96.0
0.08621111111111111,72.25,96.0
0.08621666666666666,72.25,96.0
0.08622222222222221,72.25,96.0
0.08622777777777778,72.25,96.0
0.08623333333333333,72.25,96.0
0.08623888888888888,72.25,96.0
0.08624444444444444,72.25,96.0
0.08625,72.25,96.0
0.08625555555555554,72.25,96.0
0.08626111111111112,72.25,96.0
0.08626666666666667,72.25,96.0
0.08627222222222222,72.25,96.0
0.08627777777777779,72.25,96.0
0.08628333333333334,72.25,96.0
0.08628888888888889,72.25,96.0
0.08629444444444445,72.25,96.0
0.0863,72.25,96.0
0.08630555555555555,72.27,96.0
0.08631111111111112,72.27,96.0
0.08631666666666667,72.27,96.0
0.08632222222222222,72.27,96.0
0.08632777777777777,72.27,96.0
0.08633333333333333,72.27,96.0
0.08633888888888888,72.27,96.0
0.08634444444444443,72.27,96.0
0.08635000000000001,72.27,96.0
0.08635555555555556,72.27,96.0
0.08636111111111111,72.27,96.0
0.08636666666666667,72.27,96.0
0.08637222222222223,72.27,96.0
0.08637777777777778,72.27,96.0
0.08638333333333334,72.27,96.0
0.08638888888888889,72.27,96.0
0.08639444444444444,72.27,96.0
0.0864,72.27,96.0
0.08640555555555555,72.27,96.0
0.0864111111111111,72.27,96.0
0.08641666666666667,72.27,96.0
0.08642222222222222,72.27,96.0
0.08642777777777777,72.27,96.0
0.08643333333333333,72.27,96.0
0.08643888888888888,72.27,96.0
0.08644444444444443,72.27,96.0
0.08645000000000001,72.27,96.0
0.08645555555555556,72.27,96.0
0.08646111111111111,72.27,96.0
0.08646666666666666,72.27,96.0
0.08647222222222223,72.27,96.0
0.08647777777777778,72.27,96.0
0.08648333333333333,72.27,96.0
0.08648888888888889,72.27,96.0
0.08649444444444444,72.27,96.0
0.0865,72.27,96.0
0.08650555555555556,72.27,96.0
0.08651111111111111,72.27,96.0
0.08651666666666666,72.27,96.0
0.08652222222222222,72.27,96.0
0.08652777777777777,72.27,96.0
0.08653333333333332,72.27,96.0
0.0865388888888889,72.24,96.0
0.08654444444444445,72.24,96.0
0.08655,72.24,96.0
0.08655555555555557,72.24,96.0
0.08656111111111112,72.24,96.0
0.08656666666666667,72.24,96.0
0.08657222222222223,72.24,96.0
0.08657777777777778,72.24,96.0
0.08658333333333333,72.24,96.0
0.0865888888888889,72.24,96.0
0.08659444444444445,72.24,96.0
0.0866,72.24,96.0
0.08660555555555555,72.24,96.0
0.08661111111111111,72.24,96.0
0.08661666666666666,72.24,96.0
0.08662222222222221,72.24,96.0
0.08662777777777778,72.24,96.0
0.08663333333333333,72.24,96.0
0.08663888888888888,72.24,96.0
0.08664444444444445,72.24,96.0
0.08665,72.24,96.0
0.08665555555555556,72.24,96.0
0.08666111111111112,72.24,96.0
0.08666666666666667,72.24,96.0
0.08667222222222222,72.24,96.0
0.08667777777777778,72.24,96.0
0.08668333333333333,72.24,96.0
0.08668888888888888,72.24,96.0
0.08669444444444445,72.24,96.0
0.0867,72.24,96.0
0.08670555555555555,72.24,96.0
0.08671111111111111,72.24,96.0
0.08671666666666666,72.24,96.0
0.08672222222222221,72.24,96.0
0.08672777777777778,72.24,96.0
0.08673333333333333,72.24,96.0
0.0867388888888889,72.24,96.0
0.08674444444444444,72.24,96.0
0.08675000000000001,72.24,96.0
0.08675555555555556,72.24,96.0
0.08676111111111111,72.24,96.0
0.08676666666666667,72.24,96.0
0.08677222222222222,72.22,96.0
0.08677777777777777,72.22,96.0
0.08678333333333334,72.22,96.0
0.08678888888888889,72.22,96.0
0.08679444444444444,72.22,96.0
0.0868,72.22,96.0
0.08680555555555555,72.22,96.0
0.0868111111111111,72.22,96.0
0.08681666666666667,72.22,96.0
0.08682222222222222,72.22,96.0
0.08682777777777777,72.22,96.0
0.08683333333333335,72.22,96.0
0.0868388888888889,72.22,96.0
0.08684444444444445,72.22,96.0
0.08685000000000001,72.22,96.0
0.08685555555555556,72.22,96.0
0.08686111111111111,72.22,96.0
0.08686666666666668,72.22,96.0
0.08687222222222223,72.22,96.0
0.08687777777777778,72.22,96.0
0.08688333333333333,72.22,96.0
0.08688888888888889,72.22,96.0
0.08689444444444444,72.22,96.0
0.08689999999999999,72.22,96.0
0.08690555555555556,72.22,96.0
0.0869111111111111,72.22,96.0
0.08691666666666666,72.22,96.0
0.08692222222222222,72.22,96.0
0.08692777777777777,72.22,96.0
0.08693333333333332,72.22,96.0
0.0869388888888889,72.22,96.0
0.08694444444444445,72.22,96.0
0.08695,72.22,96.0
0.08695555555555556,72.22,96.0
0.08696111111111111,72.22,96.0
0.08696666666666666,72.22,96.0
0.08697222222222223,72.22,96.0
0.08697777777777778,72.22,96.0
0.08698333333333333,72.22,96.0
0.0869888888888889,72.22,96.0
0.08699444444444444,72.22,96.0
0.087,72.22,96.0
0.08700555555555556,72.23,96.0
0.08701111111111111,72.23,96.0
0.08701666666666666,72.23,96.0
0.08702222222222221,72.23,96.0
0.08702777777777779,72.23,96.0
0.08703333333333334,72.23,96.0
0.08703888888888889,72.23,96.0
0.08704444444444445,72.23,96.0
0.08705,72.23,96.0
0.08705555555555555,72.23,96.0
0.08706111111111112,72.23,96.0
0.08706666666666667,72.23,96.0
0.08707222222222222,72.23,96.0
0.08707777777777778,72.23,96.0
0.08708333333333333,72.23,96.0
0.08708888888888888,72.23,96.0
0.08709444444444445,72.23,96.0
0.0871,72.23,96.0
0.08710555555555555,72.23,96.0
0.08711111111111111,72.23,96.0
0.08711666666666666,72.23,96.0
0.08712222222222221,72.23,96.0
0.08712777777777779,72.23,96.0
0.08713333333333334,72.23,96.0
0.08713888888888889,72.23,96.0
0.08714444444444445,72.23,96.0
0.08715,72.23,96.0
0.08715555555555556,72.23,96.0
0.0871611111111111,72.23,96.0
0.08716666666666667,72.23,96.0
0.08717222222222222,72.23,96.0
0.08717777777777777,72.23,96.0
0.08718333333333333,72.23,96.0
0.08718888888888889,72.23,96.0
0.08719444444444444,72.23,96.0
0.0872,72.23,96.0
0.08720555555555555,72.23,96.0
0.0872111111111111,72.23,96.0
0.08721666666666668,72.23,96.0
0.08722222222222223,72.23,96.0
0.08722777777777778,72.23,96.0
0.08723333333333334,72.23,96.0
0.0872388888888889,72.26,96.0
0.08724444444444444,72.26,96.0
0.08725000000000001,72.26,96.0
0.08725555555555556,72.26,96.0
0.08726111111111111,72.26,96.0
0.08726666666666667,72.26,96.0
0.08727222222222222,72.26,96.0
0.08727777777777777,72.26,96.0
0.08728333333333334,72.26,96.0
0.08728888888888889,72.26,96.0
0.08729444444444444,72.26,96.0
0.08729999999999999,72.26,96.0
0.08730555555555555,72.26,96.0
0.0873111111111111,72.26,96.0
0.08731666666666665,72.26,96.0
0.08732222222222223,72.26,96.0
0.08732777777777778,72.26,96.0
0.08733333333333333,72.26,96.0
0.0873388888888889,72.26,96.0
0.08734444444444445,72.26,96.0
0.08735,72.26,96.0
0.08735555555555556,72.26,96.0
0.08736111111111111,72.26,96.0
0.08736666666666666,72.26,96.0
0.08737222222222223,72.26,96.0
0.08737777777777778,72.26,96.0
0.08738333333333333,72.26,96.0
0.08738888888888889,72.26,96.0
0.08739444444444444,72.26,96.0
0.08739999999999999,72.26,96.0
0.08740555555555556,72.26,96.0
0.0874111111111111,72.26,96.0
0.08741666666666667,72.26,96.0
0.08742222222222223,72.26,96.0
0.08742777777777778,72.26,96.0
0.08743333333333334,72.26,96.0
0.08743888888888889,72.26,96.0
0.08744444444444445,72.26,96.0
0.08745,72.26,96.0
0.08745555555555555,72.26,96.0
0.08746111111111111,72.26,96.0
0.08746666666666666,72.26,96.0
0.08747222222222222,72.25,96.0
0.08747777777777778,72.25,96.0
0.08748333333333333,72.25,96.0
0.08748888888888888,72.25,96.0
0.08749444444444444,72.25,96.0
0.0875,72.25,96.0
0.08750555555555554,72.25,96.0
0.08751111111111112,72.25,96.0
0.08751666666666667,72.25,96.0
0.08752222222222222,72.25,96.0
0.08752777777777779,72.25,96.0
0.08753333333333334,72.25,96.0
0.08753888888888889,72.25,96.0
0.08754444444444445,72.25,96.0
0.08755,72.25,96.0
0.08755555555555555,72.25,96.0
0.08756111111111112,72.25,96.0
0.08756666666666667,72.25,96.0
0.08757222222222222,72.25,96.0
0.08757777777777777,72.25,96.0
0.08758333333333333,72.25,96.0
0.08758888888888888,72.25,96.0
0.08759444444444443,72.25,96.0
0.0876,72.25,96.0
0.08760555555555555,72.25,96.0
0.0876111111111111,72.25,96.0
0.08761666666666668,72.25,96.0
0.08762222222222223,72.25,96.0
0.08762777777777778,72.25,96.0
0.08763333333333334,72.25,96.0
0.08763888888888889,72.25,96.0
0.08764444444444444,72.25,96.0
0.08765,72.25,96.0
0.08765555555555556,72.25,96.0
0.0876611111111111,72.25,96.0
0.08766666666666667,72.25,96.0
0.08767222222222222,72.25,96.0
0.08767777777777777,72.25,96.0
0.08768333333333334,72.25,96.0
0.08768888888888889,72.25,96.0
0.08769444444444444,72.25,96.0
0.08770000000000001,72.25,96.0
0.08770555555555556,72.23,96.0
0.08771111111111111,72.23,96.0
0.08771666666666667,72.23,96.0
0.08772222222222223,72.23,96.0
0.08772777777777778,72.23,96.0
0.08773333333333333,72.23,96.0
0.0877388888888889,72.23,96.0
0.08774444444444444,72.23,96.0
0.08775,72.23,96.0
0.08775555555555556,72.23,96.0
0.08776111111111111,72.23,96.0
0.08776666666666666,72.23,96.0
0.08777222222222222,72.23,96.0
0.08777777777777777,72.23,96.0
0.08778333333333332,72.23,96.0
0.08778888888888889,72.23,96.0
0.08779444444444444,72.23,96.0
0.08779999999999999,72.23,96.0
0.08780555555555557,72.23,96.0
0.08781111111111112,72.23,96.0
0.08781666666666667,72.23,96.0
0.08782222222222223,72.23,96.0
0.08782777777777778,72.23,96.0
0.08783333333333333,72.23,96.0
0.0878388888888889,72.23,96.0
0.08784444444444445,72.23,96.0
0.08785,72.23,96.0
0.08785555555555555,72.23,96.0
0.08786111111111111,72.23,96.0
0.08786666666666666,72.23,96.0
0.08787222222222221,72.23,96.0
0.08787777777777778,72.23,96.0
0.08788333333333333,72.23,96.0
0.08788888888888888,72.23,96.0
0.08789444444444446,72.23,96.0
0.0879,72.23,96.0
0.08790555555555556,72.23,96.0
0.08791111111111112,72.23,96.0
0.08791666666666667,72.23,96.0
0.08792222222222222,72.23,96.0
0.08792777777777779,72.23,96.0
0.08793333333333334,72.23,96.0
0.08793888888888889,72.22,96.0
0.08794444444444445,72.22,96.0
0.08795,72.22,96.0
0.08795555555555555,72.22,96.0
0.08796111111111111,72.22,96.0
0.08796666666666667,72.22,96.0
0.08797222222222222,72.22,96.0
0.08797777777777778,72.22,96.0
0.08798333333333333,72.22,96.0
0.08798888888888888,72.22,96.0
0.08799444444444443,72.22,96.0
0.08800000000000001,72.22,96.0
0.08800555555555556,72.22,96.0
0.08801111111111111,72.22,96.0
0.08801666666666667,72.22,96.0
0.08802222222222222,72.22,96.0
0.08802777777777777,72.22,96.0
0.08803333333333334,72.22,96.0
0.08803888888888889,72.22,96.0
0.08804444444444444,72.22,96.0
0.08805,72.22,96.0
0.08805555555555555,72.22,96.0
0.0880611111111111,72.22,96.0
0.08806666666666667,72.22,96.0
0.08807222222222222,72.22,96.0
0.08807777777777777,72.22,96.0
0.08808333333333333,72.22,96.0
0.08808888888888888,72.22,96.0
0.08809444444444445,72.22,96.0
0.08810000000000001,72.22,96.0
0.08810555555555556,72.22,96.0
0.08811111111111111,72.22,96.0
0.08811666666666668,72.22,96.0
0.08812222222222223,72.22,96.0
0.08812777777777778,72.22,96.0
0.08813333333333333,72.22,96.0
0.08813888888888889,72.22,96.0
0.08814444444444444,72.22,96.0
0.08814999999999999,72.22,96.0
0.08815555555555556,72.22,96.0
0.0881611111111111,72.22,96.0
0.08816666666666666,72.22,96.0
0.08817222222222222,72.24,96.0
0.08817777777777777,72.24,96.0
0.08818333333333332,72.24,96.0
0.0881888888888889,72.24,96.0
0.08819444444444445,72.24,96.0
0.0882,72.24,96.0
0.08820555555555556,72.24,96.0
0.08821111111111112,72.24,96.0
0.08821666666666667,72.24,96.0
0.08822222222222223,72.24,96.0
0.08822777777777778,72.24,96.0
0.08823333333333333,72.24,96.0
0.0882388888888889,72.24,96.0
0.08824444444444444,72.24,96.0
0.08825,72.24,96.0
0.08825555555555556,72.24,96.0
0.08826111111111111,72.24,96.0
0.08826666666666666,72.24,96.0
0.08827222222222221,72.24,96.0
0.08827777777777777,72.24,96.0
0.08828333333333332,72.24,96.0
0.08828888888888888,72.24,96.0
0.08829444444444445,72.24,96.0
0.0883,72.24,96.0
0.08830555555555555,72.24,96.0
0.08831111111111112,72.24,96.0
0.08831666666666667,72.24,96.0
0.08832222222222222,72.24,96.0
0.08832777777777778,72.24,96.0
0.08833333333333333,72.24,96.0
0.08833888888888888,72.24,96.0
0.08834444444444445,72.24,96.0
0.08835,72.24,96.0
0.08835555555555555,72.24,96.0
0.08836111111111111,72.24,96.0
0.08836666666666666,72.24,96.0
0.08837222222222221,72.24,96.0
0.08837777777777779,72.24,96.0
0.08838333333333334,72.24,96.0
0.08838888888888889,72.24,96.0
0.08839444444444446,72.24,96.0
0.0884,72.24,96.0
0.08840555555555556,72.26,96.0
0.08841111111111111,72.26,96.0
0.08841666666666667,72.26,96.0
0.08842222222222222,72.26,96.0
0.08842777777777777,72.26,96.0
0.08843333333333334,72.26,96.0
0.08843888888888889,72.26,96.0
0.08844444444444444,72.26,96.0
0.08845,72.26,96.0
0.08845555555555555,72.26,96.0
0.0884611111111111,72.26,96.0
0.08846666666666667,72.26,96.0
0.08847222222222222,72.26,96.0
0.08847777777777777,72.26,96.0
0.08848333333333334,72.26,96.0
0.0884888888888889,72.26,96.0
0.08849444444444445,72.26,96.0
0.08850000000000001,72.26,96.0
0.08850555555555556,72.26,96.0
0.08851111111111111,72.26,96.0
0.08851666666666667,72.26,96.0
0.08852222222222222,72.26,96.0
0.08852777777777777,72.26,96.0
0.08853333333333334,72.26,96.0
0.08853888888888889,72.26,96.0
0.08854444444444444,72.26,96.0
0.08854999999999999,72.26,96.0
0.08855555555555555,72.26,96.0
0.0885611111111111,72.26,96.0
0.08856666666666665,72.26,96.0
0.08857222222222223,72.26,96.0
0.08857777777777778,72.26,96.0
0.08858333333333333,72.26,96.0
0.0885888888888889,72.26,96.0
0.08859444444444445,72.26,96.0
0.0886,72.26,96.0
0.08860555555555556,72.26,96.0
0.08861111111111111,72.26,96.0
0.08861666666666666,72.26,96.0
0.08862222222222223,72.26,96.0
0.08862777777777778,72.26,96.0
0.08863333333333333,72.26,96.0
0.08863888888888889,72.23,96.0
0.08864444444444444,72.23,96.0
0.08864999999999999,72.23,96.0
0.08865555555555556,72.23,96.0
0.08866111111111111,72.23,96.0
0.08866666666666666,72.23,96.0
0.08867222222222224,72.23,96.0
0.08867777777777779,72.23,96.0
0.08868333333333334,72.23,96.0
0.08868888888888889,72.23,96.0
0.08869444444444445,72.23,96.0
0.0887,72.23,96.0
0.08870555555555555,72.23,96.0
0.08871111111111112,72.23,96.0
0.08871666666666667,72.23,96.0
0.08872222222222222,72.23,96.0
0.08872777777777778,72.23,96.0
0.08873333333333333,72.23,96.0
0.08873888888888888,72.23,96.0
0.08874444444444445,72.23,96.0
0.08875,72.23,96.0
0.08875555555555555,72.23,96.0
0.08876111111111111,72.23,96.0
0.08876666666666666,72.23,96.0
0.08877222222222222,72.23,96.0
0.08877777777777779,72.23,96.0
0.08878333333333334,72.23,96.0
0.08878888888888889,72.23,96.0
0.08879444444444445,72.23,96.0
0.0888,72.23,96.0
0.08880555555555555,72.23,96.0
0.08881111111111112,72.23,96.0
0.08881666666666667,72.23,96.0
0.08882222222222222,72.23,96.0
0.08882777777777777,72.23,96.0
0.08883333333333333,72.23,96.0
0.08883888888888888,72.23,96.0
0.08884444444444443,72.23,96.0
0.08885,72.23,96.0
0.08885555555555555,72.23,96.0
0.0888611111111111,72.23,96.0
0.08886666666666668,72.23,96.0
0.08887222222222223,72.22,96.0
0.08887777777777778,72.22,96.0
0.08888333333333334,72.22,96.0
0.08888888888888889,72.22,96.0
0.08889444444444444,72.22,96.0
0.0889,72.22,96.0
0.08890555555555556,72.22,96.0
0.08891111111111111,72.22,96.0
0.08891666666666667,72.22,96.0
0.08892222222222222,72.22,96.0
0.08892777777777777,72.22,96.0
0.08893333333333334,72.22,96.0
0.08893888888888889,72.22,96.0
0.08894444444444444,72.22,96.0
0.08895,72.22,96.0
0.08895555555555555,72.22,96.0
0.0889611111111111,72.22,96.0
0.08896666666666665,72.22,96.0
0.08897222222222223,72.22,96.0
0.08897777777777778,72.22,96.0
0.08898333333333333,72.22,96.0
0.0889888888888889,72.22,96.0
0.08899444444444445,72.22,96.0
0.089,72.22,96.0
0.08900555555555556,72.22,96.0
0.08901111111111111,72.22,96.0
0.08901666666666666,72.22,96.0
0.08902222222222222,72.22,96.0
0.08902777777777778,72.22,96.0
0.08903333333333333,72.22,96.0
0.08903888888888889,72.22,96.0
0.08904444444444444,72.22,96.0
0.08904999999999999,72.22,96.0
0.08905555555555557,72.22,96.0
0.08906111111111112,72.22,96.0
0.08906666666666667,72.22,96.0
0.08907222222222223,72.22,96.0
0.08907777777777778,72.22,96.0
0.08908333333333333,72.22,96.0
0.0890888888888889,72.22,96.0
0.08909444444444445,72.22,96.0
0.0891,72.22,96.0
0.08910555555555555,72.23,96.0
0.08911111111111111,72.23,96.0
0.08911666666666666,72.23,96.0
0.08912222222222221,72.23,96.0
0.08912777777777778,72.23,96.0
0.08913333333333333,72.23,96.0
0.08913888888888888,72.23,96.0
0.08914444444444444,72.23,96.0
0.08915,72.23,96.0
0.08915555555555554,72.23,96.0
0.08916111111111112,72.23,96.0
0.08916666666666667,72.23,96.0
0.08917222222222222,72.23,96.0
0.08917777777777779,72.23,96.0
0.08918333333333334,72.23,96.0
0.08918888888888889,72.23,96.0
0.08919444444444445,72.23,96.0
0.0892,72.23,96.0
0.08920555555555555,72.23,96.0
0.08921111111111112,72.23,96.0
0.08921666666666667,72.23,96.0
0.08922222222222222,72.23,96.0
0.08922777777777778,72.23,96.0
0.08923333333333333,72.23,96.0
0.08923888888888888,72.23,96.0
0.08924444444444443,72.23,96.0
0.08925000000000001,72.23,96.0
0.08925555555555556,72.23,96.0
0.08926111111111111,72.23,96.0
0.08926666666666667,72.23,96.0
0.08927222222222223,72.23,96.0
0.08927777777777778,72.23,96.0
0.08928333333333334,72.23,96.0
0.08928888888888889,72.23,96.0
0.08929444444444444,72.23,96.0
0.0893,72.23,96.0
0.08930555555555555,72.23,96.0
0.0893111111111111,72.23,96.0
0.08931666666666667,72.23,96.0
0.08932222222222222,72.23,96.0
0.08932777777777777,72.23,96.0
0.08933333333333333,72.23,96.0
0.08933888888888888,72.25,96.0
0.08934444444444443,72.25,96.0
0.08935000000000001,72.25,96.0
0.08935555555555556,72.25,96.0
0.08936111111111111,72.25,96.0
0.08936666666666668,72.25,96.0
0.08937222222222223,72.25,96.0
0.08937777777777778,72.25,96.0
0.08938333333333333,72.25,96.0
0.08938888888888889,72.25,96.0
0.08939444444444444,72.25,96.0
0.0894,72.25,96.0
0.08940555555555556,72.25,96.0
0.08941111111111111,72.25,96.0
0.08941666666666666,72.25,96.0
0.08942222222222222,72.25,96.0
0.08942777777777777,72.25,96.0
0.08943333333333332,72.25,96.0
0.08943888888888889,72.25,96.0
0.08944444444444444,72.25,96.0
0.08945,72.25,96.0
0.08945555555555557,72.25,96.0
0.08946111111111112,72.25,96.0
0.08946666666666667,72.25,96.0
0.08947222222222223,72.25,96.0
0.08947777777777778,72.25,96.0
0.08948333333333333,72.25,96.0
0.0894888888888889,72.25,96.0
0.08949444444444445,72.25,96.0
0.0895,72.25,96.0
0.08950555555555556,72.25,96.0
0.08951111111111111,72.25,96.0
0.08951666666666666,72.25,96.0
0.08952222222222221,72.25,96.0
0.08952777777777778,72.25,96.0
0.08953333333333333,72.25,96.0
0.08953888888888888,72.25,96.0
0.08954444444444445,72.25,96.0
0.08955,72.25,96.0
0.08955555555555555,72.25,96.0
0.08956111111111112,72.25,96.0
0.08956666666666667,72.25,96.0
0.08957222222222222,72.24,96.0
0.08957777777777778,72.24,96.0
0.08958333333333333,72.24,96.0
0.08958888888888888,72.24,96.0
0.08959444444444445,72.24,96.0
0.0896,72.24,96.0
0.08960555555555555,72.24,96.0
0.08961111111111111,72.24,96.0
0.08961666666666666,72.24,96.0
0.08962222222222221,72.24,96.0
0.08962777777777778,72.24,96.0
0.08963333333333333,72.24,96.0
0.08963888888888888,72.24,96.0
0.08964444444444446,72.24,96.0
0.08965000000000001,72.24,96.0
0.08965555555555556,72.24,96.0
0.08966111111111111,72.24,96.0
0.08966666666666667,72.24,96.0
0.08967222222222222,72.24,96.0
0.08967777777777777,72.24,96.0
0.08968333333333334,72.24,96.0
0.08968888888888889,72.24,96.0
0.08969444444444444,72.24,96.0
0.0897,72.24,96.0
0.08970555555555555,72.24,96.0
0.0897111111111111,72.24,96.0
0.08971666666666667,72.24,96.0
0.08972222222222222,72.24,96.0
0.08972777777777777,72.24,96.0
0.08973333333333335,72.24,96.0
0.0897388888888889,72.24,96.0
0.08974444444444445,72.24,96.0
0.08975000000000001,72.24,96.0
0.08975555555555556,72.24,96.0
0.08976111111111111,72.24,96.0
0.08976666666666668,72.24,96.0
0.08977222222222223,72.24,96.0
0.08977777777777778,72.24,96.0
0.08978333333333334,72.24,96.0
0.08978888888888889,72.24,96.0
0.08979444444444444,72.24,96.0
0.08979999999999999,72.24,96.0
0.08980555555555556,72.22,96.0
0.0898111111111111,72.22,96.0
0.08981666666666666,72.22,96.0
0.08982222222222222,72.22,96.0
0.08982777777777777,72.22,96.0
0.08983333333333332,72.22,96.0
0.0898388888888889,72.22,96.0
0.08984444444444445,72.22,96.0
0.08985,72.22,96.0
0.08985555555555556,72.22,96.0
0.08986111111111111,72.22,96.0
0.08986666666666666,72.22,96.0
0.08987222222222223,72.22,96.0
0.08987777777777778,72.22,96.0
0.08988333333333333,72.22,96.0
0.0898888888888889,72.22,96.0
0.08989444444444444,72.22,96.0
0.0899,72.22,96.0
0.08990555555555556,72.22,96.0
0.08991111111111111,72.22,96.0
0.08991666666666666,72.22,96.0
0.08992222222222224,72.22,96.0
0.08992777777777779,72.22,96.0
0.08993333333333334,72.22,96.0
0.08993888888888889,72.22,96.0
0.08994444444444445,72.22,96.0
0.08995,72.22,96.0
0.08995555555555555,72.22,96.0
0.08996111111111112,72.22,96.0
0.08996666666666667,72.22,96.0
0.08997222222222222,72.22,96.0
0.08997777777777778,72.22,96.0
0.08998333333333333,72.22,96.0
0.08998888888888888,72.22,96.0
0.08999444444444445,72.22,96.0
0.09,72.22,96.0
0.09000555555555555,72.22,96.0
0.09001111111111111,72.22,96.0
0.09001666666666666,72.22,96.0
0.09002222222222221,72.22,96.0
0.09002777777777779,72.22,96.0
0.09003333333333334,72.22,96.0
0.09003888888888889,72.21,96.0
0.09004444444444445,72.21,96.0
0.09005,72.21,96.0
0.09005555555555556,72.21,96.0
0.09006111111111112,72.21,96.0
0.09006666666666667,72.21,96.0
0.09007222222222222,72.21,96.0
0.09007777777777777,72.21,96.0
0.09008333333333333,72.21,96.0
0.09008888888888889,72.21,96.0
0.09009444444444444,72.21,96.0
0.0901,72.21,96.0
0.09010555555555555,72.21,96.0
0.0901111111111111,72.21,96.0
0.09011666666666666,72.21,96.0
0.09012222222222221,72.21,96.0
0.09012777777777778,72.21,96.0
0.09013333333333334,72.21,96.0
0.0901388888888889,72.21,96.0
0.09014444444444444,72.21,96.0
0.09015000000000001,72.21,96.0
0.09015555555555556,72.21,96.0
0.09016111111111111,72.21,96.0
0.09016666666666667,72.21,96.0
0.09017222222222222,72.21,96.0
0.09017777777777777,72.21,96.0
0.09018333333333334,72.21,96.0
0.09018888888888889,72.21,96.0
0.09019444444444444,72.21,96.0
0.0902,72.21,96.0
0.09020555555555555,72.21,96.0
0.0902111111111111,72.21,96.0
0.09021666666666665,72.21,96.0
0.09022222222222223,72.21,96.0
0.09022777777777778,72.21,96.0
0.09023333333333333,72.21,96.0
0.0902388888888889,72.21,96.0
0.09024444444444445,72.21,96.0
0.09025,72.21,96.0
0.09025555555555556,72.21,96.0
0.09026111111111111,72.21,96.0
0.09026666666666666,72.21,96.0
0.09027222222222223,72.24,96.0
0.09027777777777778,72.24,96.0
0.09028333333333333,72.24,96.0
0.09028888888888889,72.24,96.0
0.09029444444444444,72.24,96.0
0.09029999999999999,72.24,96.0
0.09030555555555556,72.24,96.0
0.0903111111111111,72.24,96.0
0.09031666666666666,72.24,96.0
0.09032222222222223,72.24,96.0
0.09032777777777778,72.24,96.0
0.09033333333333333,72.24,96.0
0.0903388888888889,72.24,96.0
0.09034444444444445,72.24,96.0
0.09035,72.24,96.0
0.09035555555555555,72.24,96.0
0.09036111111111111,72.24,96.0
0.09036666666666666,72.24,96.0
0.09037222222222221,72.24,96.0
0.09037777777777778,72.24,96.0
0.09038333333333333,72.24,96.0
0.09038888888888888,72.24,96.0
0.09039444444444444,72.24,96.0
0.0904,72.24,96.0
0.09040555555555554,72.24,96.0
0.09041111111111112,72.24,96.0
0.09041666666666667,72.24,96.0
0.09042222222222222,72.24,96.0
0.09042777777777779,72.24,96.0
0.09043333333333334,72.24,96.0
0.09043888888888889,72.24,96.0
0.09044444444444445,72.24,96.0
0.09045,72.24,96.0
0.09045555555555555,72.24,96.0
0.09046111111111112,72.24,96.0
0.09046666666666667,72.24,96.0
0.09047222222222222,72.24,96.0
0.09047777777777778,72.24,96.0
0.09048333333333333,72.24,96.0
0.09048888888888888,72.24,96.0
0.09049444444444443,72.24,96.0
0.0905,72.24,96.0
0.09050555555555555,72.25,96.0
0.0905111111111111,72.25,96.0
0.09051666666666668,72.25,96.0
0.09052222222222223,72.25,96.0
0.09052777777777778,72.25,96.0
0.09053333333333334,72.25,96.0
0.09053888888888889,72.25,96.0
0.09054444444444444,72.25,96.0
0.09055,72.25,96.0
0.09055555555555556,72.25,96.0
0.0905611111111111,72.25,96.0
0.09056666666666667,72.25,96.0
0.09057222222222222,72.25,96.0
0.09057777777777777,72.25,96.0
0.09058333333333334,72.25,96.0
0.09058888888888889,72.25,96.0
0.09059444444444444,72.25,96.0
0.09060000000000001,72.25,96.0
0.09060555555555556,72.25,96.0
0.09061111111111111,72.25,96.0
0.09061666666666668,72.25,96.0
0.09062222222222223,72.25,96.0
0.09062777777777778,72.25,96.0
0.09063333333333333,72.25,96.0
0.0906388888888889,72.25,96.0
0.09064444444444444,72.25,96.0
0.09065,72.25,96.0
0.09065555555555556,72.25,96.0
0.09066111111111111,72.25,96.0
0.09066666666666666,72.25,96.0
0.09067222222222222,72.25,96.0
0.09067777777777777,72.25,96.0
0.09068333333333332,72.25,96.0
0.09068888888888889,72.25,96.0
0.09069444444444444,72.25,96.0
0.09069999999999999,72.25,96.0
0.09070555555555557,72.25,96.0
0.09071111111111112,72.25,96.0
0.09071666666666667,72.25,96.0
0.09072222222222223,72.25,96.0
0.09072777777777778,72.25,96.0
0.09073333333333333,72.25,96.0
0.0907388888888889,72.22,96.0
0.09074444444444445,72.22,96.0
0.09075,72.22,96.0
0.09075555555555556,72.22,96.0
0.09076111111111111,72.22,96.0
0.09076666666666666,72.22,96.0
0.09077222222222221,72.22,96.0
0.09077777777777778,72.22,96.0
0.09078333333333333,72.22,96.0
0.09078888888888888,72.22,96.0
0.09079444444444444,72.22,96.0
0.09079999999999999,72.22,96.0
0.09080555555555556,72.22,96.0
0.09081111111111112,72.22,96.0
0.09081666666666667,72.22,96.0
0.09082222222222222,72.22,96.0
0.09082777777777779,72.22,96.0
0.09083333333333334,72.22,96.0
0.09083888888888889,72.22,96.0
0.09084444444444445,72.22,96.0
0.09085,72.22,96.0
0.09085555555555555,72.22,96.0
0.09086111111111111,72.22,96.0
0.09086666666666667,72.22,96.0
0.09087222222222222,72.22,96.0
0.09087777777777778,72.22,96.0
0.09088333333333333,72.22,96.0
0.09088888888888888,72.22,96.0
0.09089444444444446,72.22,96.0
0.09090000000000001,72.22,96.0
0.09090555555555556,72.22,96.0
0.09091111111111111,72.22,96.0
0.09091666666666667,72.22,96.0
0.09092222222222222,72.22,96.0
0.09092777777777777,72.22,96.0
0.09093333333333334,72.22,96.0
0.09093888888888889,72.22,96.0
0.09094444444444444,72.22,96.0
0.09095,72.22,96.0
0.09095555555555555,72.22,96.0
0.0909611111111111,72.22,96.0
0.09096666666666667,72.22,96.0
0.09097222222222222,72.21,96.0
0.09097777777777777,72.21,96.0
0.09098333333333333,72.21,96.0
0.09098888888888888,72.21,96.0
0.09099444444444443,72.21,96.0
0.09100000000000001,72.21,96.0
0.09100555555555556,72.21,96.0
0.09101111111111111,72.21,96.0
0.09101666666666668,72.21,96.0
0.09102222222222223,72.21,96.0
0.09102777777777778,72.21,96.0
0.09103333333333334,72.21,96.0
0.09103888888888889,72.21,96.0
0.09104444444444444,72.21,96.0
0.09104999999999999,72.21,96.0
0.09105555555555556,72.21,96.0
0.0910611111111111,72.21,96.0
0.09106666666666666,72.21,96.0
0.09107222222222222,72.21,96.0
0.09107777777777777,72.21,96.0
0.09108333333333332,72.21,96.0
0.0910888888888889,72.21,96.0
0.09109444444444445,72.21,96.0
0.0911,72.21,96.0
0.09110555555555556,72.21,96.0
0.09111111111111111,72.21,96.0
0.09111666666666667,72.21,96.0
0.09112222222222223,72.21,96.0
0.09112777777777778,72.21,96.0
0.09113333333333333,72.21,96.0
0.0911388888888889,72.21,96.0
0.09114444444444444,72.21,96.0
0.09115,72.21,96.0
0.09115555555555556,72.21,96.0
0.09116111111111111,72.21,96.0
0.09116666666666666,72.21,96.0
0.09117222222222222,72.21,96.0
0.09117777777777777,72.21,96.0
0.09118333333333332,72.21,96.0
0.09118888888888887,72.21,96.0
0.09119444444444445,72.21,96.0
0.0912,72.21,96.0
0.09120555555555555,72.22,96.0
0.09121111111111112,72.22,96.0
0.09121666666666667,72.22,96.0
0.09122222222222222,72.22,96.0
0.09122777777777778,72.22,96.0
0.09123333333333333,72.22,96.0
0.09123888888888888,72.22,96.0
0.09124444444444445,72.22,96.0
0.09125,72.22,96.0
0.09125555555555555,72.22,96.0
0.09126111111111111,72.22,96.0
0.09126666666666666,72.22,96.0
0.09127222222222221,72.22,96.0
0.09127777777777779,72.22,96.0
0.09128333333333334,72.22,96.0
0.09128888888888889,72.22,96.0
0.09129444444444446,72.22,96.0
0.0913,72.22,96.0
0.09130555555555556,72.22,96.0
0.09131111111111112,72.22,96.0
0.09131666666666667,72.22,96.0
0.09132222222222222,72.22,96.0
0.09132777777777777,72.22,96.0
0.09133333333333334,72.22,96.0
0.09133888888888889,72.22,96.0
0.09134444444444444,72.22,96.0
0.09135,72.22,96.0
0.09135555555555555,72.22,96.0
0.0913611111111111,72.22,96.0
0.09136666666666667,72.22,96.0
0.09137222222222222,72.22,96.0
0.09137777777777777,72.22,96.0
0.09138333333333334,72.22,96.0
0.0913888888888889,72.22,96.0
0.09139444444444444,72.22,96.0
0.09140000000000001,72.22,96.0
0.09140555555555556,72.22,96.0
0.09141111111111111,72.22,96.0
0.09141666666666667,72.22,96.0
0.09142222222222222,72.22,96.0
0.09142777777777777,72.22,96.0
0.09143333333333334,72.22,96.0
0.09143888888888889,72.25,96.0
0.09144444444444444,72.25,96.0
0.09145,72.25,96.0
0.09145555555555555,72.25,96.0
0.0914611111111111,72.25,96.0
0.09146666666666665,72.25,96.0
0.09147222222222222,72.25,96.0
0.09147777777777777,72.25,96.0
0.09148333333333333,72.25,96.0
0.0914888888888889,72.25,96.0
0.09149444444444445,72.25,96.0
0.0915,72.25,96.0
0.09150555555555556,72.25,96.0
0.09151111111111111,72.25,96.0
0.09151666666666666,72.25,96.0
0.09152222222222223,72.25,96.0
0.09152777777777778,72.25,96.0
0.09153333333333333,72.25,96.0
0.09153888888888889,72.25,96.0
0.09154444444444444,72.25,96.0
0.09154999999999999,72.25,96.0
0.09155555555555556,72.25,96.0
0.09156111111111111,72.25,96.0
0.09156666666666666,72.25,96.0
0.09157222222222224,72.25,96.0
0.09157777777777779,72.25,96.0
0.09158333333333334,72.25,96.0
0.0915888888888889,72.25,96.0
0.09159444444444445,72.25,96.0
0.0916,72.25,96.0
0.09160555555555555,72.25,96.0
0.09161111111111112,72.25,96.0
0.09161666666666667,72.25,96.0
0.09162222222222222,72.25,96.0
0.09162777777777778,72.25,96.0
0.09163333333333333,72.25,96.0
0.09163888888888888,72.25,96.0
0.09164444444444445,72.25,96.0
0.09165,72.25,96.0
0.09165555555555555,72.25,96.0
0.09166111111111111,72.25,96.0
0.09166666666666666,72.25,96.0
0.09167222222222221,72.23,96.0
0.09167777777777779,72.23,96.0
0.09168333333333334,72.23,96.0
0.09168888888888889,72.23,96.0
0.09169444444444445,72.23,96.0
0.0917,72.23,96.0
0.09170555555555555,72.23,96.0
0.09171111111111112,72.23,96.0
0.09171666666666667,72.23,96.0
0.09172222222222222,72.23,96.0
0.09172777777777778,72.23,96.0
0.09173333333333333,72.23,96.0
0.09173888888888888,72.23,96.0
0.09174444444444443,72.23,96.0
0.09175,72.23,96.0
0.09175555555555555,72.23,96.0
0.0917611111111111,72.23,96.0
0.09176666666666668,72.23,96.0
0.09177222222222223,72.23,96.0
0.09177777777777778,72.23,96.0
0.09178333333333334,72.23,96.0
0.09178888888888889,72.23,96.0
0.09179444444444444,72.23,96.0
0.0918,72.23,96.0
0.09180555555555556,72.23,96.0
0.09181111111111111,72.23,96.0
0.09181666666666667,72.23,96.0
0.09182222222222222,72.23,96.0
0.09182777777777777,72.23,96.0
0.09183333333333334,72.23,96.0
0.09183888888888889,72.23,96.0
0.09184444444444444,72.23,96.0
0.09185,72.23,96.0
0.09185555555555555,72.23,96.0
0.0918611111111111,72.23,96.0
0.09186666666666668,72.23,96.0
0.09187222222222223,72.23,96.0
0.09187777777777778,72.23,96.0
0.09188333333333333,72.23,96.0
0.0918888888888889,72.23,96.0
0.09189444444444445,72.23,96.0
0.0919,72.23,96.0
0.09190555555555556,72.21,96.0
0.09191111111111111,72.21,96.0
0.09191666666666666,72.21,96.0
0.09192222222222222,72.21,96.0
0.09192777777777777,72.21,96.0
0.09193333333333333,72.21,96.0
0.09193888888888889,72.21,96.0
0.09194444444444444,72.21,96.0
0.09194999999999999,72.21,96.0
0.09195555555555557,72.21,96.0
0.09196111111111112,72.21,96.0
0.09196666666666667,72.21,96.0
0.09197222222222223,72.21,96.0
0.09197777777777778,72.21,96.0
0.09198333333333333,72.21,96.0
0.0919888888888889,72.21,96.0
0.09199444444444445,72.21,96.0
0.092,72.21,96.0
0.09200555555555556,72.21,96.0
0.09201111111111111,72.21,96.0
0.09201666666666666,72.21,96.0
0.09202222222222221,72.21,96.0
0.09202777777777778,72.21,96.0
0.09203333333333333,72.21,96.0
0.09203888888888888,72.21,96.0
0.09204444444444444,72.21,96.0
0.09204999999999999,72.21,96.0
0.09205555555555554,72.21,96.0
0.09206111111111112,72.21,96.0
0.09206666666666667,72.21,96.0
0.09207222222222222,72.21,96.0
0.09207777777777779,72.21,96.0
0.09208333333333334,72.21,96.0
0.09208888888888889,72.21,96.0
0.09209444444444445,72.21,96.0
0.0921,72.21,96.0
0.09210555555555555,72.21,96.0
0.09211111111111112,72.21,96.0
0.09211666666666667,72.21,96.0
0.09212222222222222,72.21,96.0
0.09212777777777778,72.21,96.0
0.09213333333333333,72.21,96.0
0.09213888888888888,72.21,96.0
0.09214444444444445,72.21,96.0
0.09215,72.21,96.0
0.09215555555555555,72.21,96.0
0.09216111111111111,72.21,96.0
0.09216666666666667,72.21,96.0
0.09217222222222222,72.21,96.0
0.09217777777777778,72.21,96.0
0.09218333333333334,72.21,96.0
0.09218888888888889,72.21,96.0
0.09219444444444444,72.21,96.0
0.0922,72.21,96.0
0.09220555555555555,72.21,96.0
0.0922111111111111,72.21,96.0
0.09221666666666667,72.21,96.0
0.09222222222222222,72.21,96.0
0.09222777777777777,72.21,96.0
0.09223333333333333,72.21,96.0
0.09223888888888888,72.21,96.0
0.09224444444444443,72.21,96.0
0.09225000000000001,72.21,96.0
0.09225555555555556,72.21,96.0
0.09226111111111111,72.21,96.0
0.09226666666666668,72.21,96.0
0.09227222222222223,72.21,96.0
0.09227777777777778,72.21,96.0
0.09228333333333334,72.21,96.0
0.09228888888888889,72.21,96.0
0.09229444444444444,72.21,96.0
0.0923,72.21,96.0
0.09230555555555556,72.21,96.0
0.09231111111111111,72.21,96.0
0.09231666666666666,72.21,96.0
0.09232222222222222,72.21,96.0
0.09232777777777777,72.21,96.0
0.09233333333333332,72.21,96.0
0.09233888888888889,72.21,96.0
0.09234444444444444,72.21,96.0
0.09234999999999999,72.21,96.0
0.09235555555555557,72.21,96.0
0.09236111111111112,72.21,96.0
0.09236666666666667,72.21,96.0
0.09237222222222223,72.24,96.0
0.09237777777777778,72.24,96.0
0.09238333333333333,72.24,96.0
0.0923888888888889,72.24,96.0
0.09239444444444445,72.24,96.0
0.0924,72.24,96.0
0.09240555555555556,72.24,96.0
0.09241111111111111,72.24,96.0
0.09241666666666666,72.24,96.0
0.09242222222222223,72.24,96.0
0.09242777777777778,72.24,96.0
0.09243333333333333,72.24,96.0
0.09243888888888888,72.24,96.0
0.09244444444444445,72.24,96.0
0.09245,72.24,96.0
0.09245555555555555,72.24,96.0
0.09246111111111112,72.24,96.0
0.09246666666666667,72.24,96.0
0.09247222222222222,72.24,96.0
0.09247777777777778,72.24,96.0
0.09248333333333333,72.24,96.0
0.09248888888888888,72.24,96.0
0.09249444444444445,72.24,96.0
0.0925,72.24,96.0
0.09250555555555555,72.24,96.0
0.09251111111111111,72.24,96.0
0.09251666666666666,72.24,96.0
0.09252222222222221,72.24,96.0
0.09252777777777778,72.24,96.0
0.09253333333333333,72.24,96.0
0.09253888888888888,72.24,96.0
0.09254444444444446,72.24,96.0
0.09255000000000001,72.24,96.0
0.09255555555555556,72.24,96.0
0.09256111111111112,72.24,96.0
0.09256666666666667,72.24,96.0
0.09257222222222222,72.24,96.0
0.09257777777777777,72.24,96.0
0.09258333333333334,72.24,96.0
0.09258888888888889,72.24,96.0
0.09259444444444444,72.24,96.0
0.0926,72.24,96.0
0.09260555555555555,72.25,96.0
0.0926111111111111,72.25,96.0
0.09261666666666667,72.25,96.0
0.09262222222222222,72.25,96.0
0.09262777777777777,72.25,96.0
0.09263333333333335,72.25,96.0
0.0926388888888889,72.25,96.0
0.09264444444444445,72.25,96.0
0.09265000000000001,72.25,96.0
0.09265555555555556,72.25,96.0
0.09266111111111111,72.25,96.0
0.09266666666666667,72.25,96.0
0.09267222222222223,72.25,96.0
0.09267777777777778,72.25,96.0
0.09268333333333334,72.25,96.0
0.09268888888888889,72.25,96.0
0.09269444444444444,72.25,96.0
0.0927,72.25,96.0
0.09270555555555555,72.25,96.0
0.0927111111111111,72.25,96.0
0.09271666666666666,72.25,96.0
0.09272222222222222,72.25,96.0
0.09272777777777777,72.25,96.0
0.09273333333333332,72.25,96.0
0.0927388888888889,72.25,96.0
0.09274444444444445,72.25,96.0
0.09275,72.25,96.0
0.09275555555555556,72.25,96.0
0.09276111111111111,72.25,96.0
0.09276666666666666,72.25,96.0
0.09277222222222223,72.25,96.0
0.09277777777777778,72.25,96.0
0.09278333333333333,72.25,96.0
0.09278888888888889,72.25,96.0
0.09279444444444444,72.25,96.0
0.0928,72.25,96.0
0.09280555555555556,72.25,96.0
0.09281111111111111,72.25,96.0
0.09281666666666666,72.25,96.0
0.09282222222222222,72.25,96.0
0.09282777777777777,72.25,96.0
0.09283333333333332,72.25,96.0
0.0928388888888889,72.22,96.0
0.09284444444444445,72.22,96.0
0.09285,72.22,96.0
0.09285555555555555,72.22,96.0
0.09286111111111112,72.22,96.0
0.09286666666666667,72.22,96.0
0.09287222222222222,72.22,96.0
0.09287777777777778,72.22,96.0
0.09288333333333333,72.22,96.0
0.09288888888888888,72.22,96.0
0.09289444444444445,72.22,96.0
0.0929,72.22,96.0
0.09290555555555555,72.22,96.0
0.09291111111111111,72.22,96.0
0.09291666666666666,72.22,96.0
0.09292222222222221,72.22,96.0
0.09292777777777779,72.22,96.0
0.09293333333333334,72.22,96.0
0.09293888888888889,72.22,96.0
0.09294444444444445,72.22,96.0
0.09295,72.22,96.0
0.09295555555555556,72.22,96.0
0.09296111111111112,72.22,96.0
0.09296666666666667,72.22,96.0
0.09297222222222222,72.22,96.0
0.09297777777777778,72.22,96.0
0.09298333333333333,72.22,96.0
0.09298888888888888,72.22,96.0
0.09299444444444444,72.22,96.0
0.093,72.22,96.0
0.09300555555555555,72.22,96.0
0.0930111111111111,72.22,96.0
0.09301666666666666,72.22,96.0
0.09302222222222221,72.22,96.0
0.09302777777777776,72.22,96.0
0.09303333333333334,72.22,96.0
0.0930388888888889,72.22,96.0
0.09304444444444444,72.22,96.0
0.09305000000000001,72.22,96.0
0.09305555555555556,72.22,96.0
0.09306111111111111,72.22,96.0
0.09306666666666667,72.22,96.0
0.09307222222222222,72.21,96.0
0.09307777777777777,72.21,96.0
0.09308333333333334,72.21,96.0
0.09308888888888889,72.21,96.0
0.09309444444444444,72.21,96.0
0.0931,72.21,96.0
0.09310555555555555,72.21,96.0
0.0931111111111111,72.21,96.0
0.09311666666666668,72.21,96.0
0.09312222222222223,72.21,96.0
0.09312777777777778,72.21,96.0
0.09313333333333333,72.21,96.0
0.0931388888888889,72.21,96.0
0.09314444444444445,72.21,96.0
0.09315,72.21,96.0
0.09315555555555556,72.21,96.0
0.09316111111111111,72.21,96.0
0.09316666666666666,72.21,96.0
0.09317222222222223,72.21,96.0
0.09317777777777778,72.21,96.0
0.09318333333333333,72.21,96.0
0.09318888888888889,72.21,96.0
0.09319444444444444,72.21,96.0
0.09319999999999999,72.21,96.0
0.09320555555555556,72.21,96.0
0.0932111111111111,72.21,96.0
0.09321666666666666,72.21,96.0
0.09322222222222223,72.21,96.0
0.09322777777777778,72.21,96.0
0.09323333333333333,72.21,96.0
0.0932388888888889,72.21,96.0
0.09324444444444445,72.21,96.0
0.09325,72.21,96.0
0.09325555555555556,72.21,96.0
0.09326111111111111,72.21,96.0
0.09326666666666666,72.21,96.0
0.09327222222222221,72.21,96.0
0.09327777777777778,72.21,96.0
0.09328333333333333,72.21,96.0
0.09328888888888888,72.21,96.0
0.09329444444444444,72.21,96.0
0.0933,72.21,96.0
0.09330555555555554,72.23,96.0
0.09331111111111112,72.23,96.0
0.09331666666666667,72.23,96.0
0.09332222222222222,72.23,96.0
0.09332777777777779,72.23,96.0
0.09333333333333334,72.23,96.0
0.09333888888888889,72.23,96.0
0.09334444444444445,72.23,96.0
0.09335,72.23,96.0
0.09335555555555555,72.23,96.0
0.09336111111111112,72.23,96.0
0.09336666666666667,72.23,96.0
0.09337222222222222,72.23,96.0
0.09337777777777778,72.23,96.0
0.09338333333333333,72.23,96.0
0.09338888888888888,72.23,96.0
0.09339444444444445,72.23,96.0
0.0934,72.23,96.0
0.09340555555555555,72.23,96.0
0.0934111111111111,72.23,96.0
0.09341666666666668,72.23,96.0
0.09342222222222223,72.23,96.0
0.09342777777777778,72.23,96.0
0.09343333333333334,72.23,96.0
0.09343888888888889,72.23,96.0
0.09344444444444444,72.23,96.0
0.09345,72.23,96.0
0.09345555555555556,72.23,96.0
0.0934611111111111,72.23,96.0
0.09346666666666667,72.23,96.0
0.09347222222222222,72.23,96.0
0.09347777777777777,72.23,96.0
0.09348333333333333,72.23,96.0
0.09348888888888889,72.23,96.0
0.09349444444444444,72.23,96.0
0.0935,72.23,96.0
0.09350555555555555,72.23,96.0
0.0935111111111111,72.23,96.0
0.09351666666666668,72.23,96.0
0.09352222222222223,72.23,96.0
0.09352777777777778,72.23,96.0
0.09353333333333334,72.23,96.0
0.0935388888888889,72.25,96.0
0.09354444444444444,72.25,96.0
0.09355,72.25,96.0
0.09355555555555556,72.25,96.0
0.09356111111111111,72.25,96.0
0.09356666666666666,72.25,96.0
0.09357222222222222,72.25,96.0
0.09357777777777777,72.25,96.0
0.09358333333333332,72.25,96.0
0.09358888888888889,72.25,96.0
0.09359444444444444,72.25,96.0
0.09359999999999999,72.25,96.0
0.09360555555555557,72.25,96.0
0.09361111111111112,72.25,96.0
0.09361666666666667,72.25,96.0
0.09362222222222223,72.25,96.0
0.09362777777777778,72.25,96.0
0.09363333333333333,72.25,96.0
0.0936388888888889,72.25,96.0
0.09364444444444445,72.25,96.0
0.09365,72.25,96.0
0.09365555555555556,72.25,96.0
0.09366111111111111,72.25,96.0
0.09366666666666666,72.25,96.0
0.09367222222222223,72.25,96.0
0.09367777777777778,72.25,96.0
0.09368333333333333,72.25,96.0
0.09368888888888888,72.25,96.0
0.09369444444444444,72.25,96.0
0.09369999999999999,72.25,96.0
0.09370555555555554,72.25,96.0
0.09371111111111112,72.25,96.0
0.09371666666666667,72.25,96.0
0.09372222222222222,72.25,96.0
0.09372777777777778,72.25,96.0
0.09373333333333334,72.25,96.0
0.09373888888888889,72.25,96.0
0.09374444444444445,72.25,96.0
0.09375,72.25,96.0
0.09375555555555555,72.25,96.0
0.09376111111111111,72.25,96.0
0.09376666666666666,72.25,96.0
0.09377222222222222,72.24,96.0
0.09377777777777778,72.24,96.0
0.09378333333333333,72.24,96.0
0.09378888888888888,72.24,96.0
0.09379444444444446,72.24,96.0
0.09380000000000001,72.24,96.0
0.09380555555555556,72.24,96.0
0.09381111111111112,72.24,96.0
0.09381666666666667,72.24,96.0
0.09382222222222222,72.24,96.0
0.09382777777777777,72.24,96.0
0.09383333333333334,72.24,96.0
0.09383888888888889,72.24,96.0
0.09384444444444444,72.24,96.0
0.09385,72.24,96.0
0.09385555555555555,72.24,96.0
0.0938611111111111,72.24,96.0
0.09386666666666667,72.24,96.0
0.09387222222222222,72.24,96.0
0.09387777777777777,72.24,96.0
0.09388333333333333,72.24,96.0
0.09388888888888888,72.24,96.0
0.09389444444444443,72.24,96.0
0.09390000000000001,72.24,96.0
0.09390555555555556,72.24,96.0
0.09391111111111111,72.24,96.0
0.09391666666666668,72.24,96.0
0.09392222222222223,72.24,96.0
0.09392777777777778,72.24,96.0
0.09393333333333334,72.24,96.0
0.09393888888888889,72.24,96.0
0.09394444444444444,72.24,96.0
0.09395,72.24,96.0
0.09395555555555556,72.24,96.0
0.0939611111111111,72.24,96.0
0.09396666666666666,72.24,96.0
0.09397222222222222,72.24,96.0
0.09397777777777777,72.24,96.0
0.09398333333333332,72.24,96.0
0.0939888888888889,72.24,96.0
0.09399444444444445,72.24,96.0
0.094,72.24,96.0
0.09400555555555556,72.21,96.0
0.09401111111111111,72.21,96.0
0.09401666666666667,72.21,96.0
0.09402222222222223,72.21,96.0
0.09402777777777778,72.21,96.0
0.09403333333333333,72.21,96.0
0.0940388888888889,72.21,96.0
0.09404444444444444,72.21,96.0
0.09405,72.21,96.0
0.09405555555555556,72.21,96.0
0.09406111111111111,72.21,96.0
0.09406666666666666,72.21,96.0
0.09407222222222222,72.21,96.0
0.09407777777777777,72.21,96.0
0.09408333333333332,72.21,96.0
0.0940888888888889,72.21,96.0
0.09409444444444445,72.21,96.0
0.0941,72.21,96.0
0.09410555555555555,72.21,96.0
0.09411111111111112,72.21,96.0
0.09411666666666667,72.21,96.0
0.09412222222222222,72.21,96.0
0.09412777777777778,72.21,96.0
0.09413333333333333,72.21,96.0
0.09413888888888888,72.21,96.0
0.09414444444444445,72.21,96.0
0.09415,72.21,96.0
0.09415555555555555,72.21,96.0
0.09416111111111111,72.21,96.0
0.09416666666666666,72.21,96.0
0.09417222222222221,72.21,96.0
0.09417777777777778,72.21,96.0
0.09418333333333333,72.21,96.0
0.09418888888888888,72.21,96.0
0.09419444444444446,72.21,96.0
0.0942,72.21,96.0
0.09420555555555556,72.21,96.0
0.09421111111111112,72.21,96.0
0.09421666666666667,72.21,96.0
0.09422222222222222,72.21,96.0
0.09422777777777779,72.21,96.0
0.09423333333333334,72.21,96.0
0.09423888888888889,72.22,96.0
0.09424444444444444,72.22,96.0
0.09425,72.22,96.0
0.09425555555555555,72.22,96.0
0.0942611111111111,72.22,96.0
0.09426666666666667,72.22,96.0
0.09427222222222222,72.22,96.0
0.09427777777777777,72.22,96.0
0.09428333333333334,72.22,96.0
0.0942888888888889,72.22,96.0
0.09429444444444444,72.22,96.0
0.09430000000000001,72.22,96.0
0.09430555555555556,72.22,96.0
0.09431111111111111,72.22,96.0
0.09431666666666667,72.22,96.0
0.09432222222222222,72.22,96.0
0.09432777777777777,72.22,96.0
0.09433333333333334,72.22,96.0
0.09433888888888889,72.22,96.0
0.09434444444444444,72.22,96.0
0.09435,72.22,96.0
0.09435555555555555,72.22,96.0
0.0943611111111111,72.22,96.0
0.09436666666666667,72.22,96.0
0.09437222222222222,72.22,96.0
0.09437777777777777,72.22,96.0
0.09438333333333332,72.22,96.0
0.0943888888888889,72.22,96.0
0.09439444444444445,72.22,96.0
0.0944,72.22,96.0
0.09440555555555556,72.22,96.0
0.09441111111111111,72.22,96.0
0.09441666666666666,72.22,96.0
0.09442222222222223,72.22,96.0
0.09442777777777778,72.22,96.0
0.09443333333333333,72.22,96.0
0.09443888888888889,72.22,96.0
0.09444444444444444,72.22,96.0
0.09444999999999999,72.22,96.0
0.09445555555555556,72.22,96.0
0.0944611111111111,72.22,96.0
0.09446666666666666,72.22,96.0
0.09447222222222224,72.25,96.0
0.09447777777777779,72.25,96.0
0.09448333333333334,72.25,96.0
0.0944888888888889,72.25,96.0
0.09449444444444445,72.25,96.0
0.0945,72.25,96.0
0.09450555555555556,72.25,96.0
0.09451111111111112,72.25,96.0
0.09451666666666667,72.25,96.0
0.09452222222222222,72.25,96.0
0.09452777777777778,72.25,96.0
0.09453333333333333,72.25,96.0
0.09453888888888888,72.25,96.0
0.09454444444444444,72.25,96.0
0.09455,72.25,96.0
0.09455555555555555,72.25,96.0
0.09456111111111111,72.25,96.0
0.09456666666666666,72.25,96.0
0.09457222222222221,72.25,96.0
0.09457777777777779,72.25,96.0
0.09458333333333334,72.25,96.0
0.09458888888888889,72.25,96.0
0.09459444444444445,72.25,96.0
0.0946,72.25,96.0
0.09460555555555555,72.25,96.0
0.09461111111111112,72.25,96.0
0.09461666666666667,72.25,96.0
0.09462222222222222,72.25,96.0
0.09462777777777778,72.25,96.0
0.09463333333333333,72.25,96.0
0.09463888888888888,72.25,96.0
0.09464444444444445,72.25,96.0
0.09465,72.25,96.0
0.09465555555555555,72.25,96.0
0.0946611111111111,72.25,96.0
0.09466666666666668,72.25,96.0
0.09467222222222223,72.25,96.0
0.09467777777777778,72.25,96.0
0.09468333333333334,72.25,96.0
0.09468888888888889,72.25,96.0
0.09469444444444444,72.25,96.0
0.0947,72.25,96.0
0.09470555555555556,72.25,96.0
0.09471111111111111,72.25,96.0
0.09471666666666667,72.25,96.0
0.09472222222222222,72.25,96.0
0.09472777777777777,72.25,96.0
0.09473333333333334,72.25,96.0
0.09473888888888889,72.25,96.0
0.09474444444444444,72.25,96.0
0.09475,72.25,96.0
0.09475555555555555,72.25,96.0
0.0947611111111111,72.25,96.0
0.09476666666666668,72.25,96.0
0.09477222222222223,72.25,96.0
0.09477777777777778,72.25,96.0
0.09478333333333334,72.25,96.0
0.0947888888888889,72.25,96.0
0.09479444444444445,72.25,96.0
0.0948,72.25,96.0
0.09480555555555556,72.25,96.0
0.09481111111111111,72.25,96.0
0.09481666666666666,72.25,96.0
0.09482222222222222,72.25,96.0
0.09482777777777777,72.25,96.0
0.09483333333333333,72.25,96.0
0.09483888888888889,72.25,96.0
0.09484444444444444,72.25,96.0
0.09484999999999999,72.25,96.0
0.09485555555555555,72.25,96.0
0.0948611111111111,72.25,96.0
0.09486666666666665,72.25,96.0
0.09487222222222223,72.25,96.0
0.09487777777777778,72.25,96.0
0.09488333333333333,72.25,96.0
0.0948888888888889,72.25,96.0
0.09489444444444445,72.25,96.0
0.0949,72.25,96.0
0.09490555555555556,72.25,96.0
0.09491111111111111,72.25,96.0
0.09491666666666666,72.25,96.0
0.09492222222222223,72.25,96.0
0.09492777777777778,72.25,96.0
0.09493333333333333,72.25,96.0
0.09493888888888888,72.22,96.0
0.09494444444444444,72.22,96.0
0.09494999999999999,72.22,96.0
0.09495555555555554,72.22,96.0
0.09496111111111112,72.22,96.0
0.09496666666666667,72.22,96.0
0.09497222222222222,72.22,96.0
0.09497777777777779,72.22,96.0
0.09498333333333334,72.22,96.0
0.09498888888888889,72.22,96.0
0.09499444444444445,72.22,96.0
0.095,72.22,96.0
0.09500555555555555,72.22,96.0
0.09501111111111112,72.22,96.0
0.09501666666666667,72.22,96.0
0.09502222222222222,72.22,96.0
0.09502777777777778,72.22,96.0
0.09503333333333333,72.22,96.0
0.09503888888888888,72.22,96.0
0.09504444444444445,72.22,96.0
0.09505,72.22,96.0
0.09505555555555555,72.22,96.0
0.09506111111111112,72.22,96.0
0.09506666666666667,72.22,96.0
0.09507222222222222,72.22,96.0
0.09507777777777777,72.22,96.0
0.09508333333333334,72.22,96.0
0.09508888888888889,72.22,96.0
0.09509444444444444,72.22,96.0
0.0951,72.22,96.0
0.09510555555555555,72.22,96.0
0.0951111111111111,72.22,96.0
0.09511666666666667,72.22,96.0
0.09512222222222222,72.22,96.0
0.09512777777777777,72.22,96.0
0.09513333333333333,72.22,96.0
0.09513888888888888,72.22,96.0
0.09514444444444443,72.22,96.0
0.09515000000000001,72.22,96.0
0.09515555555555556,72.22,96.0
0.09516111111111111,72.22,96.0
0.09516666666666668,72.22,96.0
0.09517222222222223,72.22,96.0
0.09517777777777778,72.22,96.0
0.09518333333333334,72.22,96.0
0.09518888888888889,72.22,96.0
0.09519444444444444,72.22,96.0
0.0952,72.22,96.0
0.09520555555555556,72.22,96.0
0.09521111111111111,72.22,96.0
0.09521666666666666,72.22,96.0
0.09522222222222222,72.22,96.0
0.09522777777777777,72.22,96.0
0.09523333333333332,72.22,96.0
0.09523888888888889,72.22,96.0
0.09524444444444444,72.22,96.0
0.09524999999999999,72.22,96.0
0.09525555555555557,72.22,96.0
0.09526111111111112,72.22,96.0
0.09526666666666667,72.22,96.0
0.09527222222222223,72.22,96.0
0.09527777777777778,72.22,96.0
0.09528333333333333,72.22,96.0
0.0952888888888889,72.22,96.0
0.09529444444444445,72.22,96.0
0.0953,72.22,96.0
0.09530555555555556,72.22,96.0
0.09531111111111111,72.22,96.0
0.09531666666666666,72.22,96.0
0.09532222222222222,72.22,96.0
0.09532777777777778,72.22,96.0
0.09533333333333333,72.22,96.0
0.09533888888888889,72.22,96.0
0.09534444444444445,72.22,96.0
0.09535,72.22,96.0
0.09535555555555555,72.22,96.0
0.09536111111111112,72.22,96.0
0.09536666666666667,72.22,96.0
0.09537222222222222,72.22,96.0
0.09537777777777778,72.22,96.0
0.09538333333333333,72.22,96.0
0.09538888888888888,72.22,96.0
0.09539444444444445,72.22,96.0
0.0954,72.22,96.0
0.09540555555555555,72.24,96.0
0.09541111111111111,72.24,96.0
0.09541666666666666,72.24,96.0
0.09542222222222221,72.24,96.0
0.09542777777777778,72.24,96.0
0.09543333333333333,72.24,96.0
0.09543888888888888,72.24,96.0
0.09544444444444446,72.24,96.0
0.09545000000000001,72.24,96.0
0.09545555555555556,72.24,96.0
0.09546111111111112,72.24,96.0
0.09546666666666667,72.24,96.0
0.09547222222222222,72.24,96.0
0.09547777777777779,72.24,96.0
0.09548333333333334,72.24,96.0
0.09548888888888889,72.24,96.0
0.09549444444444444,72.24,96.0
0.0955,72.24,96.0
0.09550555555555555,72.24,96.0
0.0955111111111111,72.24,96.0
0.09551666666666667,72.24,96.0
0.09552222222222222,72.24,96.0
0.09552777777777777,72.24,96.0
0.09553333333333333,72.24,96.0
0.09553888888888888,72.24,96.0
0.09554444444444443,72.24,96.0
0.09555000000000001,72.24,96.0
0.09555555555555556,72.24,96.0
0.09556111111111111,72.24,96.0
0.09556666666666667,72.24,96.0
0.09557222222222223,72.24,96.0
0.09557777777777778,72.24,96.0
0.09558333333333334,72.24,96.0
0.09558888888888889,72.24,96.0
0.09559444444444444,72.24,96.0
0.0956,72.24,96.0
0.09560555555555555,72.24,96.0
0.0956111111111111,72.24,96.0
0.09561666666666667,72.24,96.0
0.09562222222222222,72.24,96.0
0.09562777777777777,72.24,96.0
0.09563333333333332,72.24,96.0
0.0956388888888889,72.26,96.0
0.09564444444444445,72.26,96.0
0.09565,72.26,96.0
0.09565555555555556,72.26,96.0
0.09566111111111111,72.26,96.0
0.09566666666666666,72.26,96.0
0.09567222222222223,72.26,96.0
0.09567777777777778,72.26,96.0
0.09568333333333333,72.26,96.0
0.09568888888888889,72.26,96.0
0.09569444444444444,72.26,96.0
0.0957,72.26,96.0
0.09570555555555556,72.26,96.0
0.09571111111111111,72.26,96.0
0.09571666666666666,72.26,96.0
0.09572222222222222,72.26,96.0
0.09572777777777777,72.26,96.0
0.09573333333333332,72.26,96.0
0.0957388888888889,72.26,96.0
0.09574444444444445,72.26,96.0
0.09575,72.26,96.0
0.09575555555555557,72.26,96.0
0.09576111111111112,72.26,96.0
0.09576666666666667,72.26,96.0
0.09577222222222222,72.26,96.0
0.09577777777777778,72.26,96.0
0.09578333333333333,72.26,96.0
0.09578888888888888,72.26,96.0
0.09579444444444445,72.26,96.0
0.0958,72.26,96.0
0.09580555555555555,72.26,96.0
0.09581111111111111,72.26,96.0
0.09581666666666666,72.26,96.0
0.09582222222222221,72.26,96.0
0.09582777777777779,72.26,96.0
0.09583333333333334,72.26,96.0
0.09583888888888889,72.26,96.0
0.09584444444444445,72.26,96.0
0.09585,72.26,96.0
0.09585555555555555,72.26,96.0
0.09586111111111112,72.26,96.0
0.09586666666666667,72.26,96.0
0.09587222222222222,72.24,96.0
0.09587777777777778,72.24,96.0
0.09588333333333333,72.24,96.0
0.09588888888888888,72.24,96.0
0.09589444444444445,72.24,96.0
0.0959,72.24,96.0
0.09590555555555555,72.24,96.0
0.0959111111111111,72.24,96.0
0.09591666666666666,72.24,96.0
0.09592222222222221,72.24,96.0
0.09592777777777776,72.24,96.0
0.09593333333333334,72.24,96.0
0.09593888888888889,72.24,96.0
0.09594444444444444,72.24,96.0
0.09595000000000001,72.24,96.0
0.09595555555555556,72.24,96.0
0.09596111111111111,72.24,96.0
0.09596666666666667,72.24,96.0
0.09597222222222222,72.24,96.0
0.09597777777777777,72.24,96.0
0.09598333333333334,72.24,96.0
0.09598888888888889,72.24,96.0
0.09599444444444444,72.24,96.0
0.096,72.24,96.0
0.09600555555555555,72.24,96.0
0.0960111111111111,72.24,96.0
0.09601666666666667,72.24,96.0
0.09602222222222223,72.24,96.0
0.09602777777777778,72.24,96.0
0.09603333333333335,72.24,96.0
0.0960388888888889,72.24,96.0
0.09604444444444445,72.24,96.0
0.09605,72.24,96.0
0.09605555555555556,72.24,96.0
0.09606111111111111,72.24,96.0
0.09606666666666666,72.24,96.0
0.09607222222222223,72.24,96.0
0.09607777777777778,72.24,96.0
0.09608333333333333,72.24,96.0
0.09608888888888889,72.24,96.0
0.09609444444444444,72.24,96.0
0.09609999999999999,72.24,96.0
0.09610555555555556,72.22,96.0
0.0961111111111111,72.22,96.0
0.09611666666666666,72.22,96.0
0.09612222222222223,72.22,96.0
0.09612777777777778,72.22,96.0
0.09613333333333333,72.22,96.0
0.0961388888888889,72.22,96.0
0.09614444444444445,72.22,96.0
0.09615,72.22,96.0
0.09615555555555556,72.22,96.0
0.09616111111111111,72.22,96.0
0.09616666666666666,72.22,96.0
0.09617222222222223,72.22,96.0
0.09617777777777778,72.22,96.0
0.09618333333333333,72.22,96.0
0.09618888888888888,72.22,96.0
0.09619444444444444,72.22,96.0
0.0962,72.22,96.0
0.09620555555555554,72.22,96.0
0.09621111111111111,72.22,96.0
0.09621666666666666,72.22,96.0
0.09622222222222221,72.22,96.0
0.09622777777777779,72.22,96.0
0.09623333333333334,72.22,96.0
0.09623888888888889,72.22,96.0
0.09624444444444445,72.22,96.0
0.09625,72.22,96.0
0.09625555555555555,72.22,96.0
0.09626111111111112,72.22,96.0
0.09626666666666667,72.22,96.0
0.09627222222222222,72.22,96.0
0.09627777777777778,72.22,96.0
0.09628333333333333,72.22,96.0
0.09628888888888888,72.22,96.0
0.09629444444444445,72.22,96.0
0.0963,72.22,96.0
0.09630555555555555,72.22,96.0
0.09631111111111113,72.22,96.0
0.09631666666666668,72.22,96.0
0.09632222222222223,72.22,96.0
0.09632777777777778,72.22,96.0
0.09633333333333334,72.22,96.0
0.09633888888888889,72.23,96.0
0.09634444444444444,72.23,96.0
0.09635,72.23,96.0
0.09635555555555556,72.23,96.0
0.0963611111111111,72.23,96.0
0.09636666666666667,72.23,96.0
0.09637222222222222,72.23,96.0
0.09637777777777777,72.23,96.0
0.09638333333333333,72.23,96.0
0.09638888888888889,72.23,96.0
0.09639444444444444,72.23,96.0
0.0964,72.23,96.0
0.09640555555555555,72.23,96.0
0.0964111111111111,72.23,96.0
0.09641666666666668,72.23,96.0
0.09642222222222223,72.23,96.0
0.09642777777777778,72.23,96.0
0.09643333333333334,72.23,96.0
0.0964388888888889,72.23,96.0
0.09644444444444444,72.23,96.0
0.09645000000000001,72.23,96.0
0.09645555555555556,72.23,96.0
0.09646111111111111,72.23,96.0
0.09646666666666666,72.23,96.0
0.09647222222222222,72.23,96.0
0.09647777777777777,72.23,96.0
0.09648333333333332,72.23,96.0
0.09648888888888889,72.23,96.0
0.09649444444444444,72.23,96.0
0.09649999999999999,72.23,96.0
0.09650555555555557,72.23,96.0
0.09651111111111112,72.23,96.0
0.09651666666666667,72.23,96.0
0.09652222222222223,72.23,96.0
0.09652777777777778,72.23,96.0
0.09653333333333333,72.23,96.0
0.0965388888888889,72.23,96.0
0.09654444444444445,72.23,96.0
0.09655,72.23,96.0
0.09655555555555556,72.23,96.0
0.09656111111111111,72.23,96.0
0.09656666666666666,72.23,96.0
0.09657222222222223,72.25,96.0
0.09657777777777778,72.25,96.0
0.09658333333333333,72.25,96.0
0.09658888888888889,72.25,96.0
0.09659444444444444,72.25,96.0
0.09659999999999999,72.25,96.0
0.09660555555555554,72.25,96.0
0.09661111111111112,72.25,96.0
0.09661666666666667,72.25,96.0
0.09662222222222222,72.25,96.0
0.09662777777777778,72.25,96.0
0.09663333333333333,72.25,96.0
0.09663888888888889,72.25,96.0
0.09664444444444445,72.25,96.0
0.09665,72.25,96.0
0.09665555555555555,72.25,96.0
0.09666111111111111,72.25,96.0
0.09666666666666666,72.25,96.0
0.09667222222222221,72.25,96.0
0.09667777777777778,72.25,96.0
0.09668333333333333,72.25,96.0
0.09668888888888888,72.25,96.0
0.09669444444444444,72.25,96.0
0.09670000000000001,72.25,96.0
0.09670555555555556,72.25,96.0
0.09671111111111112,72.25,96.0
0.09671666666666667,72.25,96.0
0.09672222222222222,72.25,96.0
0.09672777777777779,72.25,96.0
0.09673333333333334,72.25,96.0
0.09673888888888889,72.25,96.0
0.09674444444444444,72.25,96.0
0.09675,72.25,96.0
0.09675555555555555,72.25,96.0
0.0967611111111111,72.25,96.0
0.09676666666666667,72.25,96.0
0.09677222222222222,72.25,96.0
0.09677777777777777,72.25,96.0
0.09678333333333333,72.25,96.0
0.09678888888888888,72.25,96.0
0.09679444444444443,72.25,96.0
0.09680000000000001,72.25,96.0
0.09680555555555556,72.25,96.0
0.09681111111111111,72.25,96.0
0.09681666666666668,72.25,96.0
0.09682222222222223,72.25,96.0
0.09682777777777778,72.25,96.0
0.09683333333333334,72.25,96.0
0.09683888888888889,72.25,96.0
0.09684444444444444,72.25,96.0
0.09685,72.25,96.0
0.09685555555555556,72.25,96.0
0.0968611111111111,72.25,96.0
0.09686666666666667,72.25,96.0
0.09687222222222222,72.25,96.0
0.09687777777777777,72.25,96.0
0.09688333333333332,72.25,96.0
0.09688888888888889,72.25,96.0
0.09689444444444444,72.25,96.0
0.09689999999999999,72.25,96.0
0.09690555555555556,72.25,96.0
0.09691111111111111,72.25,96.0
0.09691666666666666,72.25,96.0
0.09692222222222223,72.25,96.0
0.09692777777777778,72.25,96.0
0.09693333333333333,72.25,96.0
0.0969388888888889,72.25,96.0
0.09694444444444444,72.25,96.0
0.09695,72.25,96.0
0.09695555555555556,72.25,96.0
0.09696111111111111,72.25,96.0
0.09696666666666666,72.25,96.0
0.09697222222222222,72.25,96.0
0.09697777777777777,72.25,96.0
0.09698333333333332,72.25,96.0
0.0969888888888889,72.25,96.0
0.09699444444444445,72.25,96.0
0.097,72.25,96.0
0.09700555555555557,72.25,96.0
0.09701111111111112,72.25,96.0
0.09701666666666667,72.25,96.0
0.09702222222222222,72.25,96.0
0.09702777777777778,72.25,96.0
0.09703333333333333,72.25,96.0
0.09703888888888888,72.23,96.0
0.09704444444444445,72.23,96.0
0.09705,72.23,96.0
0.09705555555555555,72.23,96.0
0.09706111111111111,72.23,96.0
0.09706666666666666,72.23,96.0
0.09707222222222221,72.23,96.0
0.09707777777777778,72.23,96.0
0.09708333333333333,72.23,96.0
0.09708888888888888,72.23,96.0
0.09709444444444446,72.23,96.0
0.0971,72.23,96.0
0.09710555555555556,72.23,96.0
0.09711111111111112,72.23,96.0
0.09711666666666667,72.23,96.0
0.09712222222222222,72.23,96.0
0.09712777777777779,72.23,96.0
0.09713333333333334,72.23,96.0
0.09713888888888889,72.23,96.0
0.09714444444444445,72.23,96.0
0.09715,72.23,96.0
0.09715555555555555,72.23,96.0
0.0971611111111111,72.23,96.0
0.09716666666666667,72.23,96.0
0.09717222222222222,72.23,96.0
0.09717777777777777,72.23,96.0
0.09718333333333334,72.23,96.0
0.0971888888888889,72.23,96.0
0.09719444444444444,72.23,96.0
0.09720000000000001,72.23,96.0
0.09720555555555556,72.23,96.0
0.09721111111111111,72.23,96.0
0.09721666666666667,72.23,96.0
0.09722222222222222,72.23,96.0
0.09722777777777777,72.23,96.0
0.09723333333333334,72.23,96.0
0.09723888888888889,72.23,96.0
0.09724444444444444,72.23,96.0
0.09725,72.23,96.0
0.09725555555555555,72.23,96.0
0.0972611111111111,72.23,96.0
0.09726666666666667,72.23,96.0
0.09727222222222222,72.22,96.0
0.09727777777777777,72.22,96.0
0.09728333333333335,72.22,96.0
0.0972888888888889,72.22,96.0
0.09729444444444445,72.22,96.0
0.0973,72.22,96.0
0.09730555555555556,72.22,96.0
0.09731111111111111,72.22,96.0
0.09731666666666666,72.22,96.0
0.09732222222222223,72.22,96.0
0.09732777777777778,72.22,96.0
0.09733333333333333,72.22,96.0
0.09733888888888889,72.22,96.0
0.09734444444444444,72.22,96.0
0.09734999999999999,72.22,96.0
0.09735555555555556,72.22,96.0
0.0973611111111111,72.22,96.0
0.09736666666666666,72.22,96.0
0.09737222222222222,72.22,96.0
0.09737777777777779,72.22,96.0
0.09738333333333334,72.22,96.0
0.0973888888888889,72.22,96.0
0.09739444444444445,72.22,96.0
0.0974,72.22,96.0
0.09740555555555556,72.22,96.0
0.09741111111111111,72.22,96.0
0.09741666666666667,72.22,96.0
0.09742222222222223,72.22,96.0
0.09742777777777778,72.22,96.0
0.09743333333333333,72.22,96.0
0.09743888888888888,72.22,96.0
0.09744444444444444,72.22,96.0
0.09745,72.22,96.0
0.09745555555555555,72.22,96.0
0.09746111111111111,72.22,96.0
0.09746666666666666,72.22,96.0
0.09747222222222221,72.22,96.0
0.09747777777777779,72.22,96.0
0.09748333333333334,72.22,96.0
0.09748888888888889,72.22,96.0
0.09749444444444445,72.22,96.0
0.0975,72.22,96.0
0.09750555555555555,72.24,96.0
0.09751111111111112,72.24,96.0
0.09751666666666667,72.24,96.0
0.09752222222222222,72.24,96.0
0.09752777777777778,72.24,96.0
0.09753333333333333,72.24,96.0
0.09753888888888888,72.24,96.0
0.09754444444444445,72.24,96.0
0.09755,72.24,96.0
0.09755555555555555,72.24,96.0
0.09756111111111111,72.24,96.0
0.09756666666666666,72.24,96.0
0.09757222222222221,72.24,96.0
0.09757777777777776,72.24,96.0
0.09758333333333334,72.24,96.0
0.09758888888888889,72.24,96.0
0.09759444444444444,72.24,96.0
0.0976,72.24,96.0
0.09760555555555556,72.24,96.0
0.0976111111111111,72.24,96.0
0.09761666666666667,72.24,96.0
0.09762222222222222,72.24,96.0
0.09762777777777777,72.24,96.0
0.09763333333333334,72.24,96.0
0.09763888888888889,72.24,96.0
0.09764444444444444,72.24,96.0
0.09765,72.24,96.0
0.09765555555555555,72.24,96.0
0.0976611111111111,72.24,96.0
0.09766666666666668,72.24,96.0
0.09767222222222223,72.24,96.0
0.09767777777777778,72.24,96.0
0.09768333333333334,72.24,96.0
0.0976888888888889,72.24,96.0
0.09769444444444444,72.24,96.0
0.09770000000000001,72.24,96.0
0.09770555555555556,72.24,96.0
0.09771111111111111,72.24,96.0
0.09771666666666666,72.24,96.0
0.09772222222222222,72.24,96.0
0.09772777777777777,72.24,96.0
0.09773333333333332,72.24,96.0
0.09773888888888889,72.26,96.0
0.09774444444444444,72.26,96.0
0.09774999999999999,72.26,96.0
0.09775555555555555,72.26,96.0
0.0977611111111111,72.26,96.0
0.09776666666666665,72.26,96.0
0.09777222222222223,72.26,96.0
0.09777777777777778,72.26,96.0
0.09778333333333333,72.26,96.0
0.0977888888888889,72.26,96.0
0.09779444444444445,72.26,96.0
0.0978,72.26,96.0
0.09780555555555556,72.26,96.0
0.09781111111111111,72.26,96.0
0.09781666666666666,72.26,96.0
0.09782222222222223,72.26,96.0
0.09782777777777778,72.26,96.0
0.09783333333333333,72.26,96.0
0.09783888888888889,72.26,96.0
0.09784444444444444,72.26,96.0
0.09784999999999999,72.26,96.0
0.09785555555555554,72.26,96.0
0.09786111111111112,72.26,96.0
0.09786666666666667,72.26,96.0
0.09787222222222222,72.26,96.0
0.09787777777777779,72.26,96.0
0.09788333333333334,72.26,96.0
0.09788888888888889,72.26,96.0
0.09789444444444445,72.26,96.0
0.0979,72.26,96.0
0.09790555555555555,72.26,96.0
0.09791111111111112,72.26,96.0
0.09791666666666667,72.26,96.0
0.09792222222222222,72.26,96.0
0.09792777777777778,72.26,96.0
0.09793333333333333,72.26,96.0
0.09793888888888888,72.26,96.0
0.09794444444444445,72.26,96.0
0.09795,72.26,96.0
0.09795555555555555,72.26,96.0
0.09796111111111112,72.26,96.0
0.09796666666666667,72.26,96.0
0.09797222222222222,72.24,96.0
0.09797777777777779,72.24,96.0
0.09798333333333334,72.24,96.0
0.09798888888888889,72.24,96.0
0.09799444444444444,72.24,96.0
0.098,72.24,96.0
0.09800555555555555,72.24,96.0
0.0980111111111111,72.24,96.0
0.09801666666666667,72.24,96.0
0.09802222222222222,72.24,96.0
0.09802777777777777,72.24,96.0
0.09803333333333333,72.24,96.0
0.09803888888888888,72.24,96.0
0.09804444444444443,72.24,96.0
0.09805,72.24,96.0
0.09805555555555556,72.24,96.0
0.09806111111111111,72.24,96.0
0.09806666666666668,72.24,96.0
0.09807222222222223,72.24,96.0
0.09807777777777778,72.24,96.0
0.09808333333333334,72.24,96.0
0.09808888888888889,72.24,96.0
0.09809444444444444,72.24,96.0
0.0981,72.24,96.0
0.09810555555555556,72.24,96.0
0.09811111111111111,72.24,96.0
0.09811666666666667,72.24,96.0
0.09812222222222222,72.24,96.0
0.09812777777777777,72.24,96.0
0.09813333333333332,72.24,96.0
0.09813888888888889,72.24,96.0
0.09814444444444444,72.24,96.0
0.09814999999999999,72.24,96.0
0.09815555555555557,72.24,96.0
0.09816111111111112,72.24,96.0
0.09816666666666667,72.24,96.0
0.09817222222222223,72.24,96.0
0.09817777777777778,72.24,96.0
0.09818333333333333,72.24,96.0
0.0981888888888889,72.24,96.0
0.09819444444444445,72.24,96.0
0.0982,72.24,96.0
0.09820555555555556,72.22,96.0
0.09821111111111111,72.22,96.0
0.09821666666666666,72.22,96.0
0.09822222222222222,72.22,96.0
0.09822777777777777,72.22,96.0
0.09823333333333333,72.22,96.0
0.09823888888888889,72.22,96.0
0.09824444444444444,72.22,96.0
0.09824999999999999,72.22,96.0
0.09825555555555557,72.22,96.0
0.09826111111111112,72.22,96.0
0.09826666666666667,72.22,96.0
0.09827222222222222,72.22,96.0
0.09827777777777778,72.22,96.0
0.09828333333333333,72.22,96.0
0.09828888888888888,72.22,96.0
0.09829444444444445,72.22,96.0
0.0983,72.22,96.0
0.09830555555555555,72.22,96.0
0.09831111111111111,72.22,96.0
0.09831666666666666,72.22,96.0
0.09832222222222221,72.22,96.0
0.09832777777777778,72.22,96.0
0.09833333333333333,72.22,96.0
0.09833888888888888,72.22,96.0
0.09834444444444446,72.22,96.0
0.09835,72.22,96.0
0.09835555555555556,72.22,96.0
0.09836111111111112,72.22,96.0
0.09836666666666667,72.22,96.0
0.09837222222222222,72.22,96.0
0.09837777777777779,72.22,96.0
0.09838333333333334,72.22,96.0
0.09838888888888889,72.22,96.0
0.09839444444444445,72.22,96.0
0.0984,72.22,96.0
0.09840555555555555,72.22,96.0
0.0984111111111111,72.22,96.0
0.09841666666666667,72.22,96.0
0.09842222222222222,72.22,96.0
0.09842777777777777,72.22,96.0
0.09843333333333333,72.22,96.0
0.09843888888888888,72.23,96.0
0.09844444444444443,72.23,96.0
0.09845000000000001,72.23,96.0
0.09845555555555556,72.23,96.0
0.09846111111111111,72.23,96.0
0.09846666666666667,72.23,96.0
0.09847222222222222,72.23,96.0
0.09847777777777778,72.23,96.0
0.09848333333333334,72.23,96.0
0.09848888888888889,72.23,96.0
0.09849444444444444,72.23,96.0
0.0985,72.23,96.0
0.09850555555555555,72.23,96.0
0.0985111111111111,72.23,96.0
0.09851666666666667,72.23,96.0
0.09852222222222222,72.23,96.0
0.09852777777777777,72.23,96.0
0.09853333333333335,72.23,96.0
0.0985388888888889,72.23,96.0
0.09854444444444445,72.23,96.0
0.09855,72.23,96.0
0.09855555555555556,72.23,96.0
0.09856111111111111,72.23,96.0
0.09856666666666666,72.23,96.0
0.09857222222222223,72.23,96.0
0.09857777777777778,72.23,96.0
0.09858333333333333,72.23,96.0
0.09858888888888889,72.23,96.0
0.09859444444444444,72.23,96.0
0.0986,72.23,96.0
0.09860555555555556,72.23,96.0
0.09861111111111111,72.23,96.0
0.09861666666666666,72.23,96.0
0.09862222222222222,72.23,96.0
0.09862777777777777,72.23,96.0
0.09863333333333332,72.23,96.0
0.0986388888888889,72.23,96.0
0.09864444444444445,72.23,96.0
0.09865,72.23,96.0
0.09865555555555557,72.23,96.0
0.09866111111111112,72.23,96.0
0.09866666666666667,72.23,96.0
0.09867222222222223,72.26,96.0
0.09867777777777778,72.26,96.0
0.09868333333333333,72.26,96.0
0.09868888888888888,72.26,96.0
0.09869444444444445,72.26,96.0
0.0987,72.26,96.0
0.09870555555555555,72.26,96.0
0.09871111111111111,72.26,96.0
0.09871666666666666,72.26,96.0
0.09872222222222221,72.26,96.0
0.09872777777777778,72.26,96.0
0.09873333333333334,72.26,96.0
0.09873888888888889,72.26,96.0
0.09874444444444445,72.26,96.0
0.09875,72.26,96.0
0.09875555555555555,72.26,96.0
0.09876111111111112,72.26,96.0
0.09876666666666667,72.26,96.0
0.09877222222222222,72.26,96.0
0.09877777777777778,72.26,96.0
0.09878333333333333,72.26,96.0
0.09878888888888888,72.26,96.0
0.09879444444444445,72.26,96.0
0.0988,72.26,96.0
0.09880555555555555,72.26,96.0
0.09881111111111111,72.26,96.0
0.09881666666666666,72.26,96.0
0.09882222222222221,72.26,96.0
0.09882777777777776,72.26,96.0
0.09883333333333334,72.26,96.0
0.09883888888888889,72.26,96.0
0.09884444444444444,72.26,96.0
0.09885000000000001,72.26,96.0
0.09885555555555556,72.26,96.0
0.09886111111111111,72.26,96.0
0.09886666666666667,72.26,96.0
0.09887222222222222,72.26,96.0
0.09887777777777777,72.26,96.0
0.09888333333333334,72.26,96.0
0.09888888888888889,72.26,96.0
0.09889444444444444,72.26,96.0
0.0989,72.26,96.0
0.09890555555555555,72.25,96.0
0.0989111111111111,72.25,96.0
0.09891666666666667,72.25,96.0
0.09892222222222222,72.25,96.0
0.09892777777777777,72.25,96.0
0.09893333333333335,72.25,96.0
0.0989388888888889,72.25,96.0
0.09894444444444445,72.25,96.0
0.09895000000000001,72.25,96.0
0.09895555555555556,72.25,96.0
0.09896111111111111,72.25,96.0
0.09896666666666666,72.25,96.0
0.09897222222222223,72.25,96.0
0.09897777777777778,72.25,96.0
0.09898333333333333,72.25,96.0
0.09898888888888889,72.25,96.0
0.09899444444444444,72.25,96.0
0.09899999999999999,72.25,96.0
0.09900555555555555,72.25,96.0
0.0990111111111111,72.25,96.0
0.09901666666666666,72.25,96.0
0.09902222222222223,72.25,96.0
0.09902777777777778,72.25,96.0
0.09903333333333333,72.25,96.0
0.0990388888888889,72.25,96.0
0.09904444444444445,72.25,96.0
0.09905,72.25,96.0
0.09905555555555556,72.25,96.0
0.09906111111111111,72.25,96.0
0.09906666666666666,72.25,96.0
0.09907222222222223,72.25,96.0
0.09907777777777778,72.25,96.0
0.09908333333333333,72.25,96.0
0.09908888888888889,72.25,96.0
0.09909444444444444,72.25,96.0
0.0991,72.25,96.0
0.09910555555555554,72.25,96.0
0.09911111111111111,72.25,96.0
0.09911666666666666,72.25,96.0
0.09912222222222221,72.25,96.0
0.09912777777777779,72.25,96.0
0.09913333333333334,72.25,96.0
0.09913888888888889,72.23,96.0
0.09914444444444445,72.23,96.0
0.09915,72.23,96.0
0.09915555555555555,72.23,96.0
0.09916111111111112,72.23,96.0
0.09916666666666667,72.23,96.0
0.09917222222222222,72.23,96.0
0.09917777777777778,72.23,96.0
0.09918333333333333,72.23,96.0
0.09918888888888888,72.23,96.0
0.09919444444444445,72.23,96.0
0.0992,72.23,96.0
0.09920555555555555,72.23,96.0
0.09921111111111112,72.23,96.0
0.09921666666666668,72.23,96.0
0.09922222222222223,72.23,96.0
0.09922777777777779,72.23,96.0
0.09923333333333334,72.23,96.0
0.09923888888888889,72.23,96.0
0.09924444444444444,72.23,96.0
0.09925,72.23,96.0
0.09925555555555556,72.23,96.0
0.0992611111111111,72.23,96.0
0.09926666666666667,72.23,96.0
0.09927222222222222,72.23,96.0
0.09927777777777777,72.23,96.0
0.09928333333333333,72.23,96.0
0.09928888888888888,72.23,96.0
0.09929444444444444,72.23,96.0
0.0993,72.23,96.0
0.09930555555555555,72.23,96.0
0.0993111111111111,72.23,96.0
0.09931666666666668,72.23,96.0
0.09932222222222223,72.23,96.0
0.09932777777777778,72.23,96.0
0.09933333333333334,72.23,96.0
0.0993388888888889,72.23,96.0
0.09934444444444444,72.23,96.0
0.09935000000000001,72.23,96.0
0.09935555555555556,72.23,96.0
0.09936111111111111,72.23,96.0
0.09936666666666667,72.23,96.0
0.09937222222222222,72.22,96.0
0.09937777777777777,72.22,96.0
0.09938333333333332,72.22,96.0
0.09938888888888889,72.22,96.0
0.09939444444444444,72.22,96.0
0.09939999999999999,72.22,96.0
0.09940555555555555,72.22,96.0
0.09941111111111112,72.22,96.0
0.09941666666666667,72.22,96.0
0.09942222222222223,72.22,96.0
0.09942777777777778,72.22,96.0
0.09943333333333333,72.22,96.0
0.0994388888888889,72.22,96.0
0.09944444444444445,72.22,96.0
0.09945,72.22,96.0
0.09945555555555556,72.22,96.0
0.09946111111111111,72.22,96.0
0.09946666666666666,72.22,96.0
0.09947222222222223,72.22,96.0
0.09947777777777778,72.22,96.0
0.09948333333333333,72.22,96.0
0.09948888888888889,72.22,96.0
0.09949444444444444,72.22,96.0
0.09949999999999999,72.22,96.0
0.09950555555555557,72.22,96.0
0.09951111111111112,72.22,96.0
0.09951666666666667,72.22,96.0
0.09952222222222222,72.22,96.0
0.09952777777777778,72.22,96.0
0.09953333333333333,72.22,96.0
0.09953888888888889,72.22,96.0
0.09954444444444445,72.22,96.0
0.09955,72.22,96.0
0.09955555555555555,72.22,96.0
0.09956111111111111,72.22,96.0
0.09956666666666666,72.22,96.0
0.09957222222222221,72.22,96.0
0.09957777777777778,72.22,96.0
0.09958333333333333,72.22,96.0
0.09958888888888888,72.22,96.0
0.09959444444444444,72.22,96.0
0.0996,72.22,96.0
0.09960555555555554,72.25,96.0
0.09961111111111112,72.25,96.0
0.09961666666666667,72.25,96.0
0.09962222222222222,72.25,96.0
0.09962777777777779,72.25,96.0
0.09963333333333334,72.25,96.0
0.09963888888888889,72.25,96.0
0.09964444444444445,72.25,96.0
0.09965,72.25,96.0
0.09965555555555555,72.25,96.0
0.0996611111111111,72.25,96.0
0.09966666666666667,72.25,96.0
0.09967222222222222,72.25,96.0
0.09967777777777777,72.25,96.0
0.09968333333333333,72.25,96.0
0.09968888888888888,72.25,96.0
0.09969444444444443,72.25,96.0
0.09970000000000001,72.25,96.0
0.09970555555555556,72.25,96.0
0.09971111111111111,72.25,96.0
0.09971666666666668,72.25,96.0
0.09972222222222223,72.25,96.0
0.09972777777777778,72.25,96.0
0.09973333333333334,72.25,96.0
0.09973888888888889,72.25,96.0
0.09974444444444444,72.25,96.0
0.09975,72.25,96.0
0.09975555555555556,72.25,96.0
0.0997611111111111,72.25,96.0
0.09976666666666667,72.25,96.0
0.09977222222222222,72.25,96.0
0.09977777777777777,72.25,96.0
0.09978333333333333,72.25,96.0
0.09978888888888889,72.25,96.0
0.09979444444444444,72.25,96.0
0.09979999999999999,72.25,96.0
0.09980555555555556,72.25,96.0
0.09981111111111111,72.25,96.0
0.09981666666666666,72.25,96.0
0.09982222222222223,72.25,96.0
0.09982777777777778,72.25,96.0
0.09983333333333333,72.25,96.0
0.0998388888888889,72.26,96.0
0.09984444444444444,72.26,96.0
0.09985,72.26,96.0
0.09985555555555556,72.26,96.0
0.09986111111111111,72.26,96.0
0.09986666666666666,72.26,96.0
0.09987222222222222,72.26,96.0
0.09987777777777777,72.26,96.0
0.09988333333333332,72.26,96.0
0.0998888888888889,72.26,96.0
0.09989444444444445,72.26,96.0
0.0999,72.26,96.0
0.09990555555555557,72.26,96.0
0.09991111111111112,72.26,96.0
0.09991666666666667,72.26,96.0
0.09992222222222223,72.26,96.0
0.09992777777777778,72.26,96.0
0.09993333333333333,72.26,96.0
0.09993888888888888,72.26,96.0
0.09994444444444445,72.26,96.0
0.09995,72.26,96.0
0.09995555555555555,72.26,96.0
0.09996111111111111,72.26,96.0
0.09996666666666666,72.26,96.0
0.09997222222222221,72.26,96.0
0.09997777777777778,72.26,96.0
0.09998333333333333,72.26,96.0
0.09998888888888888,72.26,96.0
0.09999444444444446,72.26,96.0
0.1,72.26,96.0
0.10000555555555556,72.26,96.0
